Report Number,Local Case Number,Agency Name,ACRS Report Type,Crash Date/Time,Collision Type,Person ID,Driver At Fault,Injury Severity,Circumstance,Driver Distracted By,Drivers License State,Vehicle ID,Vehicle Damage Extent,Vehicle First Impact Location,Vehicle Body Type,Vehicle Movement,Vehicle Going Dir,Speed Limit,Vehicle Year,Vehicle Make
MCP3245004L,23066100,Montgomery County Police,Injury Crash,11/13/2023 14:53,SAME DIRECTION LEFT TURN,BAA7C04B-2CDC-45CF-97EF-78DF3F0B541D,Yes,POSSIBLE INJURY,N/A,LOOKED BUT DID NOT SEE,MD,BE4AC906-6BF7-458F-8317-CD5918436F41,DISABLING,TWELVE OCLOCK,PASSENGER CAR,MAKING LEFT TURN,North,35,2019,KIA
MCP20390091,230056633,Montgomery County Police,Property Damage Crash,9/24/2023 14:14,SAME DIR REAR END,AA05E61F-E788-46B2-B76A-A7C776D25387,Yes,NO APPARENT INJURY,"RAIN, SNOW, WET",NOT DISTRACTED,MD,12B3E9CE-9A0A-49A2-8B5C-DA9A68DAAD82,DESTROYED,TWELVE OCLOCK,PASSENGER CAR,SLOWING OR STOPPING,West,35,2006,VOLKSWA
MCP31680065,230069379,Montgomery County Police,Injury Crash,12/1/2023 19:27,SAME DIR REAR END,2C83DB4B-F751-441E-AFD7-AF6182C982A1,Yes,POSSIBLE INJURY,"SLEET, HAIL, FREEZ. RAIN, WET",LOOKED BUT DID NOT SEE,MD,877D7B02-0680-4FC7-B518-022C453C335E,DISABLING,TWELVE OCLOCK,PASSENGER CAR,MOVING CONSTANT SPEED,West,35,2015,VOLK
MCP2203007W,230072570,Montgomery County Police,Property Damage Crash,12/19/2023 14:05,SAME DIR REAR END,43898509-64B6-4C3D-BC7B-52A8C34BD8C8,No,NO APPARENT INJURY,N/A,NOT DISTRACTED,MD,1E1B681A-2A1A-422F-84AE-1BAD11701D1A,FUNCTIONAL,SIX OCLOCK,PASSENGER CAR,STOPPED IN TRAFFIC LANE,North,25,2006,LEXUS
MCP32330049,230067634,Montgomery County Police,Injury Crash,11/21/2023 14:31,SAME DIR REAR END,EFB5F9CC-D841-4BF1-AFB7-E64F624494E4,Yes,NO APPARENT INJURY,"RAIN, SNOW, WET",INATTENTIVE OR LOST IN THOUGHT,MD,AF71F928-0D5F-47FC-ACDF-DB53C24242B0,DISABLING,TWELVE OCLOCK,PASSENGER CAR,MOVING CONSTANT SPEED,South,45,2020,HYUNDAI
MCP2760000G,15007928,Montgomery County Police,Property Damage Crash,2/18/2015 1:30,SINGLE VEHICLE,CEA7F199-ECDB-4E6C-80ED-C17C52CA0ADE,Yes,NO APPARENT INJURY,N/A,NOT DISTRACTED,MD,14E1C9D6-455C-422B-91D3-5875CDCDBA30,DISABLING,TWELVE OCLOCK,"OTHER LIGHT TRUCKS (10,000LBS (4,536KG) OR LESS)",ACCELERATING,East,30,1999,HONDA
HA24850013,23002149,Maryland-National Capital,Property Damage Crash,11/7/2023 11:08,SINGLE VEHICLE,1C28B337-33A3-4CAF-8266-26346C3793B6,Yes,NO APPARENT INJURY,N/A,UNKNOWN,MD,3D0F2D8E-30BB-4903-88F0-9B098E87A217,FUNCTIONAL,ONE OCLOCK,PASSENGER CAR,MAKING RIGHT TURN,West,25,2018,TOYT
MCP2899006T,230058408,Montgomery County Police,Property Damage Crash,10/4/2023 2:29,SINGLE VEHICLE,12988703-B0B5-4A02-A096-5964DC6142CA,Yes,NO APPARENT INJURY,N/A,UNKNOWN,,8CD93BAF-F7DC-4327-9DA7-CACE92F94141,DESTROYED,TWELVE OCLOCK,PASSENGER CAR,MOVING CONSTANT SPEED,North,35,2020,HYUNDAI
EJ786600D3,230065213,Gaithersburg Police Depar,Property Damage Crash,11/8/2023 17:44,HEAD ON LEFT TURN,478D25FC-9AD3-46AA-8835-053899150977,No,NO APPARENT INJURY,N/A,NOT DISTRACTED,MD,528B33C5-93B1-481F-B7B3-8551E9BBE59D,DISABLING,TWELVE OCLOCK,POLICE VEHICLE/EMERGENCY,MOVING CONSTANT SPEED,East,50,2007,FERRARI
MCP285900DV,230053967,Montgomery County Police,Injury Crash,9/9/2023 13:30,SINGLE VEHICLE,2DD8D25B-8FAF-4C61-88C1-37B05177F154,Yes,POSSIBLE INJURY,N/A,UNKNOWN,MD,DE483165-C6CE-493C-84D0-681CDE9326EB,DESTROYED,TWELVE OCLOCK,PASSENGER CAR,MOVING CONSTANT SPEED,East,10,2023,BMW
EJ786600CF,230048254,Gaithersburg Police Depar,Injury Crash,8/7/2023 15:53,SAME DIR REND LEFT TURN,CF0E4AAC-3470-4FFD-87E1-78B98C7571A8,No,POSSIBLE INJURY,N/A,UNKNOWN,MD,D4E7A33C-59B2-47DB-8036-37A9863D61CF,SUPERFICIAL,SIX OCLOCK,PASSENGER CAR,MAKING LEFT TURN,West,30,2019,NISS
MCP32320042,230050432,Montgomery County Police,Injury Crash,8/20/2023 20:41,ANGLE MEETS LEFT HEAD ON,79CA0B8F-4A32-424B-8A51-5D783A95C010,Yes,POSSIBLE INJURY,N/A,UNKNOWN,,9AE86EA6-0F10-44E1-8FA1-009DB51D48D0,FUNCTIONAL,TWELVE OCLOCK,,UNKNOWN,East,35,0,UNKNOWN
MCP3348001G,230064644,Montgomery County Police,Injury Crash,11/6/2023 8:28,SAME DIR REAR END,B8F8104D-C70A-4145-97CF-05351C72829B,No,POSSIBLE INJURY,"BACKUP DUE TO REGULAR CONGESTION, N/A",NOT DISTRACTED,MD,AF4DEBFB-CC9D-4968-A66C-EA86A304D7D2,FUNCTIONAL,SIX OCLOCK,(SPORT) UTILITY VEHICLE,SLOWING OR STOPPING,West,40,2022,TOYT
MCP31600022,190042624,Montgomery County Police,Property Damage Crash,9/6/2019 19:00,SAME DIRECTION SIDESWIPE,D4BEEC99-2974-44F7-9AD2-C7A651F64C3B,No,NO APPARENT INJURY,N/A,NOT DISTRACTED,MD,EF4198BE-4A13-4532-82C6-9DE0EA2FF3E3,SUPERFICIAL,FIVE OCLOCK,PASSENGER CAR,MOVING CONSTANT SPEED,West,65,2018,CHEVROLET
MCP3200008W,230048573,Montgomery County Police,Property Damage Crash,8/9/2023 13:01,OTHER,4039BD04-00FB-47CB-A001-F1E36D44248A,Yes,NO APPARENT INJURY,N/A,UNKNOWN,NY,C0DD726F-B14D-4614-9CAF-C9417D1B5E5C,UNKNOWN,SIX OCLOCK,(SPORT) UTILITY VEHICLE,BACKING,Unknown,5,2018,TOYOTA
MCP2118001V,230071013,Montgomery County Police,Property Damage Crash,12/11/2023 5:00,SAME DIR REAR END,774354DC-9FBA-413E-9D05-404FDC7ECDB2,No,NO APPARENT INJURY,"ICY OR SNOW-COVERED, RAIN, SNOW",NOT DISTRACTED,XX,3A4A7B3C-4DE0-4732-A23A-A91950386A2A,N/A,SEVEN OCLOCK,TRUCK TRACTOR,MOVING CONSTANT SPEED,South,55,0,UNK
DD55830089,230054878,Rockville Police Departme,Injury Crash,9/14/2023 16:22,HEAD ON LEFT TURN,4A2BB00F-FE26-4471-B3AD-D6B16FA03B70,No,SUSPECTED SERIOUS INJURY,N/A,NOT DISTRACTED,MD,606E04EB-29BE-42D0-8103-42C70F0FC129,DISABLING,TWELVE OCLOCK,MOTORCYCLE,MOVING CONSTANT SPEED,South,40,2022,HONDA
MCP2923009Y,230057422,Montgomery County Police,Injury Crash,9/29/2023 7:18,SAME DIR REAR END,9CAF809F-96CC-4190-A325-414E3BF435A9,Yes,NO APPARENT INJURY,"N/A, WET",NOT DISTRACTED,MD,6D942614-B596-452C-9686-6A868C7795A0,NO DAMAGE,TWELVE OCLOCK,PASSENGER CAR,SLOWING OR STOPPING,South,40,2013,FORD
MCP3289002N,230058104,Montgomery County Police,Property Damage Crash,10/1/2023 2:11,SAME DIRECTION RIGHT TURN,75BC4D7B-ED99-4F30-B802-2647EF1EF9D6,Yes,NO APPARENT INJURY,N/A,UNKNOWN,,356069EB-4E9A-493A-9F5C-BB7DB94E50F0,SUPERFICIAL,ONE OCLOCK,PASSENGER CAR,MOVING CONSTANT SPEED,East,25,2013,TOYOTA
MCP2671003K,230056367,Montgomery County Police,Property Damage Crash,9/22/2023 19:30,SAME DIR REAR END,D81F4DDA-4E8F-4F1D-9C2A-0F89D1D81129,Yes,NO APPARENT INJURY,N/A,INATTENTIVE OR LOST IN THOUGHT,MD,62D85B82-7301-4154-A826-9E4BAD7DFCB6,SUPERFICIAL,TWELVE OCLOCK,PASSENGER CAR,SLOWING OR STOPPING,South,30,2018,HONDA
MCP28570042,230063714,Montgomery County Police,Property Damage Crash,11/1/2023 1:22,SINGLE VEHICLE,27FDB88D-12AD-49A2-BAC0-CE8CE45EC8C6,Yes,NO APPARENT INJURY,N/A,OTHER DISTRACTION,MD,73644333-CA92-483C-BD69-B8CB4BBA2419,DISABLING,TWELVE OCLOCK,PASSENGER CAR,MOVING CONSTANT SPEED,West,35,2011,FORD
MCP33680017,230034754,Montgomery County Police,Property Damage Crash,7/21/2023 13:58,HEAD ON LEFT TURN,368ACB74-945A-485E-B2B0-7E13DB20DAE4,No,NO APPARENT INJURY,N/A,NOT DISTRACTED,MD,D1593497-AA87-43A5-9DB0-05CB9920C843,DISABLING,TWELVE OCLOCK,PASSENGER CAR,MOVING CONSTANT SPEED,North,45,2011,CADILLAC
MCP3190005L,230071025,Montgomery County Police,Injury Crash,12/11/2023 7:51,SAME DIR REAR END,18A5FC36-2FB6-46A7-A1EE-5E9AAA3B73C4,No,NO APPARENT INJURY,"RAIN, SNOW, WET",NOT DISTRACTED,MD,69E7DCBA-D3A5-45C7-8711-0130430DEF43,FUNCTIONAL,SIX OCLOCK,PASSENGER CAR,SLOWING OR STOPPING,West,40,2003,CHEVROLET
MCP32620035,230047346,Montgomery County Police,Property Damage Crash,8/1/2023 16:29,STRAIGHT MOVEMENT ANGLE,C09959B5-18CF-4D82-9FAD-ED3B73F6B0A5,No,NO APPARENT INJURY,N/A,NOT DISTRACTED,MD,09AEB507-B175-4113-B029-D089283A60FA,FUNCTIONAL,ELEVEN OCLOCK,PICKUP TRUCK,ACCELERATING,North,50,2023,CHRYSLER
MCP21810046,210041941,Montgomery County Police,Injury Crash,10/19/2021 9:23,STRAIGHT MOVEMENT ANGLE,968DD4D6-08D9-42B7-8F55-3A3D043D390C,Yes,POSSIBLE INJURY,N/A,LOOKED BUT DID NOT SEE,MD,E9E3C2E8-AD30-4181-B824-1DCF662D83F8,DISABLING,THREE OCLOCK,PASSENGER CAR,MOVING CONSTANT SPEED,North,40,2014,NISSAN
EJ78860033,230034462,Gaithersburg Police Depar,Property Damage Crash,7/19/2023 21:59,SAME DIRECTION SIDESWIPE,BABC392B-398C-4C6C-90F4-7697B5458A3C,No,NO APPARENT INJURY,N/A,NOT DISTRACTED,MD,FA1A5108-36E2-482D-B4D6-F5DE0909DABA,FUNCTIONAL,NINE OCLOCK,PASSENGER CAR,MOVING CONSTANT SPEED,North,15,2021,JEEP
MCP0617005G,230059806,Montgomery County Police,Property Damage Crash,10/11/2023 8:28,STRAIGHT MOVEMENT ANGLE,BDFF7730-9BA1-41B5-83CA-BFD750930989,Yes,NO APPARENT INJURY,N/A,NOT DISTRACTED,MD,FD0D73EA-6DF3-48E6-BB8C-14D79593CA0C,DISABLING,FOUR OCLOCK,PASSENGER CAR,MAKING LEFT TURN,West,30,2015,KIA
MCP33520017,230056380,Montgomery County Police,Property Damage Crash,9/22/2023 20:10,SAME DIRECTION SIDESWIPE,C6D54FF8-FFF0-4A40-8402-BB0B9B620A1A,Yes,NO APPARENT INJURY,N/A,NOT DISTRACTED,MD,ADBD392E-593F-48A4-A542-4CEE52E44A91,SUPERFICIAL,TWELVE OCLOCK,PASSENGER CAR,SLOWING OR STOPPING,South,30,2014,TOYOTA
MCP94420035,230055543,Montgomery County Police,Property Damage Crash,9/18/2023 13:25,SINGLE VEHICLE,61DF6040-97A3-460C-8223-B3EE918541A6,Yes,NO APPARENT INJURY,N/A,NOT DISTRACTED,MD,476A5A55-87ED-406C-AAF1-D48F1E313F64,FUNCTIONAL,TWELVE OCLOCK,PASSENGER CAR,PARKING,North,15,2010,CHEVROLET
MCP13580005,15035916,MONTGOMERY,Property Damage Crash,7/21/2015 15:37,OTHER,34846A5A-F49E-46C1-8B9F-88C592C299F0,Yes,NO APPARENT INJURY,N/A,BY OTHER OCCUPANTS,MD,58211D93-8CB0-4B86-95A4-F77D762CEAB3,SUPERFICIAL,TWELVE OCLOCK,PASSENGER CAR,RIGHT TURN ON RED,South,40,2011,KIA
MCP3305002W,230073063,Montgomery County Police,Property Damage Crash,12/22/2023 4:22,SINGLE VEHICLE,AE1F0929-2514-4E9F-A489-30B05FCDBB90,Yes,NO APPARENT INJURY,N/A,UNKNOWN,MD,A44FAE83-902F-417A-9400-4D0436570C3B,DESTROYED,TWELVE OCLOCK,PASSENGER CAR,MOVING CONSTANT SPEED,South,35,2008,TOYOTA
MCP2291000Z,15002763,Montgomery County Police,Injury Crash,1/17/2015 16:09,SINGLE VEHICLE,E673EF8B-9929-4450-A8BC-EC92398315FD,Yes,SUSPECTED MINOR INJURY,N/A,UNKNOWN,MD,37EB14C1-A1DF-4A6A-AF87-4D4525CD7B31,DISABLING,TEN OCLOCK,"OTHER LIGHT TRUCKS (10,000LBS (4,536KG) OR LESS)",MOVING CONSTANT SPEED,South,35,1998,LINCOLN
MCP2456007M,230046269,Montgomery County Police,Injury Crash,7/25/2023 6:00,STRAIGHT MOVEMENT ANGLE,0EDD2422-A327-449E-BBDA-4FC3BF32ECCD,No,POSSIBLE INJURY,N/A,UNKNOWN,MD,9DA91EF8-3B2B-4E0F-9B6A-CB9984141067,DISABLING,FOUR OCLOCK,PASSENGER CAR,MOVING CONSTANT SPEED,East,40,2020,TOYOTA
MCP3238002V,230065598,Montgomery County Police,Injury Crash,11/10/2023 13:53,HEAD ON LEFT TURN,94327893-39B1-46E1-941B-4C60E9DD35B8,No,POSSIBLE INJURY,N/A,NOT DISTRACTED,MD,FE1A4AE7-2257-41BF-BC4C-D7F22E89D2D1,DESTROYED,TWELVE OCLOCK,PASSENGER CAR,MOVING CONSTANT SPEED,North,30,2014,TOYOTA
MCP2361002Y,230070499,Montgomery County Police,Property Damage Crash,12/7/2023 20:58,STRAIGHT MOVEMENT ANGLE,92F3E13C-4ED0-414A-82FC-6BAC0B4EAF50,No,NO APPARENT INJURY,N/A,NOT DISTRACTED,MD,8DB2A866-5664-40F7-A072-99AC2A94A4F5,DISABLING,TWO OCLOCK,PASSENGER CAR,MAKING LEFT TURN,West,35,2015,HONDA
MCP2269001G,210036624,Montgomery County Police,Property Damage Crash,9/17/2021 7:44,SINGLE VEHICLE,E246CBAB-E455-4056-B97E-0D11955065DB,Yes,NO APPARENT INJURY,"RAIN, SNOW, WET",NOT DISTRACTED,MD,34ACCC4B-0CF7-41AB-9593-CFCD4583A7EC,DISABLING,TWELVE OCLOCK,PASSENGER CAR,SKIDDING,North,35,2013,HONDA
MCP2987007Z,230050770,Montgomery County Police,Property Damage Crash,8/22/2023 17:00,SAME DIR REAR END,E71B5C26-DAC8-46D2-8414-B0C374A8016E,No,NO APPARENT INJURY,N/A,NOT DISTRACTED,MD,4322A940-473F-4A19-873E-15597A126ECC,SUPERFICIAL,SIX OCLOCK,PASSENGER CAR,SLOWING OR STOPPING,West,55,2009,HONDA
MCP003600H9,230058790,Montgomery County Police,Property Damage Crash,10/5/2023 17:00,SAME DIRECTION SIDESWIPE,37AF1F35-45E4-4392-8046-EA702FD673A2,Yes,NO APPARENT INJURY,N/A,NOT DISTRACTED,MD,806E79A2-58D3-440E-B126-39A597D72021,SUPERFICIAL,SEVEN OCLOCK,TRANSIT BUS,CHANGING LANES,North,40,2021,GILLIG
MCP3325002J,230068225,Montgomery County Police,Injury Crash,11/25/2023 15:54,STRAIGHT MOVEMENT ANGLE,047D7755-1C45-447A-B889-BC2D7330DAC4,Unknown,POSSIBLE INJURY,N/A,NOT DISTRACTED,MD,315D2292-51AE-49FF-84EE-ACEA9CB50275,DISABLING,TWELVE OCLOCK,PASSENGER CAR,MOVING CONSTANT SPEED,West,40,2017,YOTA
MCP30860023,190007425,Montgomery County Police,Property Damage Crash,2/15/2019 15:00,SAME DIR REAR END,45033A04-39E1-4927-87DA-87ED09B6F743,Yes,NO APPARENT INJURY,N/A,LOOKED BUT DID NOT SEE,MD,6FAF3BCD-CA39-4789-A2BF-1DB5FB560548,DISABLING,TWELVE OCLOCK,PASSENGER CAR,MOVING CONSTANT SPEED,North,45,2013,SUBARU
MCP3256002M,230067843,Montgomery County Police,Injury Crash,11/22/2023 15:49,SAME DIR REAR END,507A26F6-000B-4355-95C5-E03151F2F374,No,SUSPECTED MINOR INJURY,N/A,NOT DISTRACTED,MD,C4DCEAA7-66FF-4622-8BB7-E32798597B8C,SUPERFICIAL,SIX OCLOCK,PASSENGER CAR,STOPPED IN TRAFFIC LANE,West,30,2013,HYUNDAI
MCP3262003R,230072104,Montgomery County Police,Property Damage Crash,12/16/2023 18:45,SAME DIR REAR END,2F881C25-C7B3-4C35-8912-A11D74C44ECA,Yes,NO APPARENT INJURY,N/A,LOOKED BUT DID NOT SEE,MD,77DB7D81-EC4E-41A1-8A8B-AC2BBEF83AC1,DISABLING,TWELVE OCLOCK,PASSENGER CAR,SLOWING OR STOPPING,North,50,2019,CHEV
DD56490037,230032266,Rockville Police Departme,Injury Crash,7/6/2023 18:38,OTHER,58FA6E86-751B-48BF-AE39-293EA79873C0,Yes,NO APPARENT INJURY,N/A,NOT DISTRACTED,MD,C6A71AB0-95D4-4702-A2B5-45E4261A1B6E,NO DAMAGE,TWELVE OCLOCK,(SPORT) UTILITY VEHICLE,MAKING LEFT TURN,West,20,2023,HOND
MCP30910043,230054254,Montgomery County Police,Property Damage Crash,9/11/2023 13:20,OTHER,4F486AAC-F67C-44EF-B2AF-195EE632B63E,No,NO APPARENT INJURY,N/A,NOT DISTRACTED,MD,2DAC424D-1225-436B-B185-ECD9F8EC99DB,NO DAMAGE,TWELVE OCLOCK,PICKUP TRUCK,SLOWING OR STOPPING,South,0,2016,FORD
MCP209400N4,230072733,Montgomery County Police,Injury Crash,12/20/2023 11:19,OTHER,B9B8658B-4C69-40F5-9245-405CC179D834,Yes,NO APPARENT INJURY,N/A,ADJUSTING AUDIO AND OR CLIMATE CONTROLS,MD,2EB508A1-77C7-4A8F-8323-43FCE7C730D2,NO DAMAGE,TWELVE OCLOCK,PASSENGER CAR,MAKING LEFT TURN,South,25,2017,HYUNDAI
MCP22030079,230054255,Montgomery County Police,Injury Crash,9/11/2023 14:25,STRAIGHT MOVEMENT ANGLE,0E71F2E4-9DD7-4712-BDA5-4F8280F0AC04,No,POSSIBLE INJURY,N/A,NOT DISTRACTED,MD,93978FDD-C3CF-427C-AAEF-08EDC83F5263,DISABLING,TWELVE OCLOCK,OTHER,MOVING CONSTANT SPEED,West,35,2015,GMC
MCP22980145,230051987,Montgomery County Police,Property Damage Crash,8/29/2023 13:11,SINGLE VEHICLE,ECEDA904-3816-4751-8787-B147D61F878D,Yes,NO APPARENT INJURY,"RAIN, SNOW, WET",NOT DISTRACTED,MD,25F122B4-A44C-4DE0-A493-EFB053AD944F,FUNCTIONAL,TEN OCLOCK,PASSENGER CAR,MOVING CONSTANT SPEED,South,40,2021,TOYOTA
HA24850011,23001903,Maryland-National Capital,Property Damage Crash,10/4/2023 11:08,OTHER,97340033-5605-428D-A92C-DA125198D3AF,No,NO APPARENT INJURY,N/A,NO DRIVER PRESENT,MD,7C4262B3-DD69-4870-88FB-8267E98BB137,FUNCTIONAL,TEN OCLOCK,PASSENGER CAR,PARKED,,25,2019,BUIC
MCP2844006H,230046959,Montgomery County Police,Property Damage Crash,7/30/2023 12:45,STRAIGHT MOVEMENT ANGLE,3AF95DCD-791E-43CA-B0B8-5F3159804D11,Yes,NO APPARENT INJURY,N/A,LOOKED BUT DID NOT SEE,XX,45AC2C21-9A84-44B5-8133-925E2852F395,DISABLING,NINE OCLOCK,PASSENGER CAR,ACCELERATING,Unknown,20,2017,NISSAN
MCP28530071,190058686,Montgomery County Police,Property Damage Crash,12/5/2019 17:49,STRAIGHT MOVEMENT ANGLE,B1DD43DC-7EFD-4374-BB29-FE43254C68A9,No,NO APPARENT INJURY,N/A,NOT DISTRACTED,MD,3F75CDE4-0639-43FC-A3F3-DA99E7723C8E,FUNCTIONAL,TWO OCLOCK,PICKUP TRUCK,MOVING CONSTANT SPEED,North,40,2001,FORD
MCP3312004D,230068319,Montgomery County Police,Property Damage Crash,11/26/2023 10:45,SAME DIR REAR END,DDBA4DEA-52E8-484B-AC69-3F56D6320119,No,NO APPARENT INJURY,N/A,NOT DISTRACTED,MD,E735C186-9F12-4129-8C64-33DC5553FB29,FUNCTIONAL,SIX OCLOCK,PASSENGER CAR,MOVING CONSTANT SPEED,South,45,2020,TOYT
MCP30680056,230063434,Montgomery County Police,Property Damage Crash,10/26/2023 16:02,SAME DIR REAR END,6BC85751-4900-4C61-A15B-5FF3D9EA99F7,No,NO APPARENT INJURY,N/A,NOT DISTRACTED,VA,E3B16425-72CD-47AE-80F0-0BCAE376E7A6,FUNCTIONAL,SIX OCLOCK,PASSENGER CAR,STOPPED IN TRAFFIC LANE,North,25,2024,DODGE
MCP292300B0,230057495,Montgomery County Police,Injury Crash,9/29/2023 14:08,SAME DIRECTION RIGHT TURN,CC278D0A-A6FD-4983-9680-185B92133F48,Yes,NO APPARENT INJURY,N/A,NOT DISTRACTED,MD,D82E2191-FAA6-4861-98D4-D2B621A93107,SUPERFICIAL,TWO OCLOCK,PICKUP TRUCK,CHANGING LANES,West,30,2012,TOYOTA
MCP2047004Y,230046806,Montgomery County Police,Injury Crash,7/29/2023 13:33,SAME DIR REAR END,A682794A-EEEF-4C8B-BB07-7708F1E1BBD3,Yes,NO APPARENT INJURY,N/A,OTHER DISTRACTION,MD,0933F0C9-6972-4B1D-A8E8-1CF8E79B61FC,DISABLING,TWELVE OCLOCK,PASSENGER CAR,MOVING CONSTANT SPEED,North,35,2012,HONDA
MCP2286005C,230054487,Montgomery County Police,Property Damage Crash,9/12/2023 16:15,SAME DIRECTION SIDESWIPE,F4C8B886-C3A1-4E5E-9647-F747B22D16E0,No,NO APPARENT INJURY,N/A,NOT DISTRACTED,MD,3D896D3F-2475-438C-9F5F-FE0C6812DA92,FUNCTIONAL,SEVEN OCLOCK,PASSENGER CAR,STOPPED IN TRAFFIC LANE,East,25,2013,HOND
MCP2395000Q,170529584,Montgomery County Police,Property Damage Crash,7/29/2017 14:30,OTHER,9B1BE0C2-6ADB-48A7-8539-1DA8704371F2,Yes,NO APPARENT INJURY,N/A,UNKNOWN,,21F5B1FD-7C1E-483C-9AAD-29982AAC4FBF,UNKNOWN,UNKNOWN,PASSENGER CAR,STARTING FROM PARKED,South,0,2014,TOYOTA
MCP29320071,230064095,Montgomery County Police,Property Damage Crash,11/3/2023 5:06,SAME DIR REAR END,1E9AE29B-3154-438F-B980-D319060DB41E,No,NO APPARENT INJURY,N/A,NOT DISTRACTED,MD,189E9A13-2648-4475-A2BD-A3FD69D5F1AE,DISABLING,SIX OCLOCK,PASSENGER CAR,SLOWING OR STOPPING,South,40,2016,TOYOTA
MCP33560016,230071790,Montgomery County Police,Property Damage Crash,12/14/2023 19:31,STRAIGHT MOVEMENT ANGLE,1FB1E88E-BC4C-4B02-AF8B-A1616F5551E3,No,NO APPARENT INJURY,N/A,NOT DISTRACTED,MD,B1C8114E-AECE-4C61-A9F6-67C8DF28E433,FUNCTIONAL,TWELVE OCLOCK,PASSENGER CAR,MOVING CONSTANT SPEED,North,45,2016,DODGE
MCP2586006J,230051116,Montgomery County Police,Injury Crash,8/24/2023 15:56,STRAIGHT MOVEMENT ANGLE,3CA6B0BA-1132-4E6E-AF09-1D8BE0779B51,No,POSSIBLE INJURY,N/A,NOT DISTRACTED,MD,48F5D83B-9DEE-4E20-B4EC-EDE1180C3556,DESTROYED,NINE OCLOCK,PASSENGER CAR,ACCELERATING,East,40,2015,HYUNDAI
MCP2881005W,230057482,Montgomery County Police,Property Damage Crash,9/29/2023 13:15,SAME DIRECTION SIDESWIPE,6F735819-9BB3-40ED-8610-C3B150FD6D24,Yes,NO APPARENT INJURY,N/A,NOT DISTRACTED,MD,F0FCBC1D-21C7-448B-99C1-C73A8B58A941,DISABLING,ONE OCLOCK,PASSENGER CAR,MOVING CONSTANT SPEED,West,20,2015,HYUN
MCP33080022,230032584,Montgomery County Police,Injury Crash,7/8/2023 17:51,STRAIGHT MOVEMENT ANGLE,8AEC6C4D-8094-4D23-949B-10ADC14C3FE2,Yes,NO APPARENT INJURY,N/A,OTHER DISTRACTION,DC,8CD01484-BDA9-40FB-AC46-0ED3F9900DC8,DISABLING,TWELVE OCLOCK,VAN,MOVING CONSTANT SPEED,North,30,2005,MAZDA
MCP2072006X,230052385,Montgomery County Police,Injury Crash,8/31/2023 9:27,SAME DIR REAR END,BCE605D6-0B00-4D69-BEB4-96BAE2533C7D,No,SUSPECTED MINOR INJURY,N/A,NOT DISTRACTED,MD,BE26A529-B79E-4928-8EBF-72FCBBD1B3EF,SUPERFICIAL,SIX OCLOCK,PASSENGER CAR,SLOWING OR STOPPING,South,45,2013,AUDI
MCP32490057,230055122,Montgomery County Police,Property Damage Crash,9/15/2023 18:14,SAME DIR REAR END,93060334-F683-4A98-AE61-4149532DFA5E,Yes,NO APPARENT INJURY,N/A,UNKNOWN,,D74E98BA-E205-4703-8341-9636AB4E16CE,UNKNOWN,TWELVE OCLOCK,UNKNOWN,MAKING LEFT TURN,South,35,0,UNKNOWN
MCP3084006V,230028894,Montgomery County Police,Property Damage Crash,6/15/2023 21:32,HEAD ON LEFT TURN,BA716046-798F-4C52-9852-EA8A8C0FD086,Yes,NO APPARENT INJURY,N/A,LOOKED BUT DID NOT SEE,MD,0EF62A63-EE7E-4411-8458-DD4D0FD439E8,DISABLING,FIVE OCLOCK,RECREATIONAL VEHICLE,MAKING LEFT TURN,South,40,1998,HONDA
EJ78520080,230033886,Gaithersburg Police Depar,Property Damage Crash,7/16/2023 16:40,HEAD ON LEFT TURN,AA62640D-7DB8-4F40-8BAD-198864AB831A,Yes,NO APPARENT INJURY,N/A,UNKNOWN,MD,67CEEBFD-093D-4194-89F3-6C4A0F9E125A,DISABLING,TWELVE OCLOCK,PASSENGER CAR,ACCELERATING,East,30,2011,TOYOTA
MCP31930053,230067486,Montgomery County Police,Property Damage Crash,11/17/2023 22:22,SAME DIR REAR END,CE8F3766-40ED-482D-A332-109F8D907267,Yes,NO APPARENT INJURY,"SLEET, HAIL, FREEZ. RAIN, WET",UNKNOWN,,817A4205-E06D-4EA2-9C32-374EBE9D4981,UNKNOWN,UNKNOWN,,MOVING CONSTANT SPEED,South,30,0,UNKNOWN
MCP289100CR,230066871,Montgomery County Police,Injury Crash,11/17/2023 10:48,STRAIGHT MOVEMENT ANGLE,C90F8A4F-0CBF-4FA9-B15D-BA8DAC95B7E2,Unknown,SUSPECTED MINOR INJURY,N/A,LOOKED BUT DID NOT SEE,MD,E51B24E4-A954-4320-8BCB-F2A9B12BFB14,DISABLING,ONE OCLOCK,PASSENGER CAR,MAKING LEFT TURN,North,30,2017,NISSAN