Report Number,Local Case Number,Agency Name,ACRS Report Type,Crash Date/Time,Collision Type,Person ID,Driver At Fault,Injury Severity,Circumstance,Driver Distracted By,Drivers License State,Vehicle ID,Vehicle Damage Extent,Vehicle First Impact Location,Vehicle Body Type,Vehicle Movement,Vehicle Going Dir,Speed Limit,Vehicle Year,Vehicle Make
MCP235800C0,230065563,Montgomery County Police,Property Damage Crash,11/10/2023 11:00,OTHER,3432B9D9-1E93-4B12-8191-3C7C0A48ABF0,Yes,NO APPARENT INJURY,N/A,NOT DISTRACTED,MD,C08AD388-7047-48FB-A107-C902F00E58B9,SUPERFICIAL,TWO OCLOCK,"OTHER LIGHT TRUCKS (10,000LBS (4,536KG) OR LESS)",MOVING CONSTANT SPEED,East,25,2017,MACK
MCP2991008T,230061794,Montgomery County Police,Property Damage Crash,10/21/2023 11:20,HEAD ON LEFT TURN,87ABBDAC-E8AF-4D43-853A-7ACF86273600,Yes,NO APPARENT INJURY,N/A,NOT DISTRACTED,MD,19DBC758-DDBF-4047-A173-5C0DC5F2347F,SUPERFICIAL,ONE OCLOCK,PASSENGER CAR,MAKING LEFT TURN,West,20,2018,VOLV
MCP2848004F,170508859,Montgomery County Police,Injury Crash,5/20/2017 13:14,SINGLE VEHICLE,F7B7611E-F50E-4781-87CE-E2502D756317,No,NO APPARENT INJURY,N/A,NOT DISTRACTED,MD,73B445E4-7AE7-4972-9DDD-47DEDD151A31,DISABLING,TWELVE OCLOCK,PASSENGER CAR,MOVING CONSTANT SPEED,South,35,2004,INFINITI
MCP3229001S,230071026,Montgomery County Police,Property Damage Crash,12/11/2023 8:15,SAME DIRECTION SIDESWIPE,73411A61-9AEE-428C-BE21-7587E3368733,Yes,NO APPARENT INJURY,"N/A, V WIPERS|W OTHER ENVIRONMENTAL",NOT DISTRACTED,MD,E31484E4-E374-4FDD-A95F-B131491A19CB,SUPERFICIAL,FIVE OCLOCK,OTHER,MOVING CONSTANT SPEED,East,10,2019,MACK
MCP3311001Z,230053490,Montgomery County Police,Property Damage Crash,9/6/2023 16:50,OTHER,FD2A6314-B12C-43AE-B795-ABD6BC103760,Yes,NO APPARENT INJURY,N/A,UNKNOWN,MD,CDF3559F-070A-4E3C-8A9E-291038A36A37,DISABLING,ONE OCLOCK,PASSENGER CAR,CHANGING LANES,North,35,1999,TOYOTA
MCP20550039,220014049,Montgomery County Police,Property Damage Crash,4/2/2022 14:30,STRAIGHT MOVEMENT ANGLE,5291952E-6073-4432-AC65-252AC89ACC17,Yes,NO APPARENT INJURY,N/A,LOOKED BUT DID NOT SEE,MD,FD3CBB64-49F4-4B7E-9E8A-8EC3B919E13A,FUNCTIONAL,FIVE OCLOCK,PASSENGER CAR,BACKING,Unknown,0,2015,TOYOTA
MCP3053006S,230049267,Montgomery County Police,Injury Crash,8/13/2023 15:23,OTHER,793240CC-85B1-4873-985A-40358B423ACC,Yes,NO APPARENT INJURY,N/A,INATTENTIVE OR LOST IN THOUGHT,MD,C9B90066-671F-4B87-899D-469AF89F5714,DISABLING,TWELVE OCLOCK,PASSENGER CAR,MOVING CONSTANT SPEED,North,35,2022,TESL
MCP32590040,230070653,Montgomery County Police,Injury Crash,12/8/2023 16:51,SAME DIR REAR END,8CD79D8A-6BFE-460D-80B3-101CFC7B2DE2,No,SUSPECTED MINOR INJURY,N/A,NOT DISTRACTED,VA,F8EB4C69-7163-4C9A-81F9-66AC85598B3D,FUNCTIONAL,SIX OCLOCK,PASSENGER CAR,STOPPED IN TRAFFIC LANE,South,25,2013,TOYOTA
EJ7846004F,190055457,Gaithersburg Police Depar,Property Damage Crash,11/17/2019 11:15,STRAIGHT MOVEMENT ANGLE,E9F8F456-C35E-4A33-A5F6-31BF1AB2C826,Yes,NO APPARENT INJURY,N/A,NOT DISTRACTED,MD,F3E9436F-B15E-4980-919C-17E7E8B434D0,DISABLING,TWO OCLOCK,PASSENGER CAR,ACCELERATING,South,25,2015,ACUR
MCP3353001V,230064777,Montgomery County Police,Injury Crash,11/6/2023 18:45,SAME DIR REAR END,5E3C4A9B-B24F-4D84-9B4B-CB301A3F6147,No,POSSIBLE INJURY,N/A,NOT DISTRACTED,MD,F4675F0E-91B3-47B1-BDEE-CBDA744FE7DE,FUNCTIONAL,SIX OCLOCK,PASSENGER CAR,MAKING RIGHT TURN,North,45,2020,NISSAN
MCP2108000L,170549193,Montgomery County Police,Property Damage Crash,12/18/2017 5:10,STRAIGHT MOVEMENT ANGLE,90AA06E3-FEC6-4BC9-A1D0-5FA8CF1A394E,Yes,NO APPARENT INJURY,N/A,LOOKED BUT DID NOT SEE,NY,0B26B9F4-CDD4-4FE5-AF60-23775965ED4D,DISABLING,ELEVEN OCLOCK,PASSENGER CAR,STARTING FROM LANE,West,40,2003,NISS
MCP209400M6,230034320,Montgomery County Police,Property Damage Crash,7/19/2023 8:04,SINGLE VEHICLE,387F3BF9-7875-45F0-BD4C-6361F3818AD0,Yes,NO APPARENT INJURY,"N/A, WET",NOT DISTRACTED,PA,BA062BAE-0526-4CEA-9CA7-60FC781022EA,DISABLING,ROOF TOP,PASSENGER CAR,MOVING CONSTANT SPEED,North,30,2020,KIA
MCP1235004Z,230057756,Montgomery County Police,Injury Crash,9/30/2023 20:27,SAME DIR REAR END,FF40E51C-8072-41F6-AD13-239DD6B1F7EA,No,POSSIBLE INJURY,N/A,NOT DISTRACTED,MD,1F1B6468-1F75-4161-BA0E-3E85BF2035B0,FUNCTIONAL,SIX OCLOCK,PASSENGER CAR,STOPPED IN TRAFFIC LANE,East,40,2016,CHEVROLET
MCP33670013,230051663,Montgomery County Police,Property Damage Crash,8/27/2023 15:12,SAME DIRECTION RIGHT TURN,FCD26CD2-C474-402D-9FE4-A4ED75782985,No,NO APPARENT INJURY,N/A,NOT DISTRACTED,MD,5756B882-50B7-474F-B90E-791BF95DD24C,FUNCTIONAL,ELEVEN OCLOCK,PASSENGER CAR,MAKING RIGHT TURN,South,20,2020,HONDA
MCP28950034,230065235,Montgomery County Police,Injury Crash,11/8/2023 18:00,OTHER,550C4E0A-CBAB-4BE0-92B9-FE0421C8C9FC,Yes,NO APPARENT INJURY,N/A,LOOKED BUT DID NOT SEE,MD,0131F152-EF22-47B1-B83E-0FCDEC7EFB81,NO DAMAGE,TWELVE OCLOCK,PASSENGER CAR,ACCELERATING,West,25,2010,TOYTA
MCP3133004V,230056456,Montgomery County Police,Property Damage Crash,9/23/2023 11:24,STRAIGHT MOVEMENT ANGLE,8D837C5E-EC7C-4F37-93ED-6DA7F20F7133,No,NO APPARENT INJURY,N/A,NOT DISTRACTED,MD,9CF3DC39-978B-4B18-85AC-C65D6E85E40F,DISABLING,TWELVE OCLOCK,PASSENGER CAR,STOPPED IN TRAFFIC LANE,South,5,2019,ACURA
MCP2853009F,230067475,Montgomery County Police,Property Damage Crash,11/20/2023 17:39,OPPOSITE DIRECTION SIDESWIPE,81122803-30B6-4030-8AFA-3E5F98109C5B,Yes,NO APPARENT INJURY,N/A,NOT DISTRACTED,MD,25AC7DC6-0949-4CBB-932E-878D9C8BC262,DISABLING,ONE OCLOCK,PASSENGER CAR,SLOWING OR STOPPING,South,20,2016,HONDA
MCP28430024,230051669,Montgomery County Police,Property Damage Crash,8/27/2023 17:30,OTHER,1F758D8D-D55E-4CE9-A979-9D4539A4C74D,Yes,NO APPARENT INJURY,N/A,LOOKED BUT DID NOT SEE,MD,9129D99D-A008-4E08-9F7D-060FB2BF10CE,FUNCTIONAL,TWO OCLOCK,PASSENGER CAR,MAKING LEFT TURN,South,25,2018,TOYOTA
MCP235800BQ,230054189,Montgomery County Police,Property Damage Crash,9/11/2023 7:46,SINGLE VEHICLE,8FACC45D-4CE4-4D39-AC2A-205A209608A0,Yes,NO APPARENT INJURY,"N/A, WET",NOT DISTRACTED,MD,D855B013-F2DD-482A-8C7E-DDDF64E7D75B,SUPERFICIAL,TWELVE OCLOCK,PASSENGER CAR,MOVING CONSTANT SPEED,South,30,2002,LEXUS
MCP3348001Y,230072889,Montgomery County Police,Property Damage Crash,12/21/2023 8:02,SAME DIR REAR END,341DDD42-4CA3-4AF5-B566-93EBDCB51269,No,NO APPARENT INJURY,"N/A, VISION OBSTRUCTION (INCL. BLINDED BY SUN)",NOT DISTRACTED,MD,0F66BBA5-5F04-4F77-95E2-7DB8B1DF2F5F,FUNCTIONAL,SIX OCLOCK,PASSENGER CAR,SLOWING OR STOPPING,East,35,2017,TOYT
MCP2436001Q,16025261,Montgomery County Police,Property Damage Crash,5/21/2016 11:42,STRAIGHT MOVEMENT ANGLE,B585E6C7-7C31-40CE-84DC-E5BC99A45278,No,NO APPARENT INJURY,N/A,NOT DISTRACTED,MD,3C865FB5-6DAC-4541-9C44-5A43BB7CD8F3,DISABLING,TWO OCLOCK,(SPORT) UTILITY VEHICLE,MOVING CONSTANT SPEED,West,30,2006,TOYOTA
MCP3377000M,230055326,Montgomery County Police,Property Damage Crash,9/17/2023 1:33,HEAD ON LEFT TURN,6D7CF624-79A8-4784-B80D-C51A160750C1,Yes,NO APPARENT INJURY,N/A,LOOKED BUT DID NOT SEE,DE,9484DEC8-21CE-45FB-91C8-38BC618F0D90,DISABLING,TWELVE OCLOCK,PASSENGER CAR,MAKING LEFT TURN,East,35,2015,CHEVY
DD5607004Q,230070320,Rockville Police Departme,Property Damage Crash,12/7/2023 6:45,HEAD ON LEFT TURN,9ABF8564-9815-4FAD-8F73-039D835691DE,No,NO APPARENT INJURY,N/A,NOT DISTRACTED,MD,E3CA1858-16B0-4FA0-A7A0-BB53BFD388C5,DESTROYED,ELEVEN OCLOCK,PASSENGER CAR,MOVING CONSTANT SPEED,West,45,2013,GMC
MCP21810054,230032948,Montgomery County Police,Fatal Crash,7/11/2023 5:10,OTHER,FEDED557-DD8C-4359-B5B3-3FBB9D8EE70D,No,NO APPARENT INJURY,N/A,UNKNOWN,MD,9EF588C6-5BC6-4347-B96F-A9DF20E19801,FUNCTIONAL,UNDERSIDE,PASSENGER CAR,MOVING CONSTANT SPEED,North,30,2018,HONDA
MCP3263003R,230061862,Montgomery County Police,Property Damage Crash,10/21/2023 19:01,SAME DIR REAR END,430927F3-A840-41B6-A699-454F5E3CFF86,Yes,NO APPARENT INJURY,N/A,LOOKED BUT DID NOT SEE,CO,D8CD55B9-9D91-4165-83EE-60DC08BEDC27,DISABLING,TWELVE OCLOCK,PASSENGER CAR,MOVING CONSTANT SPEED,East,35,2007,CHEVY
MCP2583003H,230061164,Montgomery County Police,Injury Crash,10/17/2023 22:52,STRAIGHT MOVEMENT ANGLE,D19C8018-DA28-42A8-A25A-26FB6341C6EE,Yes,NO APPARENT INJURY,N/A,UNKNOWN,MD,4782AC2C-F5E5-455D-98FA-B3A51F74BB05,FUNCTIONAL,TWO OCLOCK,PASSENGER CAR,MAKING LEFT TURN,East,40,2019,TOYO
MCP2726007S,230049397,Montgomery County Police,Property Damage Crash,8/14/2023 13:36,SAME DIRECTION LEFT TURN,54DB64F2-5A95-4DB5-B218-9459243B4634,Yes,NO APPARENT INJURY,N/A,LOOKED BUT DID NOT SEE,MD,D532E3C7-FCC5-40F4-AFBF-297F1662FE6B,DISABLING,ELEVEN OCLOCK,PASSENGER CAR,STARTING FROM PARKED,North,35,2017,TOYOTA
MCP30400060,230059901,Montgomery County Police,Property Damage Crash,10/11/2023 16:00,SINGLE VEHICLE,5BEBC452-BB04-4B62-89E2-09184369E6DF,Yes,NO APPARENT INJURY,N/A,LOOKED BUT DID NOT SEE,MD,8E697A4E-95F5-4659-8ABB-F72E928B11B7,SUPERFICIAL,FOUR OCLOCK,SCHOOL BUS,SLOWING OR STOPPING,East,25,2021,THOMAS
MCP20720073,230055877,Montgomery County Police,Property Damage Crash,9/20/2023 9:08,SAME DIRECTION SIDESWIPE,F94132A4-6BC5-407F-808D-3971B53BC217,Yes,NO APPARENT INJURY,N/A,NOT DISTRACTED,MD,026555FE-90EC-4E9A-837E-EEEDAD07E199,SUPERFICIAL,FIVE OCLOCK,SCHOOL BUS,MOVING CONSTANT SPEED,South,10,2014,THOM
MCP30090073,230068071,Montgomery County Police,Property Damage Crash,11/24/2023 14:25,STRAIGHT MOVEMENT ANGLE,0D28F24B-861A-4F2F-B6FD-757D3BC0234E,Yes,NO APPARENT INJURY,N/A,LOOKED BUT DID NOT SEE,MD,6D585FD8-A913-4D7C-B8AD-10959DAEEE1B,DISABLING,TWELVE OCLOCK,(SPORT) UTILITY VEHICLE,MOVING CONSTANT SPEED,West,40,2017,MITSUBISHI
MCP30910044,230057851,Montgomery County Police,Property Damage Crash,10/1/2023 12:46,STRAIGHT MOVEMENT ANGLE,3FE1DC4B-F206-4DE8-9576-CCDDDAC2335B,No,NO APPARENT INJURY,N/A,NOT DISTRACTED,MD,B27AE804-33C3-455F-AC5D-5905A8733723,DISABLING,TEN OCLOCK,PASSENGER CAR,ACCELERATING,North,35,2014,HONDA
DD5502007S,230053574,Rockville Police Departme,Property Damage Crash,9/7/2023 8:13,SAME DIRECTION SIDESWIPE,1663A8B6-C576-470B-B0EF-1862201CE6F8,No,NO APPARENT INJURY,N/A,NOT DISTRACTED,MD,6FA6D6CE-903B-4F27-AA1E-92ECC094DA7C,FUNCTIONAL,EIGHT OCLOCK,(SPORT) UTILITY VEHICLE,MOVING CONSTANT SPEED,West,40,2021,ACUR
EJ7837007H,230069603,Gaithersburg Police Depar,Property Damage Crash,12/3/2023 10:10,SAME DIR REAR END,44218C38-C154-47D9-880E-A93939EC608B,No,NO APPARENT INJURY,N/A,NOT DISTRACTED,NY,FA5FD511-BA17-4D42-8F1A-CED62D2BAD80,SUPERFICIAL,SIX OCLOCK,PASSENGER CAR,SLOWING OR STOPPING,North,25,2013,FORD
MCP3169005X,230050540,Montgomery County Police,Injury Crash,8/21/2023 14:47,OTHER,28C29E94-05C5-41D0-8796-8F277DAD73CC,Yes,NO APPARENT INJURY,N/A,LOOKED BUT DID NOT SEE,MD,B8B66221-E601-4443-B840-D741B50B5E36,NO DAMAGE,TWELVE OCLOCK,PASSENGER CAR,MAKING LEFT TURN,West,30,2003,FORD
MCP2991008F,230050838,Montgomery County Police,Property Damage Crash,8/23/2023 8:00,STRAIGHT MOVEMENT ANGLE,0DD9BA0F-5619-46EA-B7BD-FCCD84C356C3,Yes,NO APPARENT INJURY,N/A,LOOKED BUT DID NOT SEE,MD,C3EF3C30-6CFE-49E3-AF61-FFCA79A4FA2D,DISABLING,TWELVE OCLOCK,PASSENGER CAR,MOVING CONSTANT SPEED,South,25,2013,ACUR
DD55750032,230054914,Rockville Police Departme,Property Damage Crash,9/14/2023 18:25,OTHER,BB3C1C85-F635-453C-83A4-945C8D232B16,Yes,NO APPARENT INJURY,N/A,UNKNOWN,MD,65045F18-2C26-46E6-9DC8-83154EB4771D,DISABLING,TWELVE OCLOCK,PASSENGER CAR,MOVING CONSTANT SPEED,South,25,2017,HONDA
MCP1378016N,230068046,Montgomery County Police,Injury Crash,11/24/2023 11:35,STRAIGHT MOVEMENT ANGLE,4F987F8C-725D-4589-8C7C-B21C7B90CF2D,No,NO APPARENT INJURY,N/A,NOT DISTRACTED,MD,5A1E5480-1B0C-4AD7-AA92-3EB45E5BB89A,FUNCTIONAL,TWELVE OCLOCK,PASSENGER CAR,ACCELERATING,West,35,2010,TOYT
MCP29910094,230073787,Montgomery County Police,Property Damage Crash,12/27/2023 9:30,STRAIGHT MOVEMENT ANGLE,FE4B5BDA-517C-42D5-9FE0-398906358E25,Yes,NO APPARENT INJURY,"N/A, WET",NOT DISTRACTED,MD,F24CC974-CE23-406F-9AA3-FAF53D08F9C5,DISABLING,THREE OCLOCK,PASSENGER CAR,SLOWING OR STOPPING,South,35,2017,KIA
MCP33510022,230073161,Montgomery County Police,Injury Crash,12/22/2023 15:28,STRAIGHT MOVEMENT ANGLE,5BAB6D7D-602F-4065-A207-E932014B0BD3,No,POSSIBLE INJURY,N/A,NOT DISTRACTED,MD,CE6DBB13-D934-458E-A332-B609C5516B13,DISABLING,ELEVEN OCLOCK,PASSENGER CAR,MAKING LEFT TURN,East,35,2000,TOYT
MCP26740044,230031736,Montgomery County Police,Property Damage Crash,7/3/2023 15:31,SAME DIR REAR END,5F1938DB-C573-4C06-9A39-B6D8FDB21B95,No,NO APPARENT INJURY,N/A,NOT DISTRACTED,MD,4A3ECA1F-3143-4A4F-B703-94365E595BA1,FUNCTIONAL,SIX OCLOCK,(SPORT) UTILITY VEHICLE,STOPPED IN TRAFFIC LANE,North,40,2012,FORD
MCP2863002W,230046487,Montgomery County Police,Injury Crash,7/27/2023 16:40,SAME DIR REAR END,AB03C7A5-2861-420D-B1A7-B7FA4DA43960,No,POSSIBLE INJURY,N/A,NOT DISTRACTED,MD,09202E5C-0BCC-4070-87B3-8DE9EDACA99D,SUPERFICIAL,SIX OCLOCK,VAN,SLOWING OR STOPPING,East,35,2018,HOND
MCP93180038,230062586,Montgomery County Police,Property Damage Crash,10/25/2023 20:49,SAME DIRECTION RIGHT TURN,24048F12-005D-416C-A7A4-34379EC34948,Yes,NO APPARENT INJURY,N/A,UNKNOWN,,CC8D64F6-C4B2-4B88-B8BF-7F28004C7D8D,DISABLING,TWO OCLOCK,PICKUP TRUCK,STARTING FROM LANE,South,40,2008,TOYOTA
MCP22980149,230056887,Montgomery County Police,Injury Crash,9/26/2023 6:36,SINGLE VEHICLE,577E7BCA-8A36-493B-A497-2697ABE8438D,Unknown,NO APPARENT INJURY,"RAIN, SNOW, WET",LOOKED BUT DID NOT SEE,WV,1CCC1D07-2DD5-44F8-B3B3-97EC0730A8A8,NO DAMAGE,TWELVE OCLOCK,SCHOOL BUS,SLOWING OR STOPPING,Unknown,5,2016,THOM
MCP235300CM,230068649,Montgomery County Police,Property Damage Crash,11/28/2023 8:12,STRAIGHT MOVEMENT ANGLE,213C0C8C-0338-4E6E-8BF2-B3FBAA0461A6,No,NO APPARENT INJURY,N/A,NOT DISTRACTED,MD,F88846DA-1C70-466B-A3CA-8E6DEF2AB435,DISABLING,TWELVE OCLOCK,(SPORT) UTILITY VEHICLE,SLOWING OR STOPPING,South,35,2013,MAZDA
EJ78580080,230054390,Gaithersburg Police Depar,Property Damage Crash,9/12/2023 9:08,OTHER,989330E1-D297-43AB-B62F-458550676FE4,No,NO APPARENT INJURY,N/A,NOT DISTRACTED,MD,4DDD53D1-4762-45E3-9527-BEC6924AAD74,NO DAMAGE,TWELVE OCLOCK,PASSENGER CAR,PARKED,,25,2016,DODGE
MCP2678004H,230060993,Montgomery County Police,Injury Crash,10/17/2023 7:47,STRAIGHT MOVEMENT ANGLE,8499755B-12E4-48A0-8B23-56AEC618A3A9,No,NO APPARENT INJURY,N/A,NOT DISTRACTED,MD,372B7A42-B090-4555-908C-09ADBF715B1E,FUNCTIONAL,ONE OCLOCK,PASSENGER CAR,STARTING FROM LANE,West,35,1999,HONDA
MCP913000H1,230063059,Montgomery County Police,Property Damage Crash,10/28/2023 13:12,SAME DIR REAR END,7CD9DD24-9BAE-4E9A-B54E-3976F8D900B2,No,NO APPARENT INJURY,N/A,NOT DISTRACTED,MD,CDE484A4-F82D-4812-8297-017EE73C1C59,FUNCTIONAL,SIX OCLOCK,PASSENGER CAR,SLOWING OR STOPPING,South,35,2022,TOYOTA
MCP2586006J,230051116,Montgomery County Police,Injury Crash,8/24/2023 15:56,STRAIGHT MOVEMENT ANGLE,08CA6EB5-B05F-48F3-985D-3C1FFF44C494,Yes,POSSIBLE INJURY,N/A,NOT DISTRACTED,MD,83335D79-520A-4037-BA06-7E13E76C7855,DESTROYED,TWELVE OCLOCK,PASSENGER CAR,MOVING CONSTANT SPEED,South,40,2020,TOYOTA
MCP1086000H,230062615,Montgomery County Police,Property Damage Crash,10/26/2023 7:35,OTHER,DCA6F590-ACE3-4694-9BD2-C81432F92274,No,NO APPARENT INJURY,N/A,NOT DISTRACTED,MD,C1419BD0-34D2-4505-9A66-33973FE2B7C0,FUNCTIONAL,SEVEN OCLOCK,SCHOOL BUS,PARKED,,0,2019,THOMAS
MCP2231007K,230055699,Montgomery County Police,Property Damage Crash,9/19/2023 9:13,OTHER,D4F93BB1-A5AB-498C-974D-A1C53617A78D,No,NO APPARENT INJURY,N/A,NOT DISTRACTED,MD,202259F0-ED50-4A35-B972-08E2DACA9E9A,SUPERFICIAL,FOUR OCLOCK,FIRE VEHICLE/EMERGENCY,STOPPED IN TRAFFIC LANE,West,25,2022,PIERCE
MCP2683005K,210024411,Montgomery County Police,Injury Crash,6/25/2021 18:21,STRAIGHT MOVEMENT ANGLE,25208F10-4C2E-4AF7-90D6-A51AD12BDD0F,Yes,NO APPARENT INJURY,N/A,NOT DISTRACTED,MD,152E13F8-26F9-4BF0-AE7C-45D4FF2A0FD9,FUNCTIONAL,ELEVEN OCLOCK,PASSENGER CAR,MAKING LEFT TURN,South,35,2021,NISSAN
MCP3377000Q,230063711,Montgomery County Police,Property Damage Crash,11/1/2023 0:11,SINGLE VEHICLE,E961EAF6-F50C-43E9-904F-756F75BDB71D,Yes,NO APPARENT INJURY,N/A,UNKNOWN,MD,E781D772-951C-4CE8-B9CB-B5CBCBC04320,DISABLING,TWELVE OCLOCK,PASSENGER CAR,MOVING CONSTANT SPEED,South,30,2021,HOND
MCP2679003M,230055081,Montgomery County Police,Property Damage Crash,9/15/2023 15:30,SINGLE VEHICLE,61B87C26-D115-4D3A-B814-B86488DA3BAF,Yes,NO APPARENT INJURY,N/A,NOT DISTRACTED,MD,3C4768F0-94A0-44F7-A9FF-3D4236B548DD,DISABLING,TWELVE OCLOCK,PASSENGER CAR,MOVING CONSTANT SPEED,North,25,2017,BUICK
MCP211600FZ,230035077,Montgomery County Police,Injury Crash,7/23/2023 16:32,STRAIGHT MOVEMENT ANGLE,52EB86DE-1C70-48A2-9284-95CA6EFBB5D0,No,POSSIBLE INJURY,N/A,NOT DISTRACTED,MD,B49D343D-6849-45BF-8C7C-CB49A75ED825,DISABLING,ELEVEN OCLOCK,VAN,ACCELERATING,North,25,2012,TOYOTA
MCP3294001P,230052240,Montgomery County Police,Injury Crash,8/30/2023 15:15,STRAIGHT MOVEMENT ANGLE,B7DE0780-8370-4EA2-B77A-8BCB628AC887,Yes,NO APPARENT INJURY,N/A,LOOKED BUT DID NOT SEE,MD,C1FED034-6692-4882-A67D-61E24D110479,DISABLING,TWELVE OCLOCK,PASSENGER CAR,ACCELERATING,North,35,2002,NISS
MCP3228005J,230070905,Montgomery County Police,Property Damage Crash,12/10/2023 11:30,SAME DIR REAR END,2C85B581-9D4A-451F-A59E-51480315A68B,No,NO APPARENT INJURY,"RAIN, SNOW, WET",NOT DISTRACTED,,DD83EAFD-22BF-45C1-AAE0-D6D2DE35F2F1,UNKNOWN,SIX OCLOCK,UNKNOWN,STOPPED IN TRAFFIC LANE,North,50,0,UNKNOWN
MCP3257006Q,230069579,Montgomery County Police,Property Damage Crash,12/3/2023 2:50,SAME DIR REAR END,4BFB72E7-79D5-4F38-BB40-9A8508F6BA66,Yes,NO APPARENT INJURY,"SLEET, HAIL, FREEZ. RAIN, WET",LOOKED BUT DID NOT SEE,MD,A799BF63-7DBF-4F78-899F-0F3DDFD7E054,DISABLING,TWELVE OCLOCK,PASSENGER CAR,MOVING CONSTANT SPEED,North,25,2014,TOYOTA
MCP28810060,230061191,Montgomery County Police,Property Damage Crash,10/18/2023 7:15,SAME DIR REAR END,91767299-F208-4DD6-ABAF-DD07F5900C13,Yes,NO APPARENT INJURY,N/A,NOT DISTRACTED,MD,C3831A56-2DCD-41D1-8D2E-DBEDADB16F90,DISABLING,TWELVE OCLOCK,(SPORT) UTILITY VEHICLE,MOVING CONSTANT SPEED,South,40,2008,KIA
MCP2305002X,230046739,Montgomery County Police,Property Damage Crash,7/29/2023 1:22,SINGLE VEHICLE,B919D6E1-BDD9-4C8B-B041-C172F85684EB,Yes,NO APPARENT INJURY,N/A,UNKNOWN,PA,F743168D-5446-420F-A7A3-FD6B740D7F16,DISABLING,TWELVE OCLOCK,PASSENGER CAR,MAKING LEFT TURN,South,40,2015,MINI
MCP30800043,230070272,Montgomery County Police,Property Damage Crash,12/6/2023 18:32,SAME DIR REAR END,7970E44A-C634-4B3B-B950-925D67F8DA3D,Yes,NO APPARENT INJURY,N/A,OTHER ELECTRONIC DEVICE (NAVIGATIONAL PALM PILOT),MD,C36B3C8A-AC70-4FD9-BE08-29C7AA09B13C,DISABLING,TWELVE OCLOCK,PASSENGER CAR,MOVING CONSTANT SPEED,North,40,2015,FORD
MCP25560034,190038526,Montgomery County Police,Injury Crash,8/13/2019 11:16,STRAIGHT MOVEMENT ANGLE,D0616372-98B4-478F-9E61-5D61BEBD5D13,Yes,NO APPARENT INJURY,N/A,UNKNOWN,MD,AD1C2955-7DF3-417D-B65C-2A585DA79982,SUPERFICIAL,ONE OCLOCK,PASSENGER CAR,MAKING LEFT TURN,West,45,2000,HONDA
MCP3192000M,190061007,Montgomery County Police,Property Damage Crash,12/18/2019 17:54,SAME DIR REAR END,51C8370A-0145-407E-840D-C0A5A2FE12F0,No,NO APPARENT INJURY,N/A,NOT DISTRACTED,MD,67D867C5-A289-4725-A41F-6C4558538A6F,FUNCTIONAL,SIX OCLOCK,PASSENGER CAR,ACCELERATING,North,35,2010,FORD
MCP12270021,230063063,Montgomery County Police,Fatal Crash,10/28/2023 12:15,SINGLE VEHICLE,287FDF5B-58BB-4BED-BD4A-E4FE79661841,Yes,FATAL INJURY,N/A,UNKNOWN,MD,A1186BA2-9E54-4516-B100-F00DBE847FD5,DESTROYED,TWELVE OCLOCK,PASSENGER CAR,MOVING CONSTANT SPEED,North,30,2009,HYUNDAI
MCP2923009V,230053573,Montgomery County Police,Injury Crash,9/7/2023 8:18,OTHER,349FB92C-4D6C-4FBD-B7E6-C4A8E4EC984C,No,NO APPARENT INJURY,N/A,NOT DISTRACTED,MD,337FE51F-7ADB-4258-B131-3F1E75A660CD,FUNCTIONAL,TWO OCLOCK,PASSENGER CAR,STOPPED IN TRAFFIC LANE,West,30,2012,NISSAN
EJ7851008X,220054630,Gaithersburg Police Depar,Property Damage Crash,12/10/2022 12:40,OPPOSITE DIRECTION SIDESWIPE,0C9B08A7-4485-4838-88A4-1C814404877F,No,NO APPARENT INJURY,N/A,NOT DISTRACTED,MD,E79B75A2-E868-40B0-9D84-824D0E3C0AF5,DISABLING,ELEVEN OCLOCK,PASSENGER CAR,STOPPED IN TRAFFIC LANE,South,30,2011,TOYT
EJ7781004H,230059804,Gaithersburg Police Depar,Property Damage Crash,10/11/2023 8:29,OTHER,9A0A97AE-3929-4952-BE21-671CAA1623DE,Yes,NO APPARENT INJURY,N/A,NOT DISTRACTED,MD,990F323D-77EE-4485-BEC8-B21B1BBF2E08,FUNCTIONAL,SIX OCLOCK,PASSENGER CAR,BACKING,South,15,2004,TOYT