Report Number,Local Case Number,Agency Name,ACRS Report Type,Crash Date/Time,Collision Type,Person ID,Driver At Fault,Injury Severity,Circumstance,Driver Distracted By,Drivers License State,Vehicle ID,Vehicle Damage Extent,Vehicle First Impact Location,Vehicle Body Type,Vehicle Movement,Vehicle Going Dir,Speed Limit,Vehicle Year,Vehicle Make
MCP3325002H,230067259,Montgomery County Police,Injury Crash,11/19/2023 15:58,SAME DIR REAR END,80C22561-09BF-40F4-BD44-32B00649D41A,Yes,NO APPARENT INJURY,N/A,LOOKED BUT DID NOT SEE,DC,984CF93E-A1E4-451F-AA75-FF661F0E867C,DISABLING,TWELVE OCLOCK,VAN,MOVING CONSTANT SPEED,North,45,2019,FORD
EJ78870039,230066017,Gaithersburg Police Depar,Property Damage Crash,11/13/2023 8:50,SAME DIRECTION LEFT TURN,FD14DFDC-BDCF-4DC3-B08A-021DE5BD275D,Unknown,NO APPARENT INJURY,N/A,LOOKED BUT DID NOT SEE,PA,1522C0DE-5E7D-4542-816A-485CB1EB5066,FUNCTIONAL,ELEVEN OCLOCK,PICKUP TRUCK,MOVING CONSTANT SPEED,South,55,2017,HONDA
EJ786600D9,230072987,Gaithersburg Police Depar,Property Damage Crash,12/21/2023 16:30,HEAD ON LEFT TURN,32025D90-911C-42A6-A5B9-45C228AC14CA,Yes,NO APPARENT INJURY,N/A,LOOKED BUT DID NOT SEE,NY,0EABDB16-3FC9-49F4-9CB9-EB7832FDED01,FUNCTIONAL,TWELVE OCLOCK,PASSENGER CAR,MOVING CONSTANT SPEED,South,25,2016,HONDA
EJ7858003F,190017016,Gaithersburg Police Depar,Property Damage Crash,4/12/2019 5:22,SINGLE VEHICLE,26E54B8C-D60E-44DA-8D0D-104B549054F2,No,NO APPARENT INJURY,N/A,NOT DISTRACTED,MD,3D78710E-B9DF-4B69-AC13-0DDF68EA6DF6,DISABLING,TWELVE OCLOCK,PASSENGER CAR,MOVING CONSTANT SPEED,East,35,2013,HYUN
MCP27880037,230053187,Montgomery County Police,Property Damage Crash,9/4/2023 23:15,SAME DIR REAR END,353AED92-5FA5-41C4-A0E3-C38DD4DFB614,No,NO APPARENT INJURY,N/A,NOT DISTRACTED,MD,B54A6D78-62AA-4629-B9DA-BB2EBED31B8A,FUNCTIONAL,SIX OCLOCK,PICKUP TRUCK,STOPPED IN TRAFFIC LANE,South,35,2021,TOYOTA
MCP3162001P,190004852,Montgomery County Police,Injury Crash,1/31/2019 8:50,STRAIGHT MOVEMENT ANGLE,7A38DC98-17CA-4C72-89C1-4FAC46E2A705,No,NO APPARENT INJURY,N/A,NOT DISTRACTED,WA,65C53569-336E-430D-BC40-F4799D578928,FUNCTIONAL,FOUR OCLOCK,PASSENGER CAR,MOVING CONSTANT SPEED,West,35,2014,BMW
DM8439001L,180016098,Takoma Park Police Depart,Property Damage Crash,4/3/2018 14:49,OTHER,CA8BD4AF-A7FD-4003-A037-25CF296B1F07,Unknown,NO APPARENT INJURY,N/A,UNKNOWN,XX,8630446E-C5F7-48B5-A2AB-E57E1158019D,SUPERFICIAL,TWELVE OCLOCK,PASSENGER CAR,PARKED,,10,2013,HONDA
MCP292300B6,230067082,Montgomery County Police,Property Damage Crash,11/18/2023 12:22,SAME DIR REAR END,DB4F20E2-6B2A-426B-B779-9E4FF766C7BE,Yes,NO APPARENT INJURY,N/A,UNKNOWN,MD,E52C7CE1-E8F6-4B03-8C95-BAB95299FC9E,SUPERFICIAL,TWELVE OCLOCK,PASSENGER CAR,SLOWING OR STOPPING,North,30,2010,TOYOTA
MCP276700BC,230067084,Montgomery County Police,Property Damage Crash,11/18/2023 12:35,SAME DIR REAR END,B15E3F49-42E0-42E1-8B6F-365062AFDA04,Yes,NO APPARENT INJURY,N/A,LOOKED BUT DID NOT SEE,MD,A2B34B01-B21D-44D3-A609-9C49F415FAEC,FUNCTIONAL,TWELVE OCLOCK,(SPORT) UTILITY VEHICLE,SLOWING OR STOPPING,North,35,2011,NISSAN
DD55670024,230072579,Rockville Police Departme,Property Damage Crash,12/19/2023 14:44,SAME DIR REAR END,424A2FCF-FCD9-4056-9473-2EC3FAE6A314,No,NO APPARENT INJURY,N/A,NOT DISTRACTED,MD,1C906BAE-C330-4273-B598-14E0738417E3,SUPERFICIAL,SIX OCLOCK,TRANSIT BUS,STOPPED IN TRAFFIC LANE,South,40,2017,GILG
MCP2270001Z,230048210,Montgomery County Police,Property Damage Crash,8/7/2023 12:50,STRAIGHT MOVEMENT ANGLE,0E591D7D-96E2-455B-AC3C-6623C2E1A004,No,NO APPARENT INJURY,N/A,NOT DISTRACTED,MD,1816AD16-32E6-4950-99ED-6DBD21F94B48,DISABLING,FOUR OCLOCK,PASSENGER CAR,MOVING CONSTANT SPEED,East,25,2021,TOYT
MCP3079005H,230054181,Montgomery County Police,Injury Crash,9/11/2023 7:51,SAME DIR REAR END,2BB11A8C-D1D3-4651-941A-5AAA10573637,Yes,POSSIBLE INJURY,"N/A, WET",NOT DISTRACTED,MD,71E3587D-0632-4D8A-9214-3B73B525640E,DESTROYED,TWELVE OCLOCK,PASSENGER CAR,MOVING CONSTANT SPEED,South,45,2002,TOYOTA
MCP33290024,230060738,Montgomery County Police,Property Damage Crash,10/15/2023 19:00,SAME DIRECTION SIDESWIPE,CC9F03E8-15F4-4CB7-8541-D92EC298AFB0,Yes,NO APPARENT INJURY,N/A,LOOKED BUT DID NOT SEE,MD,45A4F607-811B-401D-AF3D-56D69D64F664,SUPERFICIAL,ONE OCLOCK,PASSENGER CAR,ACCELERATING,West,35,2010,CHEV
MCP1564007S,230072320,Montgomery County Police,Property Damage Crash,12/18/2023 8:45,HEAD ON LEFT TURN,083FF99F-B05E-40BD-8E1E-329464109971,No,NO APPARENT INJURY,N/A,NOT DISTRACTED,MD,E393EE81-D4D6-40BD-8456-BED0EFFE4862,DISABLING,TWELVE OCLOCK,PASSENGER CAR,MOVING CONSTANT SPEED,South,30,2002,HONDA
MCP32080044,230010469,Montgomery County Police,Property Damage Crash,3/2/2023 19:02,SAME DIRECTION SIDESWIPE,68EC7717-9957-40E9-9C14-D2BFC40EAC1C,Yes,NO APPARENT INJURY,N/A,UNKNOWN,,295EBBC0-562B-4EE7-96CE-78B96B507EE3,SUPERFICIAL,ONE OCLOCK,PASSENGER CAR,SLOWING OR STOPPING,South,35,2008,BMW
MCP29460060,230062438,Montgomery County Police,Property Damage Crash,10/25/2023 8:28,OPPOSITE DIRECTION SIDESWIPE,4658F7D0-E581-4F1D-BCDD-181866FBDFD2,Yes,NO APPARENT INJURY,N/A,NOT DISTRACTED,MD,B41BE3E6-4FDD-46E2-830D-3E59961AE991,FUNCTIONAL,TEN OCLOCK,PASSENGER CAR,NEGOTIATING A CURVE,East,15,2022,TESLA
MCP2592003F,230070397,Montgomery County Police,Property Damage Crash,12/7/2023 12:44,ANGLE MEETS LEFT TURN,C28042C2-58E2-4C93-B6A4-412B87A052F6,No,NO APPARENT INJURY,N/A,NOT DISTRACTED,MD,734A469A-1F9D-4A0E-AB79-EF58529DE53E,DISABLING,THREE OCLOCK,PASSENGER CAR,MOVING CONSTANT SPEED,West,30,2011,HONDA
MCP9365001Z,230052637,Montgomery County Police,Injury Crash,9/1/2023 13:55,SAME DIR REAR END,8BC5EE28-5F2B-4B35-867B-1A27DFA484FF,Yes,NO APPARENT INJURY,N/A,NOT DISTRACTED,MD,C5C793FF-382D-48C1-A34C-F70AAC26B585,SUPERFICIAL,TWELVE OCLOCK,PICKUP TRUCK,MOVING CONSTANT SPEED,West,40,2020,FORD
MCP32490059,230073909,Montgomery County Police,Property Damage Crash,12/27/2023 20:06,HEAD ON LEFT TURN,F7CB2849-C3C1-4AAC-B5DE-3552B2BACE2E,Unknown,NO APPARENT INJURY,"RAIN, SNOW, WET",UNKNOWN,MD,A990F8FD-953E-4E00-9298-7F87928AB721,DISABLING,TWELVE OCLOCK,(SPORT) UTILITY VEHICLE,MOVING CONSTANT SPEED,West,35,2008,FORD
MCP3280003T,230049917,Montgomery County Police,Property Damage Crash,8/17/2023 12:35,SAME DIR REAR END,5576ED87-0913-48F0-9329-16DC451B706E,No,NO APPARENT INJURY,N/A,NOT DISTRACTED,,E8195740-E7FF-49A6-B4BE-CADD8F13C837,UNKNOWN,SIX OCLOCK,UNKNOWN,STOPPED IN TRAFFIC LANE,South,40,0,UNKNOWN
MCP2598004F,230052652,Montgomery County Police,Property Damage Crash,9/1/2023 14:44,SAME DIR REAR END,2BCE0A3D-F01F-4A41-963A-DE0F39729406,No,NO APPARENT INJURY,N/A,NOT DISTRACTED,MD,94DF41A2-6B92-458B-9DA7-434E99240B58,SUPERFICIAL,SIX OCLOCK,PASSENGER CAR,STOPPED IN TRAFFIC LANE,South,40,2019,HYUN
MCP3200009K,230060490,Montgomery County Police,Injury Crash,10/14/2023 13:42,SINGLE VEHICLE,73A9893F-89CC-478B-AB84-FA9DFEB8DAB1,Yes,POSSIBLE INJURY,"RAIN, SNOW, WET",UNKNOWN,MD,3CFFBEC6-E7F4-4D57-8249-37559344C336,DISABLING,ONE OCLOCK,PASSENGER CAR,MOVING CONSTANT SPEED,East,30,2019,NISSAN
MCP2946006C,230070410,Montgomery County Police,Property Damage Crash,12/7/2023 14:06,OTHER,7D169DF5-AA76-4FA0-8521-C189DAE6EF0B,Yes,NO APPARENT INJURY,N/A,DISTRACTED BY OUTSIDE PERSON OBJECT OR EVENT,MD,D6618A98-67AB-40B6-9E8B-246BEF48E46B,DISABLING,TWELVE OCLOCK,(SPORT) UTILITY VEHICLE,ACCELERATING,North,25,2015,NISSAN
MCP2855004M,230056511,Montgomery County Police,Injury Crash,9/23/2023 16:40,SAME DIRECTION RIGHT TURN,C38DD8A8-D35A-42BC-A176-B689DE4983FB,Yes,NO APPARENT INJURY,"RAIN, SNOW, WET",UNKNOWN,,678010FD-F75F-4CBB-B39F-E24260C4AEF3,FUNCTIONAL,TWO OCLOCK,UNKNOWN,MOVING CONSTANT SPEED,West,40,0,UNKNOWN
EJ7843000D,230055547,Gaithersburg Police Depar,Property Damage Crash,9/18/2023 11:36,OTHER,B4C75754-67CF-4CC8-B60A-5A0132D94F83,No,NO APPARENT INJURY,N/A,UNKNOWN,,2D134DFB-A715-4BD8-925A-A8BE650781DF,FUNCTIONAL,TWELVE OCLOCK,PASSENGER CAR,UNKNOWN,North,15,2018,HONDA
EJ786600CW,230063486,Gaithersburg Police Depar,Property Damage Crash,10/30/2023 19:20,SAME DIR REAR END,0D7E5244-8E2B-44ED-97BF-3A382C448219,Yes,NO APPARENT INJURY,"N/A, WET",UNKNOWN,MD,8D9DEA47-7554-4832-A22F-196E6838F78D,DISABLING,TWELVE OCLOCK,PASSENGER CAR,SLOWING OR STOPPING,North,50,2004,CHRY
MCP25280005,230052676,Montgomery County Police,Injury Crash,9/1/2023 15:35,HEAD ON LEFT TURN,414D3031-5AB1-444C-B5F9-5B59D711CF3C,Yes,POSSIBLE INJURY,N/A,LOOKED BUT DID NOT SEE,MD,986BB664-086C-4017-AA0D-F51EF93F1E56,FUNCTIONAL,FOUR OCLOCK,PASSENGER CAR,MAKING LEFT TURN,North,35,2021,DODGE
MCP32200045,230056536,Montgomery County Police,Property Damage Crash,9/23/2023 20:14,STRAIGHT MOVEMENT ANGLE,4004950F-2D42-4615-94F1-9CE3BE222F9C,Yes,NO APPARENT INJURY,"RAIN, SNOW, WET",NOT DISTRACTED,MD,66B29538-F936-48FC-87C3-67B98681BA67,FUNCTIONAL,THREE OCLOCK,PASSENGER CAR,ACCELERATING,South,35,2014,CHEVROLET
MCP32510015,230048476,Montgomery County Police,Injury Crash,8/8/2023 21:14,SAME DIR REAR END,603BBC92-C23E-4424-AB04-9B2765AEE70A,No,SUSPECTED MINOR INJURY,N/A,NOT DISTRACTED,MD,CE1B32F0-3091-4FD9-97A5-B3F0FA32D21A,SUPERFICIAL,SIX OCLOCK,PASSENGER CAR,STOPPED IN TRAFFIC LANE,North,40,2022,TOYOTA
DM8502000Y,230057712,Takoma Park Police Depart,Property Damage Crash,9/30/2023 15:37,STRAIGHT MOVEMENT ANGLE,DF39C608-0D1B-48AB-959B-691BD816DF86,No,NO APPARENT INJURY,N/A,NOT DISTRACTED,MD,4519EF6E-B9CD-4609-BDAB-EE80E3476E76,SUPERFICIAL,NINE OCLOCK,PASSENGER CAR,N/A,East,5,1998,HONDA
MCP26220040,230071890,Montgomery County Police,Property Damage Crash,12/15/2023 12:25,OTHER,9D7E7307-92F5-469D-973F-5C906ABAB307,No,NO APPARENT INJURY,N/A,NOT DISTRACTED,MD,494A266D-8108-4398-B993-93E35405981B,SUPERFICIAL,SEVEN OCLOCK,PASSENGER CAR,PARKED,,0,2013,CHEVY
EJ7781004L,230062060,Gaithersburg Police Depar,Property Damage Crash,10/23/2023 9:00,OTHER,CAB5BCA0-F81E-40D0-AAF3-D4F05098E461,Yes,NO APPARENT INJURY,N/A,NOT DISTRACTED,MD,7B77AB2A-FB47-4BCD-A9F5-4E71C2F11B24,SUPERFICIAL,TWELVE OCLOCK,SCHOOL BUS,MAKING LEFT TURN,West,15,2014,THOM
MCP2940006P,230058863,Montgomery County Police,Injury Crash,10/6/2023 7:45,SINGLE VEHICLE,A9CE3FD8-F9AF-4846-ACD9-DC7064F2E8D8,Yes,POSSIBLE INJURY,"N/A, WET",NOT DISTRACTED,MD,C6015ECC-7230-4C94-BACD-9733D4C226D1,DISABLING,TWELVE OCLOCK,(SPORT) UTILITY VEHICLE,MAKING LEFT TURN,North,35,2015,FORD
MCP33110014,220033814,Montgomery County Police,Property Damage Crash,8/6/2022 16:38,OTHER,6110B423-3A59-45DC-80BF-85F45F8A70C0,Yes,NO APPARENT INJURY,N/A,UNKNOWN,MD,02B885BE-EDF7-45D1-B1D4-A50CF6ADA39C,DISABLING,ONE OCLOCK,PASSENGER CAR,MOVING CONSTANT SPEED,West,25,2004,TOYOTA
MCP30970030,230051941,Montgomery County Police,Property Damage Crash,8/29/2023 4:54,SAME DIR REAR END,588F31F7-8C41-4907-A603-D6553948DAD2,Yes,NO APPARENT INJURY,N/A,LOOKED BUT DID NOT SEE,MD,27A2FC9B-CB21-457E-8909-1AE34DF6E42D,FUNCTIONAL,TWELVE OCLOCK,PICKUP TRUCK,MOVING CONSTANT SPEED,South,50,2012,SUBARU
MCP136600CK,230070593,Montgomery County Police,Injury Crash,12/8/2023 12:31,STRAIGHT MOVEMENT ANGLE,D68A92FA-42F3-4555-82E5-E1D3BB054426,No,POSSIBLE INJURY,N/A,NOT DISTRACTED,MD,9E06C2EA-69C3-4BBD-9C73-638BBD8F9AE5,DISABLING,TWELVE OCLOCK,PASSENGER CAR,MOVING CONSTANT SPEED,East,30,2022,NISS
MCP2160001Q,190057324,Montgomery County Police,Property Damage Crash,11/27/2019 15:50,UNKNOWN,426BE24F-8A61-453A-833F-6F674A1C3BD8,Yes,NO APPARENT INJURY,N/A,UNKNOWN,,85F2DEC7-11A7-4DD1-A0A8-5C3D1A169B69,UNKNOWN,UNKNOWN,PICKUP TRUCK,UNKNOWN,Unknown,15,2015,DODGE
MCP1174006K,230062923,Montgomery County Police,Property Damage Crash,10/27/2023 16:26,STRAIGHT MOVEMENT ANGLE,096B7219-8BFD-4C6E-81A4-08E63148FA69,Yes,NO APPARENT INJURY,N/A,NOT DISTRACTED,MD,FA6CA667-85B3-470E-8EDC-C44754B2FAB1,SUPERFICIAL,FOUR OCLOCK,PICKUP TRUCK,PASSING,West,35,2020,CHEVY
MCP3372001P,230061653,Montgomery County Police,Property Damage Crash,10/20/2023 15:48,SAME DIR REAR END,774432BB-1AEE-4F04-8DF3-F4DFF94047DB,Yes,NO APPARENT INJURY,"N/A, WET",LOOKED BUT DID NOT SEE,MD,96FEFE17-54F2-490C-A38B-EE163716FAD2,DISABLING,TWELVE OCLOCK,PASSENGER CAR,MOVING CONSTANT SPEED,East,25,2018,KIA
DM8386000B,15057696,TAKOMA,Property Damage Crash,11/12/2015 9:35,SINGLE VEHICLE,026DB317-9C8B-4085-94C2-1DD47A10C2B6,Yes,NO APPARENT INJURY,"RAIN, SNOW, WET",UNKNOWN,MD,DAB6949C-CE3F-4D53-8FF2-84F99978080F,SUPERFICIAL,TWELVE OCLOCK,PASSENGER CAR,PARKING,East,0,2013,HYUN
MCP2612005H,230064060,Montgomery County Police,Property Damage Crash,11/2/2023 18:50,SAME DIRECTION SIDESWIPE,DD4863A6-14BC-4A67-9388-38FCA35F90DF,Yes,NO APPARENT INJURY,N/A,UNKNOWN,XX,514289BD-2181-4432-B625-C7DFCC3F165D,FUNCTIONAL,ONE OCLOCK,PASSENGER CAR,MAKING LEFT TURN,East,20,2003,TOYOTA
MCP13780161,230060087,Montgomery County Police,Property Damage Crash,10/12/2023 14:27,SAME DIRECTION SIDESWIPE,47502551-1147-4442-8D4C-0579FA76D24B,No,NO APPARENT INJURY,N/A,NOT DISTRACTED,MD,9874307B-84C7-41AD-AE56-970D652C947E,SUPERFICIAL,NINE OCLOCK,SCHOOL BUS,STOPPED IN TRAFFIC LANE,North,30,2018,FRHT
MCP3174004H,230054902,Montgomery County Police,Property Damage Crash,10/9/2023 8:18,SAME DIR REAR END,AA4688CC-2003-4F28-9769-A180496AC569,Yes,NO APPARENT INJURY,N/A,LOOKED BUT DID NOT SEE,PA,816F9721-BE00-436B-88C8-6A539A929815,DESTROYED,SIX OCLOCK,PASSENGER CAR,MAKING RIGHT TURN,East,35,2006,TOYOTA
MCP31710028,230062026,Montgomery County Police,Property Damage Crash,10/22/2023 23:00,SINGLE VEHICLE,4456C77E-6B2F-49EC-A24E-D8FE77535F48,Unknown,NO APPARENT INJURY,N/A,UNKNOWN,MD,307D570C-4D07-40D7-9AC1-9137AB71301D,DISABLING,TWELVE OCLOCK,PASSENGER CAR,MOVING CONSTANT SPEED,East,35,2018,DODG
MCP3269002R,230059035,Montgomery County Police,Property Damage Crash,10/6/2023 20:08,OTHER,B40058B5-F027-4A7C-99FC-8F2F07F97F4C,No,NO APPARENT INJURY,N/A,NOT DISTRACTED,MD,CF10502F-A90A-460C-AEAE-D13B71398105,FUNCTIONAL,TWELVE OCLOCK,"OTHER LIGHT TRUCKS (10,000LBS (4,536KG) OR LESS)",PASSING,North,25,2008,TOYT
MCP320000B0,230067807,Montgomery County Police,Property Damage Crash,11/22/2023 11:40,STRAIGHT MOVEMENT ANGLE,B93F7B4C-5DCD-4F59-B3A4-90525E0AA5F2,Unknown,NO APPARENT INJURY,N/A,UNKNOWN,MD,8F16CFA7-6571-434D-95D5-40CE4625ACD5,FUNCTIONAL,TWELVE OCLOCK,"OTHER LIGHT TRUCKS (10,000LBS (4,536KG) OR LESS)",MOVING CONSTANT SPEED,West,30,2015,ISUZU
MCP31930055,230068950,Montgomery County Police,Injury Crash,11/29/2023 15:48,SAME DIRECTION SIDESWIPE,A1321012-D91D-408B-83F0-A8CABED47A4D,Unknown,POSSIBLE INJURY,N/A,UNKNOWN,MD,D8AC47B4-02E3-45CA-91DB-6763DAE41DEF,DISABLING,ONE OCLOCK,PASSENGER CAR,MOVING CONSTANT SPEED,East,35,2013,INFI
MCP2270001X,230047929,Montgomery County Police,Property Damage Crash,8/5/2023 10:25,SAME DIR REAR END,456AA9A3-72BD-468B-9870-B7B61D4599EE,No,NO APPARENT INJURY,"N/A, ROAD UNDER CONSTRUCTION/MAINTENANCE",NOT DISTRACTED,MD,AC9A2A0A-4903-43A1-940F-98823542CF3C,FUNCTIONAL,SIX OCLOCK,PASSENGER CAR,SLOWING OR STOPPING,West,35,2002,LNDR
MCP2821002Z,230048146,Montgomery County Police,Injury Crash,8/6/2023 22:20,STRAIGHT MOVEMENT ANGLE,16AE97F9-1EA1-4A43-B1E0-2723BA9E3A03,No,POSSIBLE INJURY,"RAIN, SNOW, WET",NOT DISTRACTED,MD,17C46098-36D0-4C10-9C0F-865C0FA26F7E,DISABLING,NINE OCLOCK,PASSENGER CAR,MOVING CONSTANT SPEED,North,30,2017,HYUNDAI
MCP2739002K,190045361,Montgomery County Police,Property Damage Crash,9/21/2019 23:44,SAME DIR REND RIGHT TURN,8FB7701F-3C89-4124-969B-B7BC722CB8DB,No,NO APPARENT INJURY,N/A,NOT DISTRACTED,MD,F2D932B1-106D-4340-8A0D-99AA252EBAC4,FUNCTIONAL,FIVE OCLOCK,TRANSIT BUS,MAKING RIGHT TURN,East,25,2009,GILLIG
EJ78980015,230055913,Gaithersburg Police Depar,Injury Crash,9/20/2023 12:25,SAME DIR REAR END,B4A1F768-89E1-48D3-BBFD-F36ABE354976,Yes,NO APPARENT INJURY,N/A,UNKNOWN,,55DD908E-46F0-486B-8950-ABB50EB1D725,UNKNOWN,TWELVE OCLOCK,UNKNOWN,CHANGING LANES,West,35,0,UNKNOWN
MCP2450004L,230048433,Montgomery County Police,Injury Crash,8/8/2023 16:58,STRAIGHT MOVEMENT ANGLE,C99B1235-89D0-4EED-B264-F435C21031FD,No,NO APPARENT INJURY,N/A,NOT DISTRACTED,MD,38B9775B-DA21-41C3-BE43-89E8F7BD670D,DISABLING,ELEVEN OCLOCK,PICKUP TRUCK,MOVING CONSTANT SPEED,South,35,2022,TOYOTA
MCP2456007Q,230053740,Montgomery County Police,Property Damage Crash,9/8/2023 6:45,SAME DIRECTION RIGHT TURN,C578C6E5-2F63-4671-A0B1-72E325AD0B28,Yes,NO APPARENT INJURY,N/A,UNKNOWN,,5B4B000C-8E89-486B-9115-312B8C81F1C2,SUPERFICIAL,TWO OCLOCK,SCHOOL BUS,MOVING CONSTANT SPEED,North,40,2020,UNKNOWN
DM85150008,230068434,Takoma Park Police Depart,Property Damage Crash,11/27/2023 0:54,SINGLE VEHICLE,2744484C-1583-4D49-A47E-32C2516A6191,Yes,NO APPARENT INJURY,"N/A, WET",UNKNOWN,XX,7708F487-1FA2-4AD7-8D9F-61BB60CCD346,SUPERFICIAL,TWO OCLOCK,MOTORCYCLE,MOVING CONSTANT SPEED,South,25,2015,HONDA
MCP26080055,230046873,Montgomery County Police,Injury Crash,7/29/2023 21:11,SAME DIR REAR END,D24E9971-11A9-42A8-992B-CF0B3D697B83,No,NO APPARENT INJURY,N/A,NOT DISTRACTED,MD,F0C5DBC4-FBFE-43B8-B744-CA5F596B3F52,DISABLING,SIX OCLOCK,PASSENGER CAR,SLOWING OR STOPPING,North,35,2015,TOYOTA
MCP27030036,230058532,Montgomery County Police,Property Damage Crash,10/4/2023 16:43,STRAIGHT MOVEMENT ANGLE,9EB1B860-821E-4DDA-8C22-CB9576C82BA0,No,NO APPARENT INJURY,N/A,NOT DISTRACTED,MD,780F4413-9675-445D-8FED-0B3FABA46168,SUPERFICIAL,THREE OCLOCK,PASSENGER CAR,MOVING CONSTANT SPEED,North,0,2015,NISSAN
MCP3150000L,180050037,Montgomery County Police,Injury Crash,10/6/2018 16:29,HEAD ON LEFT TURN,9348567E-D4B2-44A7-8A74-D2CB2C7CF20A,No,SUSPECTED MINOR INJURY,N/A,UNKNOWN,MD,8E1ADA45-1F1E-456A-A6F7-4663C6347B66,DISABLING,TWELVE OCLOCK,PASSENGER CAR,MOVING CONSTANT SPEED,South,40,2004,SUBARU
HA23250003,23002427,Maryland-National Capital,Property Damage Crash,12/28/2023 20:15,SINGLE VEHICLE,B9C4F4F2-A02C-4435-982A-8EC76EDA8153,Yes,NO APPARENT INJURY,"N/A, WET",NOT DISTRACTED,MD,474B7971-9DCE-4FC4-BF5B-3144281C3E51,DISABLING,ONE OCLOCK,PASSENGER CAR,MOVING CONSTANT SPEED,North,25,2021,HONDA
MCP2941004Q,230032042,Montgomery County Police,Property Damage Crash,8/3/2023 13:13,OTHER,40978A98-1D83-408D-A395-75F40EA55F05,No,NO APPARENT INJURY,N/A,NOT DISTRACTED,VA,7DD13237-AF9E-453C-A7B1-39D7DAB15C7A,SUPERFICIAL,SIX OCLOCK,PASSENGER CAR,PARKED,,10,2003,MERZ
MCP9390002K,230058133,Montgomery County Police,Property Damage Crash,10/2/2023 17:06,SAME DIR REAR END,5BCB551A-90A7-4C29-95B1-6E378358B3CD,Yes,NO APPARENT INJURY,N/A,UNKNOWN,MD,9AD86835-B322-4BFA-9593-245B2896C8CA,FUNCTIONAL,ELEVEN OCLOCK,PASSENGER CAR,SLOWING OR STOPPING,West,0,2008,GMC
MCP3317001B,230058184,Montgomery County Police,Property Damage Crash,10/2/2023 21:47,OTHER,F5084C68-617D-4611-8184-DD3BCA103079,No,NO APPARENT INJURY,N/A,NOT DISTRACTED,MD,8D1762FE-2414-4C50-BF08-DA9512D79DD5,FUNCTIONAL,NINE OCLOCK,PASSENGER CAR,STOPPED IN TRAFFIC LANE,West,15,1998,TOYT
MCP2895002Y,230034240,Montgomery County Police,Property Damage Crash,7/18/2023 16:30,SAME DIRECTION RIGHT TURN,745BF56E-DD02-4351-B52F-09245682B2E6,Unknown,NO APPARENT INJURY,N/A,NOT DISTRACTED,WV,E6777A9A-7BEE-4880-8C3D-7333E22EC548,NO DAMAGE,FIVE OCLOCK,PASSENGER CAR,ACCELERATING,North,25,2009,WAB
MCP3220004D,230066940,Montgomery County Police,Injury Crash,11/17/2023 17:25,HEAD ON LEFT TURN,4C8B5E74-B0E0-482F-8299-58074EAD9D41,Yes,NO APPARENT INJURY,N/A,LOOKED BUT DID NOT SEE,MD,D714FDBC-9B0D-4725-A679-5C2C0BAA6166,DISABLING,TWELVE OCLOCK,PASSENGER CAR,MAKING LEFT TURN,South,40,2019,TOYOTA
MCP3048003F,180038090,Montgomery County Police,Property Damage Crash,8/1/2018 9:36,SAME DIR REAR END,BA952BE1-B3A9-4B7E-BA2E-E618802B73A8,No,NO APPARENT INJURY,N/A,NOT DISTRACTED,PA,ED996434-39E4-4231-9444-DE663470B93B,DISABLING,SIX OCLOCK,PASSENGER CAR,STOPPED IN TRAFFIC LANE,East,30,2006,SATURN
MCP2923009M,230047739,Montgomery County Police,Property Damage Crash,8/4/2023 7:12,SAME DIR REAR END,6BE7566E-5E4B-42C5-9A11-10C2719FA541,No,NO APPARENT INJURY,"N/A, RAIN, SNOW",NOT DISTRACTED,MD,FF105334-988C-4C3D-9FB3-3ABB1DA0124D,DISABLING,SIX OCLOCK,(SPORT) UTILITY VEHICLE,SLOWING OR STOPPING,North,35,2016,HONDA
EJ7898000Z,230053963,Gaithersburg Police Depar,Property Damage Crash,9/9/2023 12:18,SAME DIR REAR END,0B36427D-71E3-4587-85DE-19BAE0043EFC,No,NO APPARENT INJURY,N/A,NOT DISTRACTED,MD,4D57DD9D-49CF-4B97-A168-A9008ABEAC6C,SUPERFICIAL,SIX OCLOCK,PASSENGER CAR,MOVING CONSTANT SPEED,North,30,1998,JAGU
MCP30850041,230048909,Montgomery County Police,Property Damage Crash,8/11/2023 12:50,SAME DIR REAR END,2F808864-8F1F-4AC9-913A-712A211E9ADB,No,NO APPARENT INJURY,N/A,NOT DISTRACTED,MD,086F8CB1-5CA0-41EC-9108-C8DAD5B91B94,FUNCTIONAL,SIX OCLOCK,PASSENGER CAR,STOPPED IN TRAFFIC LANE,South,35,2013,LEXUS