Report Number,Local Case Number,Agency Name,ACRS Report Type,Crash Date/Time,Collision Type,Person ID,Driver At Fault,Injury Severity,Circumstance,Driver Distracted By,Drivers License State,Vehicle ID,Vehicle Damage Extent,Vehicle First Impact Location,Vehicle Body Type,Vehicle Movement,Vehicle Going Dir,Speed Limit,Vehicle Year,Vehicle Make
MCP33470018,230059522,Montgomery County Police,Property Damage Crash,10/9/2023 17:30,SAME DIR REAR END,FCF3AC11-2F9B-4D57-AAC5-E5BB45FE1762,No,NO APPARENT INJURY,N/A,NOT DISTRACTED,MD,72C64C05-4C0E-43FB-A368-BE15406841C1,SUPERFICIAL,SIX OCLOCK,PASSENGER CAR,PARKED,,0,2006,HONDA
MCP2564003K,230051727,Montgomery County Police,Injury Crash,8/27/2023 21:58,STRAIGHT MOVEMENT ANGLE,A37F9637-4281-4132-9B73-1194215F956D,No,POSSIBLE INJURY,N/A,NOT DISTRACTED,MD,6DA24995-CDDE-4466-8189-7A7277D9FCB7,DISABLING,TEN OCLOCK,PASSENGER CAR,MAKING LEFT TURN,North,35,2009,HONDA
MCP33620024,230065513,Montgomery County Police,Property Damage Crash,11/10/2023 7:08,OPPOSITE DIR BOTH LEFT TURN,BF14EF75-9ECB-4C80-A4F8-7EECDFFD58CA,Yes,NO APPARENT INJURY,"RAIN, SNOW, WET",NOT DISTRACTED,MD,A35DBA31-8E8C-4220-8B79-3B780BEF6261,SUPERFICIAL,SEVEN OCLOCK,PASSENGER CAR,MAKING LEFT TURN,West,25,2021,TOYT
MCP3145003S,230049356,Montgomery County Police,Property Damage Crash,8/14/2023 10:00,SAME DIRECTION LEFT TURN,A1906B83-706C-4EFC-BC7C-193410B1DA33,Yes,NO APPARENT INJURY,N/A,LOOKED BUT DID NOT SEE,MD,77D819CF-3F9D-4EA8-B96D-34559DC32DF3,FUNCTIONAL,SEVEN OCLOCK,POLICE VEHICLE/EMERGENCY,CHANGING LANES,West,35,2018,FORD
DM8479000T,210020119,Takoma Park Police Depart,Property Damage Crash,5/27/2021 19:40,OTHER,E71C7734-35DE-46D3-B8ED-1AE52319434D,Unknown,NO APPARENT INJURY,N/A,UNKNOWN,,507C8AA4-646C-4AF5-9A8C-EF5405AD9960,UNKNOWN,ELEVEN OCLOCK,PASSENGER CAR,STARTING FROM PARKED,North,5,2014,TOYOTA
MCP3238002R,230055381,Montgomery County Police,Injury Crash,9/17/2023 13:42,HEAD ON LEFT TURN,38E4DCFA-C3CF-4D1F-9C81-727E33F337BE,Yes,NO APPARENT INJURY,N/A,NOT DISTRACTED,MD,2D1858C0-49A6-4ABC-B210-16E20F3D5966,DISABLING,TWELVE OCLOCK,PASSENGER CAR,MAKING LEFT TURN,North,35,2019,LEXS
MCP295400DK,230050755,Montgomery County Police,Injury Crash,8/22/2023 18:34,SAME DIR REAR END,112493CF-8200-432D-A758-C39EC525A2CD,No,POSSIBLE INJURY,N/A,NOT DISTRACTED,MD,A4C1CE50-FD84-4FC7-9466-043B9838491A,SUPERFICIAL,SIX OCLOCK,PASSENGER CAR,SLOWING OR STOPPING,South,40,2004,NISSAN
MCP235800BW,230062610,Montgomery County Police,Injury Crash,10/26/2023 6:30,STRAIGHT MOVEMENT ANGLE,D24833D0-3575-4C9F-B462-59CC82FBAFB6,Yes,NO APPARENT INJURY,N/A,NOT DISTRACTED,VA,EFF778AF-15FB-4EDD-89A7-AF86B1F36286,SUPERFICIAL,TWELVE OCLOCK,PASSENGER CAR,MAKING LEFT TURN,South,35,2012,HYUNDAI
DM85030015,230069170,Takoma Park Police Depart,Injury Crash,11/30/2023 17:18,OTHER,ECF1F14A-865E-41A2-BD20-A5D0BF89934B,Unknown,POSSIBLE INJURY,N/A,UNKNOWN,MD,9EDD8EA7-E05F-4C35-8004-A4F797920AE1,DESTROYED,TWELVE OCLOCK,PASSENGER CAR,MOVING CONSTANT SPEED,West,35,2018,NISSAN
DD5628005M,230061055,Rockville Police Departme,Property Damage Crash,10/17/2023 12:30,SAME DIR REAR END,F9132AB2-C1B1-4EE1-B1FB-4D38AC4BCA44,No,NO APPARENT INJURY,N/A,NOT DISTRACTED,MD,A04F807F-7648-41A6-84C5-022B5BA46606,FUNCTIONAL,SIX OCLOCK,PASSENGER CAR,SLOWING OR STOPPING,South,30,2007,HOND
MCP2656006Z,230029328,Montgomery County Police,Property Damage Crash,6/18/2023 19:30,OTHER,0BD7F4DA-D4FB-4381-8D94-53A0D44B5C1F,No,NO APPARENT INJURY,N/A,NOT DISTRACTED,MD,D0A69518-CB8E-4266-8967-52DEC2CD25A8,SUPERFICIAL,TWELVE OCLOCK,PASSENGER CAR,PARKED,,10,2022,TOYT
DM8462000B,180014054,Takoma Park Police Depart,Property Damage Crash,3/21/2018 12:56,STRAIGHT MOVEMENT ANGLE,AF278241-20F1-4DC3-8D09-86F60DE131F8,Yes,NO APPARENT INJURY,N/A,NOT DISTRACTED,MD,FDD60FF6-2479-48C1-8AD4-F368DEC08C0D,FUNCTIONAL,ONE OCLOCK,PASSENGER CAR,MOVING CONSTANT SPEED,East,35,2006,TOYT
MCP31150070,230064398,Montgomery County Police,Property Damage Crash,11/4/2023 12:40,OTHER,2B86092F-6D16-4758-A132-139B4C669CEF,Yes,NO APPARENT INJURY,N/A,NOT DISTRACTED,MD,51273B13-474F-4467-A51B-82424C63292A,DISABLING,TWELVE OCLOCK,VAN,MAKING LEFT TURN,North,35,2020,DODGE
MCP30910046,230062516,Montgomery County Police,Injury Crash,10/25/2023 14:00,SAME DIRECTION SIDESWIPE,44F2F5D6-0416-405F-A6F8-918EA2A28A89,Yes,NO APPARENT INJURY,N/A,UNKNOWN,MD,DE659897-0BB7-4DEC-95D0-29B3966C9ACE,SUPERFICIAL,THREE OCLOCK,PASSENGER CAR,MOVING CONSTANT SPEED,North,40,2021,KIA
MCP2966006R,230046514,Montgomery County Police,Property Damage Crash,7/27/2023 18:23,SAME DIR REAR END,4C5C5B00-4C95-4590-9588-7C2B8289EBB1,No,NO APPARENT INJURY,"N/A, RAIN, SNOW",NOT DISTRACTED,MD,57192CD6-B841-45D6-8D5F-DB031BBFC6FE,SUPERFICIAL,SIX OCLOCK,POLICE VEHICLE/NON EMERGENCY,SLOWING OR STOPPING,North,65,2018,CHEVROLET
MCP33290022,230059157,Montgomery County Police,Property Damage Crash,10/7/2023 17:02,HEAD ON LEFT TURN,A9E7A6C1-FEBA-4AF8-8E7A-0F37E3438EEC,No,NO APPARENT INJURY,N/A,NOT DISTRACTED,MD,68CB9BEB-95B8-4D84-AAC5-486F8F3F5A31,DISABLING,TWELVE OCLOCK,PASSENGER CAR,MOVING CONSTANT SPEED,North,55,2023,TESLA
MCP28450089,230073103,Montgomery County Police,Injury Crash,12/22/2023 10:00,SAME DIR REAR END,4E7A1C20-46BD-4B77-8F02-525D0C32291B,No,SUSPECTED MINOR INJURY,N/A,NOT DISTRACTED,MD,84065C7A-5BB2-41BD-BC6C-838829C67F8A,DESTROYED,SIX OCLOCK,(SPORT) UTILITY VEHICLE,MOVING CONSTANT SPEED,West,55,2018,MAZDA
MCP3274001R,230034495,Montgomery County Police,Property Damage Crash,7/20/2023 7:36,SAME DIR REAR END,50692747-3EE1-4C56-B3B9-B519037F501D,Yes,NO APPARENT INJURY,N/A,INATTENTIVE OR LOST IN THOUGHT,PA,606436EA-960A-4379-B651-76BF07E8FA4D,DISABLING,TWELVE OCLOCK,"OTHER LIGHT TRUCKS (10,000LBS (4,536KG) OR LESS)",MOVING CONSTANT SPEED,South,35,2019,NISS
MCP94420030,230023213,Montgomery County Police,Property Damage Crash,5/15/2023 8:08,OTHER,B0E0BFC3-5061-404E-BF72-45400D8D7407,Yes,NO APPARENT INJURY,N/A,NOT DISTRACTED,MD,D602E136-42F1-4E8B-AAD9-24CF4C89FD56,SUPERFICIAL,ONE OCLOCK,PASSENGER CAR,PASSING,North,10,2006,TOYOTA
MCP3201004W,230064699,Montgomery County Police,Property Damage Crash,10/26/2023 19:40,SAME DIR REND LEFT TURN,E2E25B62-5D73-4EE0-9A74-CE2A93D1FB03,No,NO APPARENT INJURY,N/A,NOT DISTRACTED,MD,0DB509A5-9DFC-443C-9DC6-C9E6FB8CA2A3,FUNCTIONAL,SIX OCLOCK,PASSENGER CAR,MAKING LEFT TURN,South,25,2013,BMW
MCP913000G5,230034860,Montgomery County Police,Injury Crash,7/22/2023 6:28,SAME DIR REAR END,4A13A249-6C2E-483F-A6F6-5D632824950B,Yes,SUSPECTED MINOR INJURY,N/A,LOOKED BUT DID NOT SEE,MD,44F12629-A05B-4219-A9A3-68DE29298A35,DISABLING,TWELVE OCLOCK,PASSENGER CAR,MOVING CONSTANT SPEED,South,40,2017,TOYOTA
MCP3372001V,230065250,Montgomery County Police,Property Damage Crash,11/10/2023 20:24,SAME DIR REAR END,EE17C35B-6F03-437D-A3B3-44B56382E57E,Yes,NO APPARENT INJURY,N/A,UNKNOWN,,928F1DA7-45EE-4AD9-B8CA-BFFC974EDD89,FUNCTIONAL,TWELVE OCLOCK,PASSENGER CAR,MOVING CONSTANT SPEED,South,35,2015,HONDA
MCP27610051,230069444,Montgomery County Police,Property Damage Crash,12/2/2023 9:45,SAME DIR REAR END,FEBCB30E-B954-4A10-88D1-950D0172F557,Yes,NO APPARENT INJURY,"N/A, WET",UNKNOWN,MD,0A29A781-8F63-4AC0-92F6-F4B248BE9FD8,SUPERFICIAL,TWELVE OCLOCK,PASSENGER CAR,MOVING CONSTANT SPEED,East,35,2021,HONDA
MCP1205009R,230057634,Montgomery County Police,Property Damage Crash,9/30/2023 7:11,STRAIGHT MOVEMENT ANGLE,4B08315F-D0E7-4DE1-A352-BE7F2192299E,No,NO APPARENT INJURY,N/A,NOT DISTRACTED,MD,B8A6B5C7-6A74-48FA-9272-22E6DA0CC6A1,DISABLING,ONE OCLOCK,PASSENGER CAR,MOVING CONSTANT SPEED,West,30,2018,TOYOTA
MCP3228005J,230070905,Montgomery County Police,Property Damage Crash,12/10/2023 11:30,SAME DIR REAR END,EBE7AE80-3C11-4272-B92B-CFFFE07799E1,Yes,NO APPARENT INJURY,"RAIN, SNOW, WET",LOOKED BUT DID NOT SEE,MD,97A60F1D-58BA-4BF2-B2FE-7A7EED9C4B52,DISABLING,TWELVE OCLOCK,PASSENGER CAR,SKIDDING,North,50,2005,TOYT
HA24200001,23002031,Maryland-National Capital,Property Damage Crash,10/23/2023 6:15,SINGLE VEHICLE,EC6DE3AC-3963-4132-87C0-E8B459790900,Yes,NO APPARENT INJURY,"DEBRIS OR OBSTRUCTION, N/A",NOT DISTRACTED,XX,FEDFC1E1-3394-4D4E-AA56-87CB41DED243,FUNCTIONAL,SIX OCLOCK,POLICE VEHICLE/NON EMERGENCY,PARKING,South,5,2018,CHRYS
DD5612004C,230057874,Rockville Police Departme,Injury Crash,10/1/2023 14:38,SAME DIRECTION RIGHT TURN,C7CFD20C-AA55-4551-8B94-A6FDBB2C845B,Yes,POSSIBLE INJURY,N/A,LOOKED BUT DID NOT SEE,MD,ED015677-68DC-4BB7-AF45-48FD44FBCCDE,DISABLING,ELEVEN OCLOCK,MOTORCYCLE,MOVING CONSTANT SPEED,South,25,2023,YAMA
MCP2780007H,230071164,Montgomery County Police,Injury Crash,12/11/2023 18:30,STRAIGHT MOVEMENT ANGLE,50006682-A4B8-4A9E-BBDD-6809FC9439CA,Yes,POSSIBLE INJURY,N/A,LOOKED BUT DID NOT SEE,MD,BE239737-0D17-4475-BBE5-E552670376EB,FUNCTIONAL,THREE OCLOCK,(SPORT) UTILITY VEHICLE,MAKING LEFT TURN,West,15,2009,LEXUS
MCP30900073,230051408,Montgomery County Police,Property Damage Crash,8/26/2023 2:20,HEAD ON,A8F69B9C-0262-4296-B2E5-A9F5DA34ED47,Yes,NO APPARENT INJURY,N/A,INATTENTIVE OR LOST IN THOUGHT,MD,B4E9D744-725F-407C-BFDF-FB3B44C5C76C,DISABLING,TWELVE OCLOCK,PASSENGER CAR,MOVING CONSTANT SPEED,South,25,2020,TOYOTA
EJ78880050,230054114,Gaithersburg Police Depar,Property Damage Crash,9/10/2023 16:10,SAME DIRECTION SIDESWIPE,6F345AF3-8BF9-40A7-9EFE-56ABAF537FBE,No,NO APPARENT INJURY,N/A,NOT DISTRACTED,MD,BDD94D09-1BF8-42A2-91A7-A022C8710F03,FUNCTIONAL,EIGHT OCLOCK,PASSENGER CAR,MOVING CONSTANT SPEED,North,50,2020,FORD
MCP3170003T,230074035,Montgomery County Police,Property Damage Crash,12/28/2023 15:01,SAME DIR REAR END,D0DD545C-4086-417E-8873-AEA72F1015AF,No,NO APPARENT INJURY,N/A,NOT DISTRACTED,MD,4E5B747C-E424-43B8-8E17-19CB398D277D,SUPERFICIAL,SIX OCLOCK,PASSENGER CAR,STOPPED IN TRAFFIC LANE,North,30,2007,LEXUS
MCP2871009B,230068115,Montgomery County Police,Property Damage Crash,11/24/2023 20:18,SAME DIR REAR END,3DC529E9-7B4F-433B-A459-2F0B7A53EF04,No,NO APPARENT INJURY,N/A,NOT DISTRACTED,MD,AE70FBB5-B9D3-435C-AFE1-B305539A6EE9,FUNCTIONAL,SIX OCLOCK,PASSENGER CAR,STARTING FROM LANE,South,35,2010,LEXS
MCP3009006V,230061811,Montgomery County Police,Injury Crash,10/21/2023 13:25,STRAIGHT MOVEMENT ANGLE,170326F0-5021-40EA-AE26-A6860B4569C7,Yes,NO APPARENT INJURY,"BACKUP DUE TO REGULAR CONGESTION, N/A",NOT DISTRACTED,MD,DA55DBE3-5D7D-4B60-BEE0-C70AF528F436,DISABLING,ONE OCLOCK,PASSENGER CAR,MAKING LEFT TURN,East,45,2013,VOLKSWAGEN
MCP3362001W,230056128,Montgomery County Police,Injury Crash,9/21/2023 14:56,SAME DIRECTION SIDESWIPE,8E10F5DF-48E0-44FB-B30C-3D53F997A4F3,Yes,NO APPARENT INJURY,N/A,NOT DISTRACTED,MD,0BCFE2F3-637E-4536-A89E-E3C0321BFF61,SUPERFICIAL,FIVE OCLOCK,PASSENGER CAR,CHANGING LANES,North,45,2003,TOYOTA
MCP3337001X,230057382,Montgomery County Police,Property Damage Crash,9/28/2023 20:03,SAME DIR REAR END,6A2FB135-90C5-478B-8804-05B329E0BD9C,Yes,NO APPARENT INJURY,N/A,NOT DISTRACTED,MD,0D34757B-DEDD-4973-BE36-3C3834EF6CB9,FUNCTIONAL,TWELVE OCLOCK,PASSENGER CAR,MOVING CONSTANT SPEED,North,30,2012,HONDA
EJ7871004Y,210025615,Gaithersburg Police Depar,Property Damage Crash,7/4/2021 0:41,OTHER,BF236038-D483-4A6C-9ECB-4FB9563A7698,No,NO APPARENT INJURY,N/A,NOT DISTRACTED,MD,7DC2DDE7-616F-4F5C-9570-7A48470AE989,N/A,SIX OCLOCK,PASSENGER CAR,PARKED,,0,2015,HYUNDAI
MCP27650069,230053707,Montgomery County Police,Property Damage Crash,9/7/2023 18:07,OTHER,EA3AB6AB-BAD9-462B-87C3-317E39252ADC,Yes,NO APPARENT INJURY,N/A,UNKNOWN,MD,5F8B381C-F6A2-4012-AA96-3A2143987895,FUNCTIONAL,SIX OCLOCK,PASSENGER CAR,BACKING,South,5,2014,HONDA
DD5567001M,230068858,Rockville Police Departme,Property Damage Crash,11/29/2023 8:39,SAME DIRECTION SIDESWIPE,728D908E-8093-4767-AC81-1EDA7C80D23C,Yes,NO APPARENT INJURY,N/A,UNKNOWN,MD,2F853057-D0B0-40ED-9C13-D3E8A5C1C71B,SUPERFICIAL,FOUR OCLOCK,SCHOOL BUS,MOVING CONSTANT SPEED,East,20,2020,THMS
MCP13780150,230046261,Montgomery County Police,Property Damage Crash,7/25/2023 12:15,OTHER,29DFC28C-62DA-4937-B211-E29256C8BF85,Yes,NO APPARENT INJURY,N/A,LOOKED BUT DID NOT SEE,MD,9EDB5454-F80C-4A7E-9015-C0F8D89A9E96,SUPERFICIAL,SIX OCLOCK,VAN,BACKING,South,30,2018,DODGE
MCP3337001Q,230048827,Montgomery County Police,Property Damage Crash,8/10/2023 23:14,N/A,B6A5D375-5DAC-4FA0-A907-BC5DB2AA8A0D,Yes,NO APPARENT INJURY,N/A,UNKNOWN,,B19EF3EB-AD6B-4892-BCD1-FA1E61892225,FUNCTIONAL,ONE OCLOCK,PASSENGER CAR,UNKNOWN,East,25,2003,YUKON
MCP2930003L,230053848,Montgomery County Police,Property Damage Crash,9/8/2023 17:05,OTHER,52A5D39E-D44C-402C-A36E-420BA645C9BC,Yes,NO APPARENT INJURY,N/A,LOOKED BUT DID NOT SEE,MD,EF7B4504-D8F8-412E-B9B7-9D40EF168E19,SUPERFICIAL,FIVE OCLOCK,SCHOOL BUS,MOVING CONSTANT SPEED,South,15,2014,THOM
MCP33500013,230052223,Montgomery County Police,Property Damage Crash,8/30/2023 13:10,STRAIGHT MOVEMENT ANGLE,31D9D161-6A1E-48CD-94E5-19AC1AC32A6A,No,NO APPARENT INJURY,N/A,NOT DISTRACTED,MD,139206AA-9B5E-4BC6-88E2-9FDAAA539DA1,FUNCTIONAL,TWELVE OCLOCK,(SPORT) UTILITY VEHICLE,STARTING FROM LANE,North,20,2014,HOND
MCP241100CF,230064376,Montgomery County Police,Property Damage Crash,11/4/2023 12:47,SAME DIR REAR END,F2FCE570-430C-402A-8A9F-F4F6D338EFE3,No,NO APPARENT INJURY,N/A,NOT DISTRACTED,MD,F887CA4B-6420-483D-854B-9C5C14EC0FF1,FUNCTIONAL,SIX OCLOCK,PASSENGER CAR,STOPPED IN TRAFFIC LANE,East,40,2017,HYUNDAI
MCP29870082,230052677,Montgomery County Police,Injury Crash,9/1/2023 17:14,STRAIGHT MOVEMENT ANGLE,F54830CE-4DF7-4D03-9A3B-855618EE16C9,No,SUSPECTED MINOR INJURY,N/A,NOT DISTRACTED,MD,4FE4250F-F321-465E-8435-7A0B7E9838F5,DESTROYED,TEN OCLOCK,PASSENGER CAR,MOVING CONSTANT SPEED,West,35,2013,HONDA
MCP2962008L,230069303,Montgomery County Police,Injury Crash,12/1/2023 13:35,STRAIGHT MOVEMENT ANGLE,95FCFD28-4EA6-4DDB-B899-759861FBABA3,Yes,SUSPECTED MINOR INJURY,"N/A, RAIN, SNOW",UNKNOWN,MD,BE9713E8-24BF-4409-B9DC-E791FE466C0B,DISABLING,TWELVE OCLOCK,PASSENGER CAR,STARTING FROM LANE,South,25,2018,HYUNDAI
MCP3403000B,230070456,Montgomery County Police,Injury Crash,12/7/2023 17:40,STRAIGHT MOVEMENT ANGLE,26623014-EAA6-492B-A1A3-1BC2A9440089,Unknown,NO APPARENT INJURY,N/A,UNKNOWN,MD,D4E892E2-BF2B-44C7-8E8A-BFC7F6D8368D,NO DAMAGE,ONE OCLOCK,PASSENGER CAR,MAKING RIGHT TURN,South,30,2006,TOYOTA
EJ78730084,230055950,Gaithersburg Police Depar,Property Damage Crash,9/20/2023 14:00,OTHER,01F96E08-69B5-4BEB-A18A-8915C4AB217C,Yes,NO APPARENT INJURY,N/A,NOT DISTRACTED,,D8083018-84D7-438E-9EF5-26F7ECE26AF7,UNKNOWN,SEVEN OCLOCK,PASSENGER CAR,BACKING,South,5,2021,TOYOTA
MCP2603000Z,170524955,Montgomery County Police,Injury Crash,8/15/2017 12:20,STRAIGHT MOVEMENT ANGLE,BF750925-6C52-4F44-A475-CC9735EBABF0,No,NO APPARENT INJURY,"RAIN, SNOW, WET",NOT DISTRACTED,MD,58AD0BA0-492A-4810-990C-FB6B6BE6ADF5,DISABLING,TWO OCLOCK,PASSENGER CAR,MOVING CONSTANT SPEED,South,25,1994,CHEV
MCP3044006X,230064040,Montgomery County Police,Property Damage Crash,11/2/2023 17:48,SAME DIR REAR END,64AD7CDB-0BF7-4C8B-B8D3-2B8E047355F3,No,NO APPARENT INJURY,N/A,NOT DISTRACTED,MD,DF60F01A-7425-40CC-9996-599956ADFE6E,FUNCTIONAL,SIX OCLOCK,PASSENGER CAR,SLOWING OR STOPPING,East,30,2023,KIA
DD5660000Q,230068281,Rockville Police Departme,Injury Crash,11/26/2023 17:01,OTHER,58610891-E872-4693-BC03-A81A4AF9F58A,Yes,NO APPARENT INJURY,"N/A, WET",LOOKED BUT DID NOT SEE,MD,59F67CD9-D775-4530-BF2D-E08013FC8EC6,NO DAMAGE,ONE OCLOCK,PASSENGER CAR,MAKING LEFT TURN,West,35,2021,TOYT
MCP30800047,230072621,Montgomery County Police,Injury Crash,12/19/2023 17:18,STRAIGHT MOVEMENT ANGLE,4F5804CF-4A04-4B25-96C4-141DB7F01B96,Unknown,NO APPARENT INJURY,N/A,UNKNOWN,MD,735159F9-F6B1-4F78-89D6-FF4F9F11D5C9,FUNCTIONAL,THREE OCLOCK,PASSENGER CAR,MOVING CONSTANT SPEED,South,40,2010,TOYOTA
MCP3284001S,230072138,Montgomery County Police,Property Damage Crash,12/17/2023 2:06,SINGLE VEHICLE,6BE694FF-E591-43D3-926A-C3CF35F23A8B,Yes,NO APPARENT INJURY,N/A,NOT DISTRACTED,MD,A3FC6879-6CC1-47CD-8F72-1B612D302CCD,DESTROYED,TWELVE OCLOCK,PASSENGER CAR,MOVING CONSTANT SPEED,East,35,2016,HYUNDAI
MCP3059003B,180059748,Montgomery County Police,Injury Crash,11/29/2018 19:53,SAME DIR REAR END,B3904DF6-3517-4996-B7DF-7B3E384E1F2F,Yes,NO APPARENT INJURY,N/A,UNKNOWN,MD,A03B715B-05C4-4292-B124-49E980BE689B,FUNCTIONAL,SIX OCLOCK,PASSENGER CAR,SLOWING OR STOPPING,East,35,2015,ACURA
MCP3256002K,230063814,Montgomery County Police,Property Damage Crash,11/1/2023 15:47,SAME DIR REAR END,0959588C-7FDF-4295-B741-40866EACF247,No,NO APPARENT INJURY,N/A,NOT DISTRACTED,MD,5E5D6EBF-994D-4C96-95F2-017053DC6EA8,SUPERFICIAL,SIX OCLOCK,PASSENGER CAR,SLOWING OR STOPPING,North,50,2007,MERC
MCP3067002Q,230034846,Montgomery County Police,Property Damage Crash,7/22/2023 2:00,OTHER,FE585699-AF15-485F-ABB9-33C2E07C67DB,No,NO APPARENT INJURY,N/A,NOT DISTRACTED,MD,6C37BBF1-BEB7-4681-8876-4FFCD0302DD0,FUNCTIONAL,TWELVE OCLOCK,POLICE VEHICLE/NON EMERGENCY,MOVING CONSTANT SPEED,North,55,2020,DODGE
MCP13780159,230048631,Montgomery County Police,Injury Crash,8/9/2023 17:33,SINGLE VEHICLE,FA33A064-2FB9-4639-B41F-A597D67B898A,Yes,POSSIBLE INJURY,N/A,ADJUSTING AUDIO AND OR CLIMATE CONTROLS,MD,ACC30480-7B07-4AC1-8C10-D6967FD1C945,DISABLING,ONE OCLOCK,PASSENGER CAR,MOVING CONSTANT SPEED,North,35,2010,INFI
DD5610003V,180015940,Rockville Police Departme,Property Damage Crash,4/2/2018 14:47,OTHER,E3AA0ABE-7D28-449A-8CD5-A51BC1891F96,Yes,NO APPARENT INJURY,N/A,UNKNOWN,MD,639C1F17-81F0-471D-A7B4-1E7E7B8565E8,FUNCTIONAL,SEVEN OCLOCK,"OTHER LIGHT TRUCKS (10,000LBS (4,536KG) OR LESS)",SLOWING OR STOPPING,East,25,2015,MACK
DD5665001Q,230065045,Rockville Police Departme,Property Damage Crash,11/8/2023 7:20,STRAIGHT MOVEMENT ANGLE,7C0AAE5D-F480-4D45-9806-ACBC70B763D1,Yes,NO APPARENT INJURY,N/A,LOOKED BUT DID NOT SEE,MD,A749DA4A-929F-4264-B33A-0266650DD55C,FUNCTIONAL,TWELVE OCLOCK,PASSENGER CAR,ACCELERATING,South,25,2020,JEEP
MCP3070001J,200029338,Montgomery County Police,Property Damage Crash,7/28/2020 14:30,SAME DIRECTION SIDESWIPE,85B7B3AC-F3C7-4FA5-9605-39F686F95275,Yes,NO APPARENT INJURY,N/A,LOOKED BUT DID NOT SEE,MD,D784CCE4-09AA-4591-B168-FA7C94E7C907,SUPERFICIAL,ELEVEN OCLOCK,PASSENGER CAR,MOVING CONSTANT SPEED,South,25,2016,MERCEDES
MCP32250047,230068361,Montgomery County Police,Injury Crash,11/26/2023 15:15,SAME DIRECTION SIDESWIPE,632C1BF8-E362-449A-888A-24117FF1CEBA,Yes,NO APPARENT INJURY,N/A,UNKNOWN,MD,FD70A004-5A35-4737-B2E1-EF298A27664E,DISABLING,ELEVEN OCLOCK,PASSENGER CAR,ACCELERATING,South,35,2009,HOND
DD56120041,230049400,Rockville Police Departme,Injury Crash,8/14/2023 13:45,STRAIGHT MOVEMENT ANGLE,263C67B6-D0D5-4DA5-B4CC-13B412D48CB6,No,NO APPARENT INJURY,N/A,NOT DISTRACTED,VA,1EA0B42B-182E-43DB-8B39-E4D3F26D5940,DISABLING,ONE OCLOCK,PASSENGER CAR,MOVING CONSTANT SPEED,West,25,2022,AUDI
MCP3148005N,230068395,Montgomery County Police,Property Damage Crash,11/26/2023 18:38,SAME DIR REAR END,6F0FFF9F-5028-4DC5-B8FB-305AD13CAEE6,Yes,NO APPARENT INJURY,"RAIN, SNOW, WET",LOOKED BUT DID NOT SEE,MD,FDDD1742-814D-42A6-82C4-C6A45E478B4B,SUPERFICIAL,TWELVE OCLOCK,(SPORT) UTILITY VEHICLE,SLOWING OR STOPPING,South,45,2004,LANDROVER
MCP3263003T,230062573,Montgomery County Police,Property Damage Crash,10/25/2023 19:30,SAME DIRECTION SIDESWIPE,5220A01C-DA62-44D2-9D5F-9A276589775D,Yes,NO APPARENT INJURY,N/A,UNKNOWN,MD,1EB25273-BFCD-4B1A-814C-056352B433EE,UNKNOWN,ONE OCLOCK,PASSENGER CAR,MOVING CONSTANT SPEED,East,25,2014,FORD
MCP3201004K,230054369,Montgomery County Police,Injury Crash,9/12/2023 7:40,STRAIGHT MOVEMENT ANGLE,885F2457-3B4E-42C6-B637-30841FE190F6,Yes,NO APPARENT INJURY,N/A,LOOKED BUT DID NOT SEE,MD,B16DC946-80F8-4AD4-A778-9185CA0C0791,DISABLING,TWELVE OCLOCK,PASSENGER CAR,MAKING LEFT TURN,West,40,2022,TOYT
MCP2620002P,230067847,Montgomery County Police,Injury Crash,11/22/2023 16:05,HEAD ON,8176E068-90AB-4CB8-986F-1DBD4D6ECAE4,Yes,POSSIBLE INJURY,N/A,NOT DISTRACTED,MD,901D3974-91EE-4071-9203-904588F2816A,FUNCTIONAL,TWELVE OCLOCK,(SPORT) UTILITY VEHICLE,MOVING CONSTANT SPEED,North,35,2013,VOLVO
MCP33420014,230047708,Montgomery County Police,Injury Crash,8/3/2023 21:28,SAME DIR REAR END,BA8739D3-7F26-46B4-9231-991E00DA0DDB,No,POSSIBLE INJURY,"RAIN, SNOW, WET",NOT DISTRACTED,MD,A1E8F3EA-3ADE-4E3F-B063-FC9D129B47C8,SUPERFICIAL,SIX OCLOCK,PASSENGER CAR,MOVING CONSTANT SPEED,North,25,2013,HYUNDAI