Report Number,Local Case Number,Agency Name,ACRS Report Type,Crash Date/Time,Collision Type,Person ID,Driver At Fault,Injury Severity,Circumstance,Driver Distracted By,Drivers License State,Vehicle ID,Vehicle Damage Extent,Vehicle First Impact Location,Vehicle Body Type,Vehicle Movement,Vehicle Going Dir,Speed Limit,Vehicle Year,Vehicle Make
MCP2450004S,230066759,Montgomery County Police,Property Damage Crash,11/16/2023 18:00,SAME DIR REAR END,81B40AF8-3A12-4345-B474-151313167164,No,NO APPARENT INJURY,N/A,NOT DISTRACTED,MD,7063FA41-9B25-423E-B1C8-DB27C3EF3A08,FUNCTIONAL,SIX OCLOCK,PASSENGER CAR,STOPPED IN TRAFFIC LANE,North,40,2010,HONDA
DD5663000F,230070334,Rockville Police Departme,Injury Crash,12/7/2023 8:20,OTHER,816C8667-1A22-4129-A29D-B00ADC8A97BA,No,NO APPARENT INJURY,N/A,NOT DISTRACTED,MD,FFE26944-43DA-41AB-990B-9DFE8D0F6D82,DISABLING,TWELVE OCLOCK,(SPORT) UTILITY VEHICLE,MOVING CONSTANT SPEED,South,45,2019,GMC
MCP25920037,230060461,Montgomery County Police,Injury Crash,10/14/2023 10:47,SAME DIR REAR END,BFA9C391-AADA-421B-A729-D176FB2A7C1A,Yes,NO APPARENT INJURY,"N/A, WET",UNKNOWN,MD,06BA67C2-8939-47AD-9B7E-868D0DA20AED,FUNCTIONAL,TWELVE OCLOCK,PASSENGER CAR,CHANGING LANES,South,30,2013,JEEP
MCP3227004Z,230062386,Montgomery County Police,Injury Crash,10/24/2023 20:27,SINGLE VEHICLE,C7B3DE71-16F6-483E-BE73-4ADB7C3C2765,No,NO APPARENT INJURY,N/A,NOT DISTRACTED,MD,88818D36-ABA9-47B6-9120-5949E9350DB8,SUPERFICIAL,TWELVE OCLOCK,PASSENGER CAR,MOVING CONSTANT SPEED,West,20,2012,CHEVY
MCP285900F3,230066436,Montgomery County Police,Property Damage Crash,11/15/2023 10:00,SINGLE VEHICLE,3DB0166C-0879-4B6A-96D3-3DA744C2F8B9,Yes,NO APPARENT INJURY,N/A,UNKNOWN,MD,B61C2923-1B2D-4049-8051-0DD950C33641,DISABLING,TWELVE OCLOCK,PASSENGER CAR,MOVING CONSTANT SPEED,South,30,2017,TOYOTA
MCP3039006G,230052851,Montgomery County Police,Property Damage Crash,9/2/2023 21:00,SAME DIR REAR END,46BF94CF-1091-46E0-B192-F87B966BD828,Yes,NO APPARENT INJURY,"N/A, RUTS, HOLES, BUMPS",NOT DISTRACTED,MD,FA9BF22A-8C26-43D6-A540-7D2E1919F2C1,SUPERFICIAL,SIX OCLOCK,PICKUP TRUCK,SLOWING OR STOPPING,South,30,2016,CHEVROLET
MCP28670014,15019060,Montgomery County Police,Property Damage Crash,4/23/2015 10:11,SAME DIRECTION SIDESWIPE,E75961CB-7ADE-4FB8-8C35-23924AEDB7B5,Yes,NO APPARENT INJURY,N/A,UNKNOWN,MD,B3CCE825-E9D8-488F-9C22-5F3B740EBEE1,SUPERFICIAL,UNKNOWN,PICKUP TRUCK,BACKING,Unknown,0,2007,TOYOTA
MCP3256002F,230053978,Montgomery County Police,Injury Crash,9/9/2023 15:00,SAME DIR REAR END,1516EA95-1874-450B-9464-AABDD1D376DC,No,POSSIBLE INJURY,"RAIN, SNOW, WET",NOT DISTRACTED,MD,5A6FFF41-0326-46A7-B691-14FCBFA6B46F,SUPERFICIAL,SIX OCLOCK,PASSENGER CAR,STOPPED IN TRAFFIC LANE,West,30,2011,TOYOTA
MCP2622003Y,230066243,Montgomery County Police,Property Damage Crash,11/14/2023 10:57,SINGLE VEHICLE,C187396D-A499-44E1-9827-841DF8810662,Yes,NO APPARENT INJURY,N/A,LOOKED BUT DID NOT SEE,MD,9F0FC356-5E89-4FB0-93F9-58D4DC97FC0E,SUPERFICIAL,TWO OCLOCK,TRANSIT BUS,MAKING LEFT TURN,East,55,2016,NEW FLYER
MCP29620080,230049755,Montgomery County Police,Property Damage Crash,8/16/2023 13:16,SAME DIRECTION LEFT TURN,B0383432-A3FA-4B8E-8179-BB5F0CBD0770,Yes,NO APPARENT INJURY,N/A,LOOKED BUT DID NOT SEE,MD,6A1A06EF-C37A-4786-A8C4-EAAC433BAF4B,DISABLING,TEN OCLOCK,PASSENGER CAR,MAKING LEFT TURN,North,35,2011,KIA
HA2492000R,23001664,Maryland-National Capital,Property Damage Crash,8/25/2023 14:56,SINGLE VEHICLE,DCA27DEB-AC43-4F7A-9005-4E8607F32299,Yes,NO APPARENT INJURY,N/A,UNKNOWN,MD,3DF3201B-B3F4-4CB2-BED5-FB0FC4A5D3FF,DISABLING,TWO OCLOCK,(SPORT) UTILITY VEHICLE,MOVING CONSTANT SPEED,West,35,2018,FORD
MCP3140002K,230071409,Montgomery County Police,Property Damage Crash,12/13/2023 5:21,OTHER,5557918D-23FF-4E98-9AD7-35483FDDA39D,Yes,NO APPARENT INJURY,N/A,INATTENTIVE OR LOST IN THOUGHT,MD,34CA84F9-4067-4C01-902B-A2FC44983DC7,DISABLING,TWELVE OCLOCK,PASSENGER CAR,MOVING CONSTANT SPEED,South,25,2017,JEEP
MCP2437005B,230057365,Montgomery County Police,Injury Crash,9/28/2023 18:31,SAME DIRECTION RIGHT TURN,5F9552E5-B6C8-4CF9-B404-3A6CAC1690AE,Yes,NO APPARENT INJURY,N/A,UNKNOWN,,85E98664-9509-43E5-AEA1-2200B03F60E8,UNKNOWN,TWELVE OCLOCK,,MAKING RIGHT TURN,North,40,0,UNKNOWN
MCP3161005T,230060890,Montgomery County Police,Injury Crash,10/16/2023 16:13,HEAD ON LEFT TURN,9F5DDC14-4953-418F-9F3C-047A4D9B400A,No,POSSIBLE INJURY,N/A,NOT DISTRACTED,MD,F845F38A-4972-461B-85A7-28E5C037EB1B,DESTROYED,TWELVE OCLOCK,PASSENGER CAR,MOVING CONSTANT SPEED,South,30,2021,HOND
MCP3256002Q,230073160,Montgomery County Police,Property Damage Crash,12/22/2023 15:00,HEAD ON LEFT TURN,EB3D95BA-FD89-4D92-8E71-52C9E924000C,Yes,NO APPARENT INJURY,N/A,LOOKED BUT DID NOT SEE,MD,1FA15C22-13E5-40DF-8925-84224611A011,DISABLING,TWELVE OCLOCK,PASSENGER CAR,MAKING LEFT TURN,South,50,2012,NISSAN
EJ78760062,230049816,Gaithersburg Police Depar,Property Damage Crash,8/16/2023 18:45,SAME DIR REAR END,1FF1E285-13FD-4D93-A287-A6F3EBAB34B7,No,NO APPARENT INJURY,N/A,NOT DISTRACTED,CT,3511E104-0032-46C3-91E6-00811527721F,SUPERFICIAL,SIX OCLOCK,PASSENGER CAR,STOPPED IN TRAFFIC LANE,South,40,2018,INFI
MCP2339008K,230048281,Montgomery County Police,Property Damage Crash,8/7/2023 17:45,SAME DIRECTION SIDESWIPE,2A5AE202-7F02-4A71-9CA6-FA0899B927F0,Yes,NO APPARENT INJURY,"RAIN, SNOW, WET",UNKNOWN,XX,2A50DEFB-3E75-4114-9CA9-D87F994C6484,SUPERFICIAL,TWO OCLOCK,PASSENGER CAR,MOVING CONSTANT SPEED,North,35,2011,HONDA
MCP0617005D,230050089,Montgomery County Police,Injury Crash,8/18/2023 11:07,SAME DIR REAR END,FF1C1E91-4F02-46AE-9C01-7476457F4B6B,No,POSSIBLE INJURY,N/A,NOT DISTRACTED,MD,8862FEDD-1A22-4AE6-84E3-9BCEEC407B69,FUNCTIONAL,SIX OCLOCK,PICKUP TRUCK,SLOWING OR STOPPING,East,30,2002,NISS
MCP32000091,230050062,Montgomery County Police,Injury Crash,8/18/2023 9:06,STRAIGHT MOVEMENT ANGLE,15433CB5-3E1B-4867-819F-553CD838BB57,No,NO APPARENT INJURY,N/A,NOT DISTRACTED,MD,D1F94545-5C6D-4F23-B6C4-1BDE92656484,FUNCTIONAL,TWELVE OCLOCK,"OTHER LIGHT TRUCKS (10,000LBS (4,536KG) OR LESS)",MOVING CONSTANT SPEED,East,20,2009,ISUZU
HA2368000B,16000959,Maryland-National Capital,Property Damage Crash,7/29/2016 13:20,OTHER,A2E4ABCB-777C-48F7-8A17-B6547C3CFC12,Yes,NO APPARENT INJURY,N/A,NOT DISTRACTED,PA,87EC410A-4B68-4451-9153-D73D9871029B,SUPERFICIAL,THREE OCLOCK,PASSENGER CAR,STARTING FROM LANE,North,25,2005,BUICK
MCP2866008N,230063386,Montgomery County Police,Injury Crash,10/30/2023 12:14,STRAIGHT MOVEMENT ANGLE,A99BECAE-2F0C-432B-BDE2-3E7928987B35,No,SUSPECTED MINOR INJURY,N/A,NOT DISTRACTED,MD,32C12142-34E1-42F0-9E3A-85F70D5CB70F,SUPERFICIAL,ONE OCLOCK,PASSENGER CAR,MAKING LEFT TURN,West,25,2017,JEEP
MCP31290014,190044578,Montgomery County Police,Injury Crash,9/17/2019 16:47,SAME DIRECTION SIDESWIPE,9B597988-8D81-464F-A2F4-243A7BE1B204,No,NO APPARENT INJURY,N/A,NOT DISTRACTED,MD,11002542-9E38-40D1-A330-E4F1F2A884B4,SUPERFICIAL,SEVEN OCLOCK,PASSENGER CAR,STOPPED IN TRAFFIC LANE,South,45,2010,TOYT
EJ7781004D,230051434,Gaithersburg Police Depar,Property Damage Crash,8/26/2023 9:08,HEAD ON LEFT TURN,67487E72-EE21-482B-85D7-0B70C7F1847A,No,NO APPARENT INJURY,N/A,NOT DISTRACTED,MD,B8E0DFBF-26A2-4924-91AD-0FE0FC4EC214,FUNCTIONAL,ELEVEN OCLOCK,PASSENGER CAR,STOPPED IN TRAFFIC LANE,South,15,2023,TESL
DD5567001Q,230069778,Rockville Police Departme,Property Damage Crash,12/4/2023 11:56,HEAD ON LEFT TURN,325B5B4B-58BD-49E1-8416-A57A941B9161,No,NO APPARENT INJURY,N/A,NOT DISTRACTED,MD,E41BE968-0BE8-4100-9973-F83CC576C6DF,DISABLING,TWELVE OCLOCK,PASSENGER CAR,MOVING CONSTANT SPEED,West,40,2010,NISS
MCP2712003D,190013736,Montgomery County Police,Property Damage Crash,3/13/2019 13:27,OTHER,551DCB32-8AC4-4BA0-B16F-28ADEBAAE012,Yes,NO APPARENT INJURY,N/A,UNKNOWN,MD,3F0D8BF5-8DAD-483D-9B92-6884BD5D3A2E,SUPERFICIAL,ONE OCLOCK,PASSENGER CAR,PARKING,South,15,2006,TOYOTA
MCP01130016,17009761,Montgomery County Police,Property Damage Crash,2/23/2017 12:01,OTHER,5E26D10C-34F6-4637-B7C5-9483DD9D4695,Yes,NO APPARENT INJURY,N/A,NOT DISTRACTED,MD,286DC23C-834F-416F-8F76-6E8C24303155,SUPERFICIAL,TWO OCLOCK,PASSENGER CAR,MOVING CONSTANT SPEED,South,25,2017,TOYOTA
MCP31680067,230071350,Montgomery County Police,Injury Crash,12/12/2023 18:04,STRAIGHT MOVEMENT ANGLE,F0BAC8B8-A944-46D9-B465-6098EE4EFE25,No,POSSIBLE INJURY,N/A,NOT DISTRACTED,MD,C18C0A53-9AF9-45C7-9107-736027EC8718,DISABLING,THREE OCLOCK,PASSENGER CAR,MOVING CONSTANT SPEED,East,25,2018,TOYOTA
MCP1566001S,230047051,Montgomery County Police,Property Damage Crash,7/31/2023 0:03,SINGLE VEHICLE,FBFF220C-F0F7-46AB-B4BB-D61FAB6CAFF1,Yes,NO APPARENT INJURY,N/A,UNKNOWN,,5EF19DD9-9CD2-4103-A10A-69883904E195,DESTROYED,TEN OCLOCK,PASSENGER CAR,MOVING CONSTANT SPEED,East,40,2006,BMW
MCP27230084,230067140,Montgomery County Police,Injury Crash,11/18/2023 18:15,SAME DIR REAR END,DAF24B41-E553-4AF6-97D7-78B43A1F4835,Yes,NO APPARENT INJURY,N/A,INATTENTIVE OR LOST IN THOUGHT,PA,D44C8DF2-45BF-4DC8-95D4-1E7C5D9BAEFA,DISABLING,TWELVE OCLOCK,PASSENGER CAR,MOVING CONSTANT SPEED,West,45,2019,FORD
MCP30080044,230070313,Montgomery County Police,Property Damage Crash,12/7/2023 0:30,N/A,0D53EA50-9544-47EC-8F2B-57FC52EB0903,Yes,NO APPARENT INJURY,N/A,NOT DISTRACTED,MD,63DD52EA-D27D-464E-819D-E12FECA5F58A,SUPERFICIAL,ELEVEN OCLOCK,PASSENGER CAR,MOVING CONSTANT SPEED,South,25,2018,FRHT
EJ7895002V,220044569,Gaithersburg Police Depar,Injury Crash,10/12/2022 8:25,SAME DIR REAR END,4C24C516-753C-4336-9745-6A01C8BEE57C,Yes,POSSIBLE INJURY,N/A,NOT DISTRACTED,MD,07BC4F85-E670-4D7D-A0D9-EFFD69834E87,FUNCTIONAL,TWELVE OCLOCK,PASSENGER CAR,SLOWING OR STOPPING,South,55,2005,CHEVY
MCP2620002J,230029153,Montgomery County Police,Injury Crash,6/17/2023 14:39,STRAIGHT MOVEMENT ANGLE,7D0910DB-A36F-448A-9C33-25EE16A084CF,Yes,SUSPECTED MINOR INJURY,N/A,UNKNOWN,MD,8AF3E143-5D78-4D1F-9DAA-71C93D697B1F,DESTROYED,NINE OCLOCK,PASSENGER CAR,MAKING LEFT TURN,East,35,2003,HONDA
MCP2347004C,230062619,Montgomery County Police,Property Damage Crash,10/26/2023 8:04,SAME DIR REAR END,2A353E26-FD7D-47A9-AC30-D7C936D53AC7,No,NO APPARENT INJURY,N/A,NOT DISTRACTED,MD,5018A318-996C-4B51-A29E-E51FAA581B2A,FUNCTIONAL,SIX OCLOCK,PASSENGER CAR,SLOWING OR STOPPING,West,30,2008,TOYOTA
MCP285900F6,230066887,Montgomery County Police,Property Damage Crash,11/17/2023 11:45,HEAD ON LEFT TURN,0B46671C-2125-47AB-8A27-25036799D19F,No,NO APPARENT INJURY,N/A,NOT DISTRACTED,MD,10F2C849-5B62-478C-AD76-E9A4CD21AAA0,DESTROYED,TWELVE OCLOCK,PASSENGER CAR,MOVING CONSTANT SPEED,North,35,2008,NISS
MCP302600BJ,230048537,Montgomery County Police,Property Damage Crash,8/9/2023 9:30,OTHER,0D2E8CBA-CBA8-4B2F-AD40-A468C517EAE0,Yes,NO APPARENT INJURY,N/A,NOT DISTRACTED,MD,9808BF89-70DA-4827-9B0A-E5FAC4C140D3,UNKNOWN,SIX OCLOCK,PASSENGER CAR,BACKING,East,15,2012,MERCEDES
MCP289100CJ,230046215,Montgomery County Police,Property Damage Crash,7/26/2023 13:38,STRAIGHT MOVEMENT ANGLE,708A6D71-C17E-4E6B-AFB2-4E54EE43393E,No,NO APPARENT INJURY,N/A,NOT DISTRACTED,MD,F84E7766-EE54-4C12-8F55-213A81CCE740,DISABLING,TWELVE OCLOCK,PASSENGER CAR,ACCELERATING,West,25,2018,HONDA
MCP21070048,230053749,Montgomery County Police,Injury Crash,9/8/2023 6:59,STRAIGHT MOVEMENT ANGLE,BD81663B-D7D0-4DA6-8D5F-38ADA50DE78C,Yes,POSSIBLE INJURY,N/A,NOT DISTRACTED,MD,492E33F8-B86C-4E47-823A-D51EF3761F60,DISABLING,TWELVE OCLOCK,PASSENGER CAR,MAKING LEFT TURN,West,35,2012,DODGE
MCP3136006P,230063970,Montgomery County Police,Property Damage Crash,11/2/2023 13:06,STRAIGHT MOVEMENT ANGLE,C0A6966B-A1A7-462F-BA45-228D030F83CF,Unknown,NO APPARENT INJURY,N/A,LOOKED BUT DID NOT SEE,MD,6FA523A1-AAD6-4B0A-84A3-1A0897018BC0,FUNCTIONAL,TEN OCLOCK,PASSENGER CAR,MOVING CONSTANT SPEED,West,40,2017,HOND
MCP2362002K,170548725,Montgomery County Police,Property Damage Crash,12/15/2017 11:18,OTHER,76E44B52-F1AE-499A-826E-DCF7DC70C8BB,Yes,NO APPARENT INJURY,N/A,UNKNOWN,MD,9DE11B8D-BEBD-4D39-A5E6-CB9C8CD9B088,UNKNOWN,UNKNOWN,PASSENGER CAR,PARKING,West,15,2012,TOYOTA
MCP2677001V,230069377,Montgomery County Police,Injury Crash,12/1/2023 18:29,SAME DIRECTION LEFT TURN,3902FB42-0EC1-4736-8A44-FE1C339057A1,Yes,POSSIBLE INJURY,"N/A, WET",UNKNOWN,MD,0122999A-342E-4C91-B6FD-182B7725F52A,DISABLING,ELEVEN OCLOCK,PASSENGER CAR,CHANGING LANES,South,45,2015,CHEVY
DM8439003D,190038759,Takoma Park Police Depart,Injury Crash,8/14/2019 6:50,SAME DIR REAR END,A2DBF41B-424E-46E8-B437-AA0E045CD975,Yes,NO APPARENT INJURY,N/A,UNKNOWN,MD,A01788A3-7F07-4572-B1AA-1628A04CD9D4,FUNCTIONAL,TWELVE OCLOCK,PASSENGER CAR,SLOWING OR STOPPING,North,35,2017,GMC
MCP136600CG,230060003,Montgomery County Police,Injury Crash,10/12/2023 7:56,HEAD ON LEFT TURN,ECC0F7D7-3930-4698-A6C5-56CDFE0B0EF0,Yes,NO APPARENT INJURY,N/A,LOOKED BUT DID NOT SEE,MD,EFAC8B2E-6F1B-4D32-B4E2-5D6D25558DC6,FUNCTIONAL,TWO OCLOCK,PASSENGER CAR,MAKING LEFT TURN,East,35,2015,FORD
EJ78650064,230060598,Gaithersburg Police Depar,Property Damage Crash,10/15/2023 0:50,SAME DIR REAR END,072541E1-9554-4FB6-A6A6-06A7CA6025C1,No,NO APPARENT INJURY,"RAIN, SNOW, WET",NOT DISTRACTED,MD,AD7A5BC2-9414-41C4-BB6F-C03582300580,SUPERFICIAL,TWELVE OCLOCK,PASSENGER CAR,PARKED,,10,2015,TOYOTA
MCP33580012,230073057,Montgomery County Police,Property Damage Crash,12/22/2023 0:30,STRAIGHT MOVEMENT ANGLE,172DC39E-A2DE-433E-9B09-A3EB920F1FB6,Yes,NO APPARENT INJURY,N/A,LOOKED BUT DID NOT SEE,MD,EA4F4841-DC14-4F23-A4C8-D89B73BFEA70,FUNCTIONAL,TWELVE OCLOCK,PASSENGER CAR,MOVING CONSTANT SPEED,North,35,2020,HONDA
MCP2914003X,16063817,Montgomery County Police,Property Damage Crash,12/12/2016 19:16,ANGLE MEETS LEFT TURN,447156CC-FC17-418B-BF2D-7883445C5D7B,Yes,NO APPARENT INJURY,N/A,NOT DISTRACTED,MD,B44B057E-9EB7-402B-8DFC-29DAE4F2881D,DISABLING,FOUR OCLOCK,PASSENGER CAR,MAKING LEFT TURN,West,40,2014,TOYOTA
MCP2582004Y,230073926,Montgomery County Police,Property Damage Crash,12/27/2023 23:46,OPPOSITE DIRECTION SIDESWIPE,02291D90-2B3B-4773-98DE-4D28D921334B,Yes,NO APPARENT INJURY,"RAIN, SNOW, WET",UNKNOWN,MD,471C2F8A-F306-488D-B569-9C355BF2D1DD,DISABLING,TWELVE OCLOCK,PICKUP TRUCK,NEGOTIATING A CURVE,East,35,2007,TOYOTA
MCP1210003Z,190043252,Montgomery County Police,Injury Crash,9/9/2019 20:35,HEAD ON LEFT TURN,BE9938D2-83C3-45D7-9309-EEF804A80C4C,No,SUSPECTED MINOR INJURY,N/A,UNKNOWN,MD,AF719339-5C17-445C-9749-827C31561AA8,DISABLING,TWELVE OCLOCK,MOTORCYCLE,MOVING CONSTANT SPEED,North,30,2019,DUCATI
MCP2052003F,230064189,Montgomery County Police,Property Damage Crash,10/28/2023 19:00,SINGLE VEHICLE,0F092F48-EC45-4630-A03B-B4E9AA2E35AF,No,NO APPARENT INJURY,N/A,NOT DISTRACTED,MD,11CBBD1C-4A00-450B-93FC-4FB9344404BD,SUPERFICIAL,ROOF TOP,PICKUP TRUCK,BACKING,West,5,2023,TOYT
MCP3089003Z,230054169,Montgomery County Police,Injury Crash,9/11/2023 6:48,SAME DIRECTION RIGHT TURN,EE1DDE2C-0CE7-4A82-B991-77D58410B9D5,No,SUSPECTED MINOR INJURY,N/A,NOT DISTRACTED,MD,06A86871-7992-4C1B-BF68-64A61B460616,FUNCTIONAL,ELEVEN OCLOCK,TRANSIT BUS,STOPPED IN TRAFFIC LANE,North,15,2009,GILL
MCP9301004V,230071048,Montgomery County Police,Property Damage Crash,12/11/2023 10:00,STRAIGHT MOVEMENT ANGLE,64A0A752-DCE6-45BD-9C95-724FA1E2C655,No,NO APPARENT INJURY,"N/A, WET",NOT DISTRACTED,MD,06B3AFCA-9BC5-4C4A-BF04-0CDAC4C61F84,DISABLING,TWELVE OCLOCK,PASSENGER CAR,MOVING CONSTANT SPEED,East,30,2024,TOYOTA
MCP209400N5,230073138,Montgomery County Police,Property Damage Crash,12/22/2023 13:04,HEAD ON LEFT TURN,AF97CEF3-914D-44B5-8CEE-10698B015B6E,Yes,NO APPARENT INJURY,N/A,UNKNOWN,MD,A3C305A8-C3ED-4F61-A3DE-3AF8F220FACD,DISABLING,ELEVEN OCLOCK,PASSENGER CAR,MOVING CONSTANT SPEED,East,45,2023,HYUNDAI
MCP3330001R,230069431,Montgomery County Police,Injury Crash,12/2/2023 7:56,SAME DIR REAR END,016BBB20-68F7-45A0-A8DE-9CFBC670A0B9,No,POSSIBLE INJURY,"RAIN, SNOW, WET",UNKNOWN,XX,59CE0B89-5120-4825-A58E-DBC7C2F51598,DISABLING,SIX OCLOCK,PASSENGER CAR,SLOWING OR STOPPING,South,35,2020,TOYT
MCP31110078,230058268,Montgomery County Police,Property Damage Crash,9/19/2023 15:10,SAME DIRECTION SIDESWIPE,7AFC7976-AD33-468D-807A-41FA40C54E76,No,NO APPARENT INJURY,N/A,NOT DISTRACTED,MD,8F661B72-6E24-4A6E-B3A8-557DC8E617D8,SUPERFICIAL,ONE OCLOCK,"OTHER LIGHT TRUCKS (10,000LBS (4,536KG) OR LESS)",MOVING CONSTANT SPEED,South,30,2021,DODGE
EJ7885003Y,230072252,Gaithersburg Police Depar,Property Damage Crash,12/17/2023 18:41,SAME DIR REAR END,AC032E31-578C-4108-AC80-05D71C59310E,No,NO APPARENT INJURY,"RAIN, SNOW, WET",NOT DISTRACTED,MD,739F5230-EAD0-4E88-ABF5-558801CB7FBB,FUNCTIONAL,SIX OCLOCK,PASSENGER CAR,MOVING CONSTANT SPEED,South,50,2020,VOLV
MCP33410029,230051625,Montgomery County Police,Property Damage Crash,8/27/2023 11:00,SAME DIR REAR END,DC1F0558-10D9-430A-B88A-EF1AA0BE7601,Yes,NO APPARENT INJURY,N/A,LOOKED BUT DID NOT SEE,MD,262BE2EB-26E2-4350-859A-B16F59436C45,DISABLING,ONE OCLOCK,PASSENGER CAR,MOVING CONSTANT SPEED,North,35,2011,CHEVORLET
MCP3003001K,170518477,Montgomery County Police,Property Damage Crash,7/11/2017 14:32,SAME DIR REAR END,183832C7-B8BF-47BE-899D-31092A3FCCB2,No,NO APPARENT INJURY,N/A,NOT DISTRACTED,MD,BFBF241F-4044-4A66-9F59-C7B80F7F1BEE,SUPERFICIAL,SIX OCLOCK,PASSENGER CAR,MAKING U TURN,South,40,2013,KIA
MCP12130089,230058126,Montgomery County Police,Property Damage Crash,10/2/2023 16:55,STRAIGHT MOVEMENT ANGLE,23B0B27B-602B-43B8-891F-2DA23C8B6535,No,NO APPARENT INJURY,N/A,NOT DISTRACTED,MD,69F50680-4E11-46C7-ADFF-A4500CF2166E,DISABLING,TWELVE OCLOCK,VAN,MOVING CONSTANT SPEED,North,40,2004,FORD
MCP3271003K,230034443,Montgomery County Police,Property Damage Crash,7/19/2023 12:13,SAME DIRECTION SIDESWIPE,A5E5B690-5D59-4BFD-A156-754C19E087A0,No,NO APPARENT INJURY,N/A,NOT DISTRACTED,MD,7110EE0A-E45A-4FC4-946B-99D13377DCBF,SUPERFICIAL,ONE OCLOCK,PASSENGER CAR,MOVING CONSTANT SPEED,North,35,2013,ACUR
DM84940039,230058257,Takoma Park Police Depart,Property Damage Crash,10/3/2023 10:36,STRAIGHT MOVEMENT ANGLE,DDAC02B6-C76D-458F-8E93-E2C227CD0347,No,NO APPARENT INJURY,N/A,UNKNOWN,MD,CD1A5F78-0913-47F5-8CB8-7C4487030743,DISABLING,NINE OCLOCK,PASSENGER CAR,MOVING CONSTANT SPEED,South,25,2006,PONTIAC
MCP291400F8,230063461,Montgomery County Police,Property Damage Crash,10/30/2023 17:34,OTHER,73AB276C-BC73-4FD7-9B81-589D797F544A,Yes,NO APPARENT INJURY,N/A,NOT DISTRACTED,MD,CA63ED2E-2002-4FB3-BE25-6CE757BC9FF5,FUNCTIONAL,TWELVE OCLOCK,PASSENGER CAR,MAKING LEFT TURN,South,35,2014,JEEP
MCP2420004Z,230035024,Montgomery County Police,Injury Crash,7/23/2023 9:25,SAME DIRECTION LEFT TURN,C1758E99-1ACD-4D86-A72E-D5781B140726,No,NO APPARENT INJURY,N/A,NOT DISTRACTED,MD,BB40290C-2AE9-49C8-A00D-EA4B2A51F243,FUNCTIONAL,TWELVE OCLOCK,PASSENGER CAR,MOVING CONSTANT SPEED,South,30,2008,HONDA
MCP2875007T,230064977,Montgomery County Police,Property Damage Crash,11/7/2023 18:32,HEAD ON LEFT TURN,F5B8BB85-6753-4DB6-BEC4-8951C64522BA,Yes,NO APPARENT INJURY,N/A,NOT DISTRACTED,MD,A8DC7900-B8AC-42D8-AC3B-A9FE265C6252,SUPERFICIAL,TWELVE OCLOCK,POLICE VEHICLE/NON EMERGENCY,MAKING LEFT TURN,South,40,2014,FORD
MCP2228001H,230056630,Montgomery County Police,Property Damage Crash,9/24/2023 13:30,SINGLE VEHICLE,3FBAFA88-984B-4951-9047-B1AD7FC6CC51,Yes,NO APPARENT INJURY,"N/A, WET",NOT DISTRACTED,DC,BB8A8E7D-1534-4864-8281-E3C8480EB44E,FUNCTIONAL,FOUR OCLOCK,PASSENGER CAR,MOVING CONSTANT SPEED,North,45,2008,SUBARU
MCP2586006M,230055258,Montgomery County Police,Property Damage Crash,9/16/2023 16:50,SINGLE VEHICLE,58D600A6-AE88-45A5-9EC3-26B37CC02B78,Yes,NO APPARENT INJURY,N/A,NOT DISTRACTED,MD,94F7D5E9-5C09-4471-9744-DDD99701D3A1,DISABLING,TWELVE OCLOCK,(SPORT) UTILITY VEHICLE,NEGOTIATING A CURVE,North,15,2005,TOYOTA
EJ78750040,230060927,Gaithersburg Police Depar,Property Damage Crash,10/17/2023 19:17,STRAIGHT MOVEMENT ANGLE,98F3A5C2-C021-47F0-9481-607B5E878A40,Yes,NO APPARENT INJURY,N/A,NOT DISTRACTED,MD,EB95971D-98DC-4C72-9506-13EB5DE04AE8,SUPERFICIAL,TWELVE OCLOCK,PASSENGER CAR,STOPPED IN TRAFFIC LANE,East,25,2016,FORD
MCP32950033,230048985,Montgomery County Police,Property Damage Crash,8/11/2023 18:29,OTHER,4E52D691-7CEA-45E0-9FEA-34729695D7D0,Unknown,NO APPARENT INJURY,N/A,NOT DISTRACTED,MD,D9834B8D-CD4B-412F-900F-7B5DFA140B47,SUPERFICIAL,SIX OCLOCK,OTHER BUS,MAKING LEFT TURN,North,35,2014,MCI