Report Number,Local Case Number,Agency Name,ACRS Report Type,Crash Date/Time,Collision Type,Person ID,Driver At Fault,Injury Severity,Circumstance,Driver Distracted By,Drivers License State,Vehicle ID,Vehicle Damage Extent,Vehicle First Impact Location,Vehicle Body Type,Vehicle Movement,Vehicle Going Dir,Speed Limit,Vehicle Year,Vehicle Make
MCP3341002T,230068650,Montgomery County Police,Property Damage Crash,11/28/2023 8:15,SAME DIR REAR END,C44C9CE8-63A8-48BD-8EE2-30C7EB75CE2A,No,NO APPARENT INJURY,N/A,NOT DISTRACTED,MD,E00FEA8F-4E5A-4AE5-AE78-89A882269D8E,NO DAMAGE,SIX OCLOCK,SCHOOL BUS,MAKING RIGHT TURN,West,35,2019,FRHT
MCP2552006G,230054880,Montgomery County Police,Property Damage Crash,9/14/2023 15:30,SAME DIRECTION SIDESWIPE,E49A08F7-AD82-4134-973E-AD9FB023ECC5,No,NO APPARENT INJURY,N/A,NOT DISTRACTED,MD,6AF05917-C4E7-441E-A319-C5B4A16C6BB7,SUPERFICIAL,FIVE OCLOCK,PICKUP TRUCK,STOPPED IN TRAFFIC LANE,East,35,2023,RAM
MCP2761004Z,230066029,Montgomery County Police,Injury Crash,11/13/2023 9:52,SAME DIR REAR END,40C9DD11-CB1D-4FE9-9A8E-1CE2A928E949,No,POSSIBLE INJURY,N/A,NOT DISTRACTED,MD,4DCABFA9-4A5B-414E-9A5F-CFC27448C6FC,SUPERFICIAL,SIX OCLOCK,PASSENGER CAR,STOPPED IN TRAFFIC LANE,East,45,2010,CHRYSLER
DD5527004X,230056697,Rockville Police Departme,Property Damage Crash,9/25/2023 1:05,SINGLE VEHICLE,815A9A00-C0D5-4089-A860-5D372DD56612,Yes,NO APPARENT INJURY,N/A,NOT DISTRACTED,MD,5BC4A6B9-54A0-4660-8F36-534E87B582D1,DISABLING,ONE OCLOCK,PASSENGER CAR,MOVING CONSTANT SPEED,East,30,1999,HONDA
MCP94420034,230054185,Montgomery County Police,Injury Crash,9/11/2023 8:00,OTHER,83099416-31A9-4E1E-9C02-E9B25D369B46,No,SUSPECTED MINOR INJURY,"RAIN, SNOW, WET",NOT DISTRACTED,MD,A72DF8A0-7632-44C4-8931-3BD761E8EDC7,DISABLING,ELEVEN OCLOCK,PASSENGER CAR,STOPPED IN TRAFFIC LANE,West,35,2019,BMW
MCP15000028,230061484,Montgomery County Police,Property Damage Crash,10/19/2023 15:53,SAME DIR REAR END,AD877993-7161-47E7-8BE5-644CFBE2CBEF,Yes,NO APPARENT INJURY,N/A,NOT DISTRACTED,MD,F7BF6D5D-C3DE-4DBD-8CFB-5C0DFB257535,DISABLING,TWELVE OCLOCK,PASSENGER CAR,SLOWING OR STOPPING,East,35,2019,HONDA
MCP2425009H,170513775,Montgomery County Police,Property Damage Crash,6/15/2017 6:51,SAME DIRECTION SIDESWIPE,88EC390A-537A-4A38-BAA6-31FBB9288004,No,NO APPARENT INJURY,N/A,NOT DISTRACTED,MD,D90B433E-7BF3-4A23-AEFE-0CEEC313A642,SUPERFICIAL,ELEVEN OCLOCK,TRANSIT BUS,MAKING LEFT TURN,South,30,2000,THOMAS
MCP26820025,200005089,Montgomery County Police,Property Damage Crash,1/31/2020 7:20,HEAD ON LEFT TURN,17A9D554-6195-44C7-9B42-50C089BFACF4,Yes,NO APPARENT INJURY,N/A,UNKNOWN,MD,FE9F0CCF-CEBF-42DC-A9B3-74EF7580BAE6,DISABLING,ONE OCLOCK,"OTHER LIGHT TRUCKS (10,000LBS (4,536KG) OR LESS)",MAKING LEFT TURN,South,35,2011,CADI
MCP3130002Z,200042327,Montgomery County Police,Injury Crash,10/27/2020 8:04,SAME DIRECTION SIDESWIPE,0DABEFC3-E2AA-4845-AD5A-6DB1017363EE,Yes,SUSPECTED MINOR INJURY,N/A,INATTENTIVE OR LOST IN THOUGHT,MD,49BCF342-D89D-4383-B447-FD5B28169CA4,DISABLING,ONE OCLOCK,PASSENGER CAR,MOVING CONSTANT SPEED,East,30,2018,KIA
MCP3291001N,230051522,Montgomery County Police,Property Damage Crash,8/26/2023 17:00,SAME DIRECTION RIGHT TURN,3EDB8224-5E7F-4317-AC71-53413A1FCE2B,Yes,NO APPARENT INJURY,N/A,LOOKED BUT DID NOT SEE,MD,B779ADD2-DA29-4042-A880-DC033BDF787B,NO DAMAGE,ONE OCLOCK,PASSENGER CAR,MAKING RIGHT TURN,North,30,2015,TOYT
MCP2982000F,16002301,Montgomery County Police,Property Damage Crash,1/13/2016 8:56,OTHER,54B8AB07-F36C-4C8F-A33C-183AAD24324E,Yes,NO APPARENT INJURY,N/A,DISTRACTED BY OUTSIDE PERSON OBJECT OR EVENT,MD,84985D8B-A9BE-4B64-9291-C020710FA1AB,FUNCTIONAL,ONE OCLOCK,RECREATIONAL VEHICLE,BACKING,East,30,2015,FRHT
MCP31260054,230073882,Montgomery County Police,Injury Crash,12/27/2023 17:20,STRAIGHT MOVEMENT ANGLE,7C4763F0-86ED-4741-B164-149FCF8D547D,No,POSSIBLE INJURY,"RAIN, SNOW, WET",NOT DISTRACTED,MD,4790B3C3-F9E7-4407-B3C0-D6B1F68E0857,DESTROYED,TWELVE OCLOCK,PASSENGER CAR,MOVING CONSTANT SPEED,North,40,2015,FORD
MCP13780152,230046516,Montgomery County Police,Property Damage Crash,7/27/2023 18:34,SAME DIR REAR END,4E21C390-E827-42C8-9B8E-4D45505A5F05,Yes,NO APPARENT INJURY,N/A,NOT DISTRACTED,MD,2CFB7F28-819B-404A-A5D4-B468593433FC,DISABLING,TWELVE OCLOCK,PASSENGER CAR,SLOWING OR STOPPING,North,35,1995,BMW
MCP2440001H,230055687,Montgomery County Police,Injury Crash,9/19/2023 8:20,OPPOSITE DIRECTION SIDESWIPE,D7F24F64-63F1-4838-A0B7-A3A41D3D9379,Yes,NO APPARENT INJURY,N/A,UNKNOWN,,91CD2BD5-B24C-42AD-82B1-C78B50180AA6,UNKNOWN,ONE OCLOCK,PICKUP TRUCK,MAKING RIGHT TURN,West,35,1999,DODGE
MCP304800BV,230072391,Montgomery County Police,Property Damage Crash,12/18/2023 14:30,OTHER,1F1F9CC5-CD34-4CDA-8760-F2067D88900C,Yes,NO APPARENT INJURY,N/A,UNKNOWN,MD,0228B565-3753-4ADB-AABA-FC4A3312EC01,SUPERFICIAL,SIX OCLOCK,AMBULANCE/EMERGENCY,BACKING,East,5,2018,FRHT
MCP9437002F,230050571,Montgomery County Police,Injury Crash,8/21/2023 17:10,STRAIGHT MOVEMENT ANGLE,19FE21FB-DA1A-46ED-93CE-FB496675E306,No,NO APPARENT INJURY,N/A,NOT DISTRACTED,MD,0016F13A-F837-4028-A53C-36BEC49D0297,SUPERFICIAL,ONE OCLOCK,PASSENGER CAR,MOVING CONSTANT SPEED,West,30,2014,CHEV
MCP3374001N,230071205,Montgomery County Police,Injury Crash,12/12/2023 5:23,STRAIGHT MOVEMENT ANGLE,34F6B965-C1EB-450D-A76B-C7D6371D8649,Yes,SUSPECTED MINOR INJURY,N/A,OTHER CELLULAR PHONE RELATED,MD,7B8E0D73-1795-4040-B682-01F166FA7D12,DESTROYED,ONE OCLOCK,PASSENGER CAR,MOVING CONSTANT SPEED,East,35,2020,CHEVY
DD56120040,230048700,Rockville Police Departme,Property Damage Crash,8/10/2023 8:43,STRAIGHT MOVEMENT ANGLE,11508559-3C26-4CB0-AD7B-D74805ABB433,No,NO APPARENT INJURY,N/A,NOT DISTRACTED,MD,0BB5A75B-5701-41BD-B840-F0A922422FF1,DISABLING,FIVE OCLOCK,PASSENGER CAR,MAKING LEFT TURN,North,35,2016,LEXUS
MCP209400MH,230048727,Montgomery County Police,Injury Crash,8/10/2023 12:48,OTHER,2E6F3C66-0E02-401C-BE8B-ABDFA379A60E,Yes,NO APPARENT INJURY,N/A,NOT DISTRACTED,MD,A354F899-7808-4EA6-8644-E27D5C8D8476,SUPERFICIAL,SIX OCLOCK,PASSENGER CAR,BACKING,Unknown,0,2013,MERZEDES
MCP2761004L,230053422,Montgomery County Police,Property Damage Crash,9/6/2023 12:02,HEAD ON LEFT TURN,202E2F7C-7BA0-4EF8-9587-2E3CCE230161,Yes,NO APPARENT INJURY,N/A,UNKNOWN,DC,7B4CD6B4-A5AA-4592-9DF1-9AF172F44ED8,FUNCTIONAL,TWELVE OCLOCK,PASSENGER CAR,MOVING CONSTANT SPEED,South,35,2014,GMC
MCP3221002K,230055426,Montgomery County Police,Property Damage Crash,9/17/2023 20:38,HEAD ON LEFT TURN,9D3F23B2-774B-4451-81B0-2FE7D5B60DD0,No,NO APPARENT INJURY,"RAIN, SNOW, WET",NOT DISTRACTED,MD,6F01E268-C8BC-4B35-9A79-D724339D23CD,DISABLING,ONE OCLOCK,PASSENGER CAR,MOVING CONSTANT SPEED,East,40,2018,TOYOTA
MCP271700Y1,230059014,Montgomery County Police,Property Damage Crash,10/6/2023 19:15,SAME DIRECTION RIGHT TURN,27003B0C-3AC5-497C-8A6A-622A2FC67A5D,No,NO APPARENT INJURY,N/A,NOT DISTRACTED,MD,097BDF29-EB7F-498D-8D24-2CBD35EE3C90,FUNCTIONAL,ELEVEN OCLOCK,PASSENGER CAR,MOVING CONSTANT SPEED,East,35,2013,TOYOTA
MCP2934004D,220001471,Montgomery County Police,Property Damage Crash,1/12/2022 20:50,SAME DIRECTION SIDESWIPE,68931DC3-1250-4C29-9D4A-408AB85B0CCE,Yes,NO APPARENT INJURY,N/A,UNKNOWN,,FDCF06B1-6239-4FDA-BA3D-A72DA436AA36,UNKNOWN,UNKNOWN,(SPORT) UTILITY VEHICLE,MAKING LEFT TURN,South,35,2018,SUBARU
MCP3374001F,230059775,Montgomery County Police,Injury Crash,10/10/2023 22:50,HEAD ON LEFT TURN,51DBA09C-D26E-4613-9AA6-66E7D1AF779D,No,SUSPECTED MINOR INJURY,N/A,LOOKED BUT DID NOT SEE,MD,037F48B4-8730-49E1-9C90-D6B773432EC5,DISABLING,TEN OCLOCK,PASSENGER CAR,PARKING,Unknown,5,2019,HONDA
MCP27710030,230071259,Montgomery County Police,Property Damage Crash,12/12/2023 10:49,SAME DIR REAR END,8AED7080-DAAF-4FD4-AD53-7FBBE49605F2,No,NO APPARENT INJURY,N/A,NOT DISTRACTED,MD,11336788-D047-48C1-9205-38EBFFBFB1C7,SUPERFICIAL,SIX OCLOCK,PASSENGER CAR,MOVING CONSTANT SPEED,West,40,2008,TOYT
MCP3170003K,230061299,Montgomery County Police,Property Damage Crash,10/18/2023 16:52,OTHER,4406C152-279F-4382-9C00-1570EB152E30,Yes,NO APPARENT INJURY,N/A,LOOKED BUT DID NOT SEE,,04C7FF92-8FEE-4819-8901-B6CF9511C921,UNKNOWN,UNKNOWN,PASSENGER CAR,UNKNOWN,South,0,2013,HONDA
MCP2780007F,230063222,Montgomery County Police,Property Damage Crash,10/29/2023 14:45,SINGLE VEHICLE,73CCAB5E-97F2-44FE-AF30-D13F233A4A53,Yes,NO APPARENT INJURY,N/A,INATTENTIVE OR LOST IN THOUGHT,MD,B1A97DEA-7449-4A6C-9F21-60E7055B977C,FUNCTIONAL,TWELVE OCLOCK,(SPORT) UTILITY VEHICLE,ACCELERATING,West,15,2016,GMC
DD5567001H,230066464,Rockville Police Departme,Property Damage Crash,11/15/2023 12:25,SINGLE VEHICLE,3A9DBDC6-C3D5-41FB-9253-6A88663CDC55,No,NO APPARENT INJURY,N/A,NOT DISTRACTED,MD,0D888FEE-C2DE-4540-8EB0-C1F04A1D5A3C,NO DAMAGE,SIX OCLOCK,OTHER,BACKING,East,0,2018,PETERBUILT
MCP31610060,230070439,Montgomery County Police,Injury Crash,12/7/2023 16:19,HEAD ON LEFT TURN,23C11A97-263C-4968-BD3C-7F96241740E5,No,POSSIBLE INJURY,N/A,NOT DISTRACTED,MD,401D958A-B420-4B1B-AB54-8914B3021706,DISABLING,TWELVE OCLOCK,PASSENGER CAR,MOVING CONSTANT SPEED,North,35,2023,ACUR
MCP2536004W,230073511,Montgomery County Police,Property Damage Crash,12/25/2023 2:00,OTHER,15B426DE-C9D3-4F9B-A103-BCF477BFEB5A,Yes,NO APPARENT INJURY,N/A,NOT DISTRACTED,MD,B70EC632-6379-4AFB-8184-C7DDA0F15307,SUPERFICIAL,TWELVE OCLOCK,PASSENGER CAR,SLOWING OR STOPPING,South,15,2008,HONDA
MCP1400001H,230056205,Montgomery County Police,Property Damage Crash,9/21/2023 22:22,SAME DIR REAR END,E08DD998-6DCE-41CE-953E-8F6D24782CFE,Yes,NO APPARENT INJURY,N/A,TALKING OR LISTENING TO CELLULAR PHONE,MD,59825A19-A808-4A8A-861F-84E53A429B42,DISABLING,TWELVE OCLOCK,PASSENGER CAR,SLOWING OR STOPPING,South,45,2016,HYUN
DM8494002Y,230027360,Takoma Park Police Depart,Property Damage Crash,6/7/2023 15:09,OTHER,A72FFED4-3135-4F17-AB01-13732D8C876C,Yes,NO APPARENT INJURY,N/A,UNKNOWN,,DB2E3E28-6B3B-4519-83C3-215261958802,SUPERFICIAL,SIX OCLOCK,PASSENGER CAR,STARTING FROM PARKED,Unknown,5,2019,TOYOTA
MCP2853009D,230066990,Montgomery County Police,Injury Crash,11/17/2023 21:08,STRAIGHT MOVEMENT ANGLE,C873003A-4ED2-4F65-8AE8-18E7978FD6C2,No,SUSPECTED MINOR INJURY,N/A,NOT DISTRACTED,DC,2D3DA378-CBF4-41EF-85D0-5D68B19F984D,DESTROYED,TWELVE OCLOCK,PASSENGER CAR,MOVING CONSTANT SPEED,South,40,2019,MITSUBISHI
MCP2405000N,220045224,Montgomery County Police,Property Damage Crash,10/15/2022 13:00,STRAIGHT MOVEMENT ANGLE,CCE4C647-954A-4A26-AFF1-7118AA82A951,Yes,NO APPARENT INJURY,N/A,NOT DISTRACTED,MD,5085EB21-5265-4FD9-8A24-C54FE86C6C66,DISABLING,ELEVEN OCLOCK,PASSENGER CAR,MAKING LEFT TURN,East,35,2020,TOYOTA
MCP289200FP,230071960,Montgomery County Police,Injury Crash,12/15/2023 17:24,HEAD ON,70076033-F91D-422E-9730-BEC9F4011FD1,Yes,POSSIBLE INJURY,N/A,OTHER DISTRACTION,MD,979448A2-4A44-4EE9-82D0-5D34F398493A,DISABLING,TWELVE OCLOCK,PASSENGER CAR,MOVING CONSTANT SPEED,North,25,2022,HONDA
MCP3361000X,230059128,Montgomery County Police,Property Damage Crash,10/7/2023 14:44,STRAIGHT MOVEMENT ANGLE,CB3DF454-6A54-4D46-BDD8-4FF95D12C427,No,NO APPARENT INJURY,N/A,NOT DISTRACTED,MD,FE8277AC-BAD5-48A1-BEDE-AAE0C1762E21,DISABLING,ELEVEN OCLOCK,PASSENGER CAR,MAKING LEFT TURN,East,15,2013,KIA
MCP3196003W,230063513,Montgomery County Police,Property Damage Crash,10/31/2023 4:02,SINGLE VEHICLE,5ACF2B8A-F015-463F-8D96-73D1ADE142F1,Yes,NO APPARENT INJURY,N/A,UNKNOWN,XX,4C6B27C4-B249-478F-B05C-C4D3E3FF8BBA,DISABLING,TWELVE OCLOCK,PASSENGER CAR,UNKNOWN,North,35,2012,FORD
DD5638002J,210011820,Rockville Police Departme,Injury Crash,3/30/2021 6:45,STRAIGHT MOVEMENT ANGLE,3D162086-1BF7-4A03-A6BD-ED8C2B370574,Unknown,SUSPECTED MINOR INJURY,N/A,NOT DISTRACTED,MD,CD7192F6-0D20-4227-8851-C9D5F68488F5,DISABLING,TWELVE OCLOCK,PASSENGER CAR,MOVING CONSTANT SPEED,West,30,2004,TOYT
MCP3339002Z,230065524,Montgomery County Police,Injury Crash,11/10/2023 8:37,SAME DIR REAR END,B3EFA037-0ED5-430D-BDA9-89823BD5C621,No,NO APPARENT INJURY,N/A,NOT DISTRACTED,MD,B824B800-7E5D-491B-869C-7E93B38EA37C,FUNCTIONAL,SIX OCLOCK,PASSENGER CAR,STARTING FROM LANE,West,35,2017,HYUNDAI
MCP32090043,230017913,Montgomery County Police,Property Damage Crash,4/15/2023 0:07,SINGLE VEHICLE,C3216C34-EDAF-4EFD-A600-175DC6D88C35,Yes,NO APPARENT INJURY,N/A,NOT DISTRACTED,MD,F8E7B625-CE8E-4944-B787-67FC956E1D7E,OTHER,UNDERSIDE,PASSENGER CAR,ACCELERATING,South,30,2014,HONDA
MCP2345000X,230056158,Montgomery County Police,Property Damage Crash,9/21/2023 17:02,SAME DIR REAR END,A92BAA58-C48C-4534-853A-9387D32912AC,No,NO APPARENT INJURY,"BACKUP DUE TO NON-RECURRING INCIDENT, N/A",NOT DISTRACTED,MD,1DA24B19-039B-4CCB-A65B-EF249A962AAC,SUPERFICIAL,SEVEN OCLOCK,(SPORT) UTILITY VEHICLE,SLOWING OR STOPPING,North,35,2015,SUBARU
MCP242500J1,230066301,Montgomery County Police,Property Damage Crash,11/14/2023 15:17,SAME DIR REAR END,539ADA64-015E-4793-B4B4-2E93408CCF55,Yes,NO APPARENT INJURY,N/A,UNKNOWN,MD,D5252AFE-C71A-49B4-8F5A-AA90C5451063,SUPERFICIAL,TWELVE OCLOCK,PASSENGER CAR,SLOWING OR STOPPING,North,35,2011,HONDA
DD5611001J,16040699,Rockville Police Departme,Property Damage Crash,8/11/2016 11:21,OTHER,88EE5B0F-840F-4F33-8A5E-50AEA65E2C5A,Unknown,NO APPARENT INJURY,N/A,UNKNOWN,,B8E5709C-10FC-4FF8-897F-F2F8942AF4DB,UNKNOWN,UNKNOWN,PASSENGER CAR,BACKING,North,5,2002,MERZ
MCP3362001X,230056888,Montgomery County Police,Property Damage Crash,9/26/2023 6:47,ANGLE MEETS RIGHT TURN,61BC4236-1AE8-41B8-8EAA-FE5B8F4FBEF2,Yes,NO APPARENT INJURY,"RAIN, SNOW, WET",LOOKED BUT DID NOT SEE,MD,8169D4A7-A203-4DBE-8E24-E6978350EE62,DISABLING,NINE OCLOCK,PASSENGER CAR,RIGHT TURN ON RED,North,25,2010,LINC
MCP31380064,230069389,Montgomery County Police,Property Damage Crash,12/1/2023 17:50,SINGLE VEHICLE,565F31ED-3195-4DBF-8C8A-264FD0954EB9,Yes,NO APPARENT INJURY,"RAIN, SNOW, WET",LOOKED BUT DID NOT SEE,MD,7B921765-E1F7-474E-844D-E67DE1720F10,DISABLING,ELEVEN OCLOCK,POLICE VEHICLE/EMERGENCY,SLOWING OR STOPPING,East,30,2015,CHEVROLET
MCP2863002X,230047325,Montgomery County Police,Property Damage Crash,8/1/2023 15:15,SAME DIR REAR END,3D20BE88-EF6E-4B1F-99B3-1D5570F10967,Yes,NO APPARENT INJURY,N/A,NOT DISTRACTED,MD,60BE0439-40E2-437E-8457-EC4469CE4213,SUPERFICIAL,TWELVE OCLOCK,(SPORT) UTILITY VEHICLE,SLOWING OR STOPPING,South,50,2018,JEEP
MCP2683006W,230061998,Montgomery County Police,Injury Crash,10/22/2023 17:27,SAME DIRECTION SIDESWIPE,1BE2C1D1-713C-4CF0-9375-014FC4892122,Yes,NO APPARENT INJURY,N/A,NOT DISTRACTED,MD,C8D46A09-C6CB-4D06-A46C-649D9755BBAA,FUNCTIONAL,TEN OCLOCK,POLICE VEHICLE/NON EMERGENCY,ACCELERATING,East,35,2004,TOYT
MCP2059007Q,230052190,Montgomery County Police,Property Damage Crash,8/30/2023 11:10,UNKNOWN,4FC277C5-8788-47E3-AD64-694F76244808,Yes,NO APPARENT INJURY,N/A,UNKNOWN,,37C9EDF2-723F-46D2-969E-A4C4BD79D297,UNKNOWN,UNKNOWN,,STARTING FROM PARKED,Unknown,10,0,UNKNOWN
DD5625004P,210002651,Rockville Police Departme,Injury Crash,1/21/2021 18:16,HEAD ON LEFT TURN,5C7B7577-1474-4BE6-8E5E-344E99124627,No,NO APPARENT INJURY,N/A,NOT DISTRACTED,MD,0A41B476-D492-43FE-98F4-C6AA02B65C06,DISABLING,TWELVE OCLOCK,PASSENGER CAR,STOPPED IN TRAFFIC LANE,South,40,2012,NISS
MCP3230004K,230046303,Montgomery County Police,Property Damage Crash,7/26/2023 20:45,SAME DIR REAR END,A4C56B95-16C2-466C-828E-0B12F30F7571,Yes,NO APPARENT INJURY,N/A,NOT DISTRACTED,MD,49007EC2-69F0-4272-9616-A3F1DA12276C,DISABLING,TWELVE OCLOCK,PASSENGER CAR,MOVING CONSTANT SPEED,East,35,2019,KIA
MCP29410052,230068662,Montgomery County Police,Injury Crash,11/28/2023 9:15,SAME DIRECTION SIDESWIPE,98269075-81D5-4097-8366-0819B6568EF1,Yes,POSSIBLE INJURY,N/A,LOOKED BUT DID NOT SEE,MD,F9DDB9EE-E41A-46C5-B328-9CA769135C48,SUPERFICIAL,SEVEN OCLOCK,PASSENGER CAR,CHANGING LANES,South,35,2023,TOYT
MCP27030035,230057155,Montgomery County Police,Property Damage Crash,9/27/2023 14:49,SAME DIR REAR END,EB0B289D-3F28-4AD2-ABCC-F5B00F686B38,No,NO APPARENT INJURY,N/A,NOT DISTRACTED,MD,11D5154C-C3AD-4AE1-98D6-D5820606DACC,DISABLING,SIX OCLOCK,PASSENGER CAR,SLOWING OR STOPPING,North,35,2008,HOND
MCP3010008L,230049386,Montgomery County Police,Property Damage Crash,8/14/2023 12:59,SAME DIR REAR END,E5B713BA-92B7-47E9-951E-9CA1AFD27335,Yes,NO APPARENT INJURY,N/A,NOT DISTRACTED,MD,8CE980FF-31D2-4E71-AECF-0A537503C0FA,SUPERFICIAL,TWELVE OCLOCK,PASSENGER CAR,SLOWING OR STOPPING,West,30,2014,TOYT
MCP9386009P,230059858,Montgomery County Police,Property Damage Crash,10/11/2023 13:00,SAME DIRECTION RIGHT TURN,71CE14D1-B540-4573-B79B-CB46D221B80A,No,NO APPARENT INJURY,N/A,NOT DISTRACTED,MD,8A0A824B-94F2-40F7-8F89-60F0D8553187,SUPERFICIAL,ELEVEN OCLOCK,TRANSIT BUS,ACCELERATING,East,35,2020,GILLIG
MCP14330058,230048991,Montgomery County Police,Injury Crash,8/11/2023 19:20,OTHER,AC5A3A77-D8E7-42F3-B9A3-84D926AF6AE3,Yes,NO APPARENT INJURY,N/A,LOOKED BUT DID NOT SEE,MD,E6AB2F67-923C-4E1F-856D-5796F24D2C45,SUPERFICIAL,ONE OCLOCK,PASSENGER CAR,MAKING RIGHT TURN,West,30,2012,HYUN
EJ7898000L,230034657,Gaithersburg Police Depar,Property Damage Crash,7/20/2023 21:38,STRAIGHT MOVEMENT ANGLE,6329A40E-BE6F-4168-A51C-6D1B3F358623,No,NO APPARENT INJURY,N/A,NOT DISTRACTED,MD,408B39AA-F0D0-47DF-9F20-509CF495D9F4,DISABLING,ELEVEN OCLOCK,PASSENGER CAR,MOVING CONSTANT SPEED,North,35,2008,CHEV
MCP2941004L,230028168,Montgomery County Police,Property Damage Crash,6/12/2023 6:33,SAME DIR BOTH LEFT TURN,256E004E-BEAD-4432-885F-0A12936B20BE,No,NO APPARENT INJURY,N/A,NOT DISTRACTED,MD,C3F18D75-B865-470D-AE7A-6B64CB656E24,SUPERFICIAL,TWO OCLOCK,TRANSIT BUS,MAKING LEFT TURN,North,35,2019,GILG BU
MCP31910047,230061666,Montgomery County Police,Property Damage Crash,10/20/2023 15:45,SAME DIR REAR END,3D468728-0306-4A96-AD73-76D13CB56497,Unknown,NO APPARENT INJURY,"RAIN, SNOW, WET",NOT DISTRACTED,MD,67B3613B-BD03-407B-839C-D4598681F214,FUNCTIONAL,TWELVE OCLOCK,PASSENGER CAR,MOVING CONSTANT SPEED,North,30,2018,NISSAN
DD5610008D,230056332,Rockville Police Departme,Property Damage Crash,9/22/2023 15:35,SINGLE VEHICLE,2D678D72-7110-4C67-8FE8-797A8A6CFD25,Yes,NO APPARENT INJURY,N/A,UNKNOWN,,DDB8E350-66E0-45B4-BF10-C99361234417,N/A,UNKNOWN,PASSENGER CAR,UNKNOWN,Unknown,5,2016,HONDA
MCP3256002S,230074164,Montgomery County Police,Property Damage Crash,12/29/2023 14:53,SAME DIRECTION SIDESWIPE,EDC5A5B4-6879-49E2-B7FE-9CBCA6DF5027,Yes,NO APPARENT INJURY,N/A,LOOKED BUT DID NOT SEE,MD,7367FE30-81D8-4CB5-8056-1D23CA78D352,SUPERFICIAL,ELEVEN OCLOCK,(SPORT) UTILITY VEHICLE,CHANGING LANES,East,35,2016,FORD
MCP263900GB,230071249,Montgomery County Police,Property Damage Crash,12/12/2023 10:29,SAME DIR REAR END,E20A5820-B407-48DC-A5FA-591E68AC9517,Yes,NO APPARENT INJURY,"ICY OR SNOW-COVERED, V WIPERS|W OTHER ENVIRONMENTAL",NOT DISTRACTED,MD,5E6DF46A-978F-4336-ABF7-67D213727AB3,DISABLING,TWELVE OCLOCK,PICKUP TRUCK,MAKING LEFT TURN,East,30,2003,DODGE
MCP3140002D,230049045,Montgomery County Police,Property Damage Crash,8/12/2023 3:26,SINGLE VEHICLE,36FFD74A-2C22-4F76-AD3D-CC8A0B7B204D,Yes,NO APPARENT INJURY,N/A,LOOKED BUT DID NOT SEE,MD,BC609981-0E7F-40FD-852B-BB159FEFE7AA,DISABLING,TWELVE OCLOCK,PASSENGER CAR,MAKING LEFT TURN,South,25,2015,FIAT
MCP20470056,230065789,Montgomery County Police,Injury Crash,11/11/2023 13:58,SAME DIR REAR END,448922A9-39F1-452E-90D3-368151D525FD,No,NO APPARENT INJURY,N/A,NOT DISTRACTED,MD,6958D283-9A17-4F2D-87D7-DB43B1984E54,SUPERFICIAL,SIX OCLOCK,RECREATIONAL VEHICLE,STOPPED IN TRAFFIC LANE,South,40,2022,JEEP
EJ78760063,230049837,Gaithersburg Police Depar,Property Damage Crash,8/16/2023 21:00,OTHER,8DDF4F20-D3B6-4B0C-BFE7-1FB826CEBA29,No,NO APPARENT INJURY,N/A,NOT DISTRACTED,MD,BA020E19-EC6C-458A-BE05-543A49882BFD,DISABLING,TWELVE OCLOCK,PASSENGER CAR,MOVING CONSTANT SPEED,West,35,2017,HONDA
MCP2895002Z,230047373,Montgomery County Police,Property Damage Crash,8/1/2023 20:09,HEAD ON LEFT TURN,3526AB5E-6014-44CD-97E3-80729AAC803B,No,NO APPARENT INJURY,N/A,NOT DISTRACTED,MD,37389307-6CD4-49C2-88C9-7E206B4E17A0,DISABLING,ONE OCLOCK,PASSENGER CAR,MOVING CONSTANT SPEED,South,30,2018,LEXUS
MCP242500HS,230034209,Montgomery County Police,Property Damage Crash,7/18/2023 15:07,SAME DIRECTION SIDESWIPE,6BF7DBCC-49C3-45D0-9201-2CEE7D008353,Yes,NO APPARENT INJURY,N/A,NOT DISTRACTED,MD,F15079FF-DA4F-458F-B4C1-B10663CA1953,NO DAMAGE,TWO OCLOCK,PICKUP TRUCK,MOVING CONSTANT SPEED,North,30,2016,FORD
MCP9419004S,230052916,Montgomery County Police,Injury Crash,9/3/2023 9:35,STRAIGHT MOVEMENT ANGLE,9B956B83-E777-4B40-B553-9DE9C7C6DFC0,No,NO APPARENT INJURY,N/A,NOT DISTRACTED,MD,31E29086-8643-4F3C-83EE-E14F2225C042,DISABLING,ONE OCLOCK,PASSENGER CAR,MOVING CONSTANT SPEED,East,40,2012,HONDA