Report Number,Local Case Number,Agency Name,ACRS Report Type,Crash Date/Time,Collision Type,Person ID,Driver At Fault,Injury Severity,Circumstance,Driver Distracted By,Drivers License State,Vehicle ID,Vehicle Damage Extent,Vehicle First Impact Location,Vehicle Body Type,Vehicle Movement,Vehicle Going Dir,Speed Limit,Vehicle Year,Vehicle Make
MCP2620002P,230067847,Montgomery County Police,Injury Crash,11/22/2023 16:05,HEAD ON,4633CFF8-87CC-4B2C-A4FC-A3B41C4AD87A,No,SUSPECTED MINOR INJURY,N/A,NOT DISTRACTED,MD,EFFE56AF-F2C6-4DBF-A579-C828C6828136,DISABLING,TWELVE OCLOCK,(SPORT) UTILITY VEHICLE,MOVING CONSTANT SPEED,South,35,2023,MERZ
MCP32850022,230035147,Montgomery County Police,Property Damage Crash,7/24/2023 5:22,SAME DIRECTION SIDESWIPE,20DFACA7-B446-42B0-BD71-C22E1DFAAA60,Yes,NO APPARENT INJURY,"RAIN, SNOW, WET",UNKNOWN,MD,6B4D703A-9AB1-40D2-80D0-D98F4FA49C1D,DISABLING,TWELVE OCLOCK,PASSENGER CAR,MOVING CONSTANT SPEED,North,25,2014,HONDA
MCP3292001X,230064016,Montgomery County Police,Property Damage Crash,11/2/2023 16:00,SAME DIRECTION RIGHT TURN,33205803-07B8-4824-AF61-6C6173DE1951,No,NO APPARENT INJURY,N/A,NOT DISTRACTED,MD,DE02FCDA-EF7D-4D6C-AE0F-D4C81B4504BF,SUPERFICIAL,SEVEN OCLOCK,PASSENGER CAR,MOVING CONSTANT SPEED,West,35,2015,ACURA
MCP3190005K,230068894,Montgomery County Police,Property Damage Crash,11/29/2023 11:25,STRAIGHT MOVEMENT ANGLE,94B2BFB6-831E-4016-BDB3-25BCB5A28974,No,NO APPARENT INJURY,N/A,NOT DISTRACTED,MD,21178316-1C8C-4584-ADDA-69DAC9E82BF0,DISABLING,TWELVE OCLOCK,PASSENGER CAR,MOVING CONSTANT SPEED,East,30,2005,KIA
MCP263900G0,230046232,Montgomery County Police,Injury Crash,7/25/2023 12:51,HEAD ON LEFT TURN,279EFF1D-BD45-409B-B336-E7C5B9BA2846,No,POSSIBLE INJURY,"BACKUP DUE TO REGULAR CONGESTION, N/A",NOT DISTRACTED,MD,40C8249A-CC29-45E2-90AB-B2C3C98989FD,DISABLING,TWELVE OCLOCK,PASSENGER CAR,MOVING CONSTANT SPEED,South,45,1999,LEXUS
MCP003600H5,230053293,Montgomery County Police,Injury Crash,9/5/2023 15:06,SAME DIR REAR END,C90E2219-2625-42EB-99E6-47A8A5607BE0,No,POSSIBLE INJURY,N/A,NOT DISTRACTED,MD,B9168562-1A14-4B39-89E2-8267587F2CF4,FUNCTIONAL,SIX OCLOCK,PICKUP TRUCK,STOPPED IN TRAFFIC LANE,North,40,2012,TOYOTA
MCP3071002C,230051570,Montgomery County Police,Property Damage Crash,8/26/2023 22:39,STRAIGHT MOVEMENT ANGLE,3FE9AAA1-06A1-4BF0-84E5-0F8733236019,No,NO APPARENT INJURY,N/A,NOT DISTRACTED,MD,FB329141-3ADC-47E1-B4C2-A91B270C9BA1,DISABLING,TWELVE OCLOCK,PASSENGER CAR,MOVING CONSTANT SPEED,West,45,2009,TOYT
MCP2752005S,230055256,Montgomery County Police,Property Damage Crash,9/16/2023 17:00,STRAIGHT MOVEMENT ANGLE,DAF7B6A8-11B5-43ED-86DC-CB444E24D146,No,NO APPARENT INJURY,N/A,NOT DISTRACTED,MD,F629DA7E-2349-4BA4-9E3B-68BB1A5BAFDF,DISABLING,TWELVE OCLOCK,PASSENGER CAR,MOVING CONSTANT SPEED,South,35,2020,MERCEDES
MCP2679003N,230058541,Montgomery County Police,Injury Crash,10/4/2023 17:00,HEAD ON LEFT TURN,75C6FB88-D0EF-4A1E-B27D-20BF15B14610,Yes,SUSPECTED MINOR INJURY,N/A,NOT DISTRACTED,MD,6879B772-0199-4A9F-B7D3-232DA10CD073,DISABLING,TWELVE OCLOCK,PASSENGER CAR,MOVING CONSTANT SPEED,West,30,2018,HONDA
MCP3294001P,230052240,Montgomery County Police,Injury Crash,8/30/2023 15:15,STRAIGHT MOVEMENT ANGLE,A8FB5750-B923-431C-8B17-F1BF4C9F2239,No,SUSPECTED MINOR INJURY,N/A,NOT DISTRACTED,MD,FCEA76B1-2251-4D31-8440-6A4B0BF0554C,FUNCTIONAL,TWELVE OCLOCK,PASSENGER CAR,MOVING CONSTANT SPEED,West,35,2018,TOYOTA
DD559500F8,230065535,Rockville Police Departme,Property Damage Crash,11/10/2023 9:00,OTHER,4632B08E-9DF7-47C2-9AE6-4F6A1AFEA631,Yes,NO APPARENT INJURY,N/A,UNKNOWN,,28B365FB-6693-4E7A-A95E-A99F12D4DD70,UNKNOWN,TEN OCLOCK,PASSENGER CAR,MOVING CONSTANT SPEED,North,20,2022,FORD
MCP3176002C,230064091,Montgomery County Police,Property Damage Crash,11/3/2023 0:50,HEAD ON,F8FC5DB8-26F0-4053-9612-89F5448E5FBB,Yes,NO APPARENT INJURY,N/A,TALKING OR LISTENING TO CELLULAR PHONE,MD,A1966192-C3E1-4EA6-AC59-3564B5170886,DISABLING,EIGHT OCLOCK,PASSENGER CAR,MAKING RIGHT TURN,South,20,2012,CHEVROLET
MCP2948006P,230073382,Montgomery County Police,Property Damage Crash,12/23/2023 20:10,ANGLE MEETS LEFT TURN,1798AAB9-619F-4E96-9A1B-BA1EF7AA2335,Unknown,NO APPARENT INJURY,N/A,NOT DISTRACTED,MD,5ECC3913-1F7F-4597-A990-83DE9B787124,SUPERFICIAL,SEVEN OCLOCK,(SPORT) UTILITY VEHICLE,UNKNOWN,East,40,2021,FORD
MCP33090023,230067999,Montgomery County Police,Property Damage Crash,11/24/2023 0:33,OPPOSITE DIRECTION SIDESWIPE,AE454D05-CDAB-44B8-8464-AFC924016EF4,Yes,NO APPARENT INJURY,N/A,UNKNOWN,,1948771C-E3A6-41B2-92B4-D904F658DDD7,DISABLING,TWELVE OCLOCK,PASSENGER CAR,MAKING RIGHT TURN,East,25,2018,VOLK
DD56510040,230065344,Rockville Police Departme,Property Damage Crash,11/9/2023 11:55,SAME DIRECTION SIDESWIPE,952A49FC-D815-4D0F-BB63-09922281DF4B,Yes,NO APPARENT INJURY,N/A,LOOKED BUT DID NOT SEE,MD,56544A59-C5D5-4635-AF77-EB7C6D875DAE,DISABLING,ONE OCLOCK,PASSENGER CAR,MAKING LEFT TURN,South,30,2021,LEXS
MCP3109008F,230059865,Montgomery County Police,Property Damage Crash,10/11/2023 13:35,SAME DIR REAR END,7955E432-6EF1-4F61-9774-F45F87CB5B3E,Yes,NO APPARENT INJURY,N/A,NOT DISTRACTED,MD,7FECF6C0-E61D-4C4F-B329-0DC3FC33D7E1,DISABLING,TWELVE OCLOCK,PASSENGER CAR,STARTING FROM LANE,East,35,2017,HONDA
MCP33740013,230047805,Montgomery County Police,Injury Crash,8/4/2023 14:55,STRAIGHT MOVEMENT ANGLE,0A7A26DD-9D09-46CE-93DE-38E7EABBB6C6,Yes,NO APPARENT INJURY,N/A,OTHER CELLULAR PHONE RELATED,MD,3673FD60-7403-45E0-BAE3-8EC71EF2546D,SUPERFICIAL,TWELVE OCLOCK,PASSENGER CAR,MOVING CONSTANT SPEED,Unknown,10,2016,TOYOTA
MCP33070026,230055614,Montgomery County Police,Property Damage Crash,9/18/2023 18:45,SAME DIR REAR END,3F8797EE-8D87-425B-B104-6BE068150E9B,Yes,NO APPARENT INJURY,"N/A, VISION OBSTRUCTION (INCL. BLINDED BY SUN)",OTHER DISTRACTION,MD,3EC4D63D-890F-49AF-A7C2-752E67F74483,NO DAMAGE,TWELVE OCLOCK,PASSENGER CAR,SLOWING OR STOPPING,West,30,1989,TOYOTA
MCP3256002C,230050556,Montgomery County Police,Property Damage Crash,8/21/2023 14:00,SAME DIRECTION SIDESWIPE,E13D2050-F82E-493C-8AC4-F61BE8BF1BCD,Yes,NO APPARENT INJURY,N/A,LOOKED BUT DID NOT SEE,,F1E7A886-8FAD-41DC-9755-6BA56321C849,SUPERFICIAL,THREE OCLOCK,PASSENGER CAR,MOVING CONSTANT SPEED,South,35,2020,HYUNDAI
MCP3130006M,230050367,Montgomery County Police,Injury Crash,8/20/2023 12:39,STRAIGHT MOVEMENT ANGLE,FB46CDDD-6357-40BB-B773-07BF64FDD7A5,No,SUSPECTED MINOR INJURY,N/A,NOT DISTRACTED,MD,E9F5C2A3-7A3B-450B-9D56-2D9BB7B286AD,DESTROYED,TWELVE OCLOCK,PASSENGER CAR,MOVING CONSTANT SPEED,East,30,1997,TOYOTA
MCP3264003Z,230048072,Montgomery County Police,Property Damage Crash,8/6/2023 13:00,SAME DIRECTION LEFT TURN,CD12B2DE-527D-4687-844F-8CFF8C3A6372,Yes,NO APPARENT INJURY,N/A,LOOKED BUT DID NOT SEE,MD,F10014D0-6422-4F12-B59A-76730DAB7B1C,FUNCTIONAL,ELEVEN OCLOCK,PASSENGER CAR,CHANGING LANES,South,35,2019,TOYOTA
MCP3245004L,23066100,Montgomery County Police,Injury Crash,11/13/2023 14:53,SAME DIRECTION LEFT TURN,574340C5-81A6-4DAE-8FD2-96D8CE22CB62,Yes,NO APPARENT INJURY,N/A,LOOKED BUT DID NOT SEE,MD,08175923-6094-4D56-BFF7-A67AF77A3BA8,DISABLING,ONE OCLOCK,PASSENGER CAR,MOVING CONSTANT SPEED,East,35,2010,TOYOTA
MCP9379004Z,230064339,Montgomery County Police,Injury Crash,11/4/2023 9:00,SAME DIR REAR END,BA3B1A82-9ACF-4799-8281-9AE0791E35B9,Yes,NO APPARENT INJURY,N/A,NOT DISTRACTED,MD,6218FF18-E34F-4358-92EF-8F3313EC6E84,FUNCTIONAL,TWELVE OCLOCK,POLICE VEHICLE/NON EMERGENCY,MOVING CONSTANT SPEED,East,35,2021,FORD
MCP2973001W,16034909,Montgomery County Police,Property Damage Crash,7/10/2016 10:39,SAME DIR REAR END,61B8420A-0F99-48C8-8C93-33C4B5018D77,Yes,NO APPARENT INJURY,N/A,LOOKED BUT DID NOT SEE,MD,D86803AE-1AE0-42C0-ACF0-0B34FB4CE34A,DISABLING,TWELVE OCLOCK,PASSENGER CAR,SLOWING OR STOPPING,West,45,2015,VOLKSWAGEN
EJ78760065,230052253,Gaithersburg Police Depar,Property Damage Crash,8/30/2023 15:45,SAME DIR REAR END,42AC2BA3-A003-4B38-9131-24A5FE8427C8,No,NO APPARENT INJURY,N/A,NOT DISTRACTED,NY,55BB29D9-4FD6-41C5-A1B5-32227DF85735,SUPERFICIAL,TWELVE OCLOCK,PASSENGER CAR,SLOWING OR STOPPING,North,35,2014,HONDA
MCP235800BP,230047748,Montgomery County Police,Injury Crash,8/4/2023 9:00,STRAIGHT MOVEMENT ANGLE,E8B0DFB8-695D-4D5E-8CFE-A3CB713AB3B0,Yes,NO APPARENT INJURY,N/A,NOT DISTRACTED,MD,6B8C264D-9862-4A10-A762-0170D4431A62,FUNCTIONAL,TWELVE OCLOCK,PASSENGER CAR,MOVING CONSTANT SPEED,North,35,2023,MERCEDES
MCP3256002Q,230073160,Montgomery County Police,Property Damage Crash,12/22/2023 15:00,HEAD ON LEFT TURN,1680B1E6-F217-4268-871A-0E571F95A7EA,No,NO APPARENT INJURY,N/A,NOT DISTRACTED,FL,B9B7FE79-FAAA-4165-9E32-098E6A3A63DB,DISABLING,TWELVE OCLOCK,PASSENGER CAR,MOVING CONSTANT SPEED,South,50,2020,ACURA
MCP32310010,230056551,Montgomery County Police,Injury Crash,9/23/2023 22:43,SINGLE VEHICLE,7098DF50-5E3A-4FFE-9840-C078AFF194AD,Unknown,POSSIBLE INJURY,"RAIN, SNOW, WET",NOT DISTRACTED,MD,59B7D074-9BFF-4AC7-89F8-2A19200F1D8F,DISABLING,TWELVE OCLOCK,PASSENGER CAR,MOVING CONSTANT SPEED,East,30,2009,TOYOTA
MCP2266000J,210000148,Montgomery County Police,Property Damage Crash,1/2/2021 13:07,OTHER,2054E939-BEC5-4927-8261-6799D9EE2349,Yes,NO APPARENT INJURY,N/A,UNKNOWN,,7D0893DE-0401-45EA-930C-C7BF8A17FDDD,SUPERFICIAL,SEVEN OCLOCK,PASSENGER CAR,BACKING,West,5,2017,TOYOTA
MCP28670018,15021929,Montgomery County Police,Property Damage Crash,5/8/2015 11:56,OTHER,9DA039D3-80D8-4174-A583-8E65AEC69429,Yes,NO APPARENT INJURY,N/A,UNKNOWN,,79555CA9-4344-4DB1-BBF1-A21F7FD7479E,UNKNOWN,UNKNOWN,PICKUP TRUCK,PARKING,East,0,2005,FORD
DD5633008H,230069896,Rockville Police Departme,Property Damage Crash,12/5/2023 0:00,SAME DIRECTION SIDESWIPE,E96EEDFC-CB0B-49F8-A3EB-E1F706B1362D,Yes,NO APPARENT INJURY,N/A,NOT DISTRACTED,,F19B2C1E-5157-4E40-81A6-2F0C816F0852,SUPERFICIAL,ONE OCLOCK,PASSENGER CAR,STARTING FROM PARKED,South,5,2022,KIA
MCP3222002M,230069140,Montgomery County Police,Injury Crash,11/30/2023 15:41,SAME DIR REAR END,8533DF45-DCEF-4831-BD47-47B7ED920180,No,POSSIBLE INJURY,N/A,NOT DISTRACTED,MD,E4552654-0255-41FF-BDD2-994A93589AB0,SUPERFICIAL,SIX OCLOCK,PASSENGER CAR,STOPPED IN TRAFFIC LANE,South,35,2009,INFINITI
MCP3230004T,230061407,Montgomery County Police,Property Damage Crash,10/19/2023 11:40,SAME DIR REAR END,D973DB3D-F709-47DC-8C88-B4BAB357DC5B,No,NO APPARENT INJURY,N/A,NOT DISTRACTED,MD,4BF46E87-75A9-42D9-B73E-093D714C5078,SUPERFICIAL,SIX OCLOCK,PASSENGER CAR,STOPPED IN TRAFFIC LANE,North,35,2019,CHEVY
MCP3010008Y,230058939,Montgomery County Police,Property Damage Crash,10/1/2023 13:00,SAME DIR REAR END,93468842-EEB6-44E1-915E-CC933F36685F,No,NO APPARENT INJURY,"BACKUP DUE TO REGULAR CONGESTION, N/A",NOT DISTRACTED,MD,41B1D2B4-05B0-4D51-B564-014F6F96D7E4,SUPERFICIAL,TWELVE OCLOCK,PASSENGER CAR,STOPPED IN TRAFFIC LANE,East,20,2023,NISSAN
MCP2875007D,230033398,Montgomery County Police,Injury Crash,7/13/2023 15:52,HEAD ON LEFT TURN,76B9AF87-FC1D-4A4B-A442-426239BE7D07,Yes,NO APPARENT INJURY,N/A,LOOKED BUT DID NOT SEE,XX,5479209D-413D-4A94-988D-3BD24255EF74,DESTROYED,TWELVE OCLOCK,PASSENGER CAR,MAKING LEFT TURN,West,30,2012,NISSAN
MCP22700026,230053284,Montgomery County Police,Property Damage Crash,9/5/2023 14:30,OTHER,B3681AAE-9A3B-4F07-947C-57FC93752F28,No,NO APPARENT INJURY,N/A,NOT DISTRACTED,MD,F6910518-3367-48F0-94FA-DFC396845457,FUNCTIONAL,SEVEN OCLOCK,PASSENGER CAR,PARKED,,15,2022,CADI
MCP3160002W,200029029,Montgomery County Police,Property Damage Crash,7/26/2020 19:15,SAME DIR REAR END,B1E3683B-E779-4406-8518-F264E7BECD95,No,NO APPARENT INJURY,N/A,NOT DISTRACTED,TX,DB28F551-4872-4507-BCEC-65221E6B9E9B,DISABLING,TWELVE OCLOCK,PASSENGER CAR,MOVING CONSTANT SPEED,North,35,2016,MAZDA
MCP2641003P,230067626,Montgomery County Police,Property Damage Crash,11/21/2023 13:55,SAME DIR REAR END,1B1B6C0C-FFE6-4E2D-B75A-C10089DEF867,Yes,NO APPARENT INJURY,"RAIN, SNOW, WET",UNKNOWN,VA,C66E9DDA-BA6A-4753-BF2A-1313093B51F1,DISABLING,TWELVE OCLOCK,POLICE VEHICLE/NON EMERGENCY,SLOWING OR STOPPING,North,55,2000,BENTLEY
MCP3136006R,230070922,Montgomery County Police,Injury Crash,12/10/2023 13:17,SAME DIR REAR END,94265BFE-D93A-4B51-95B0-139BC5519346,Yes,NO APPARENT INJURY,"RAIN, SNOW, WET",NOT DISTRACTED,DC,EFE23BD9-8994-4A56-8601-E7002EC40753,SUPERFICIAL,TWELVE OCLOCK,(SPORT) UTILITY VEHICLE,SLOWING OR STOPPING,South,35,2021,LEXUS
MCP1477000L,230068615,Montgomery County Police,Property Damage Crash,11/16/2023 6:22,SAME DIR REAR END,158B8706-89B5-4B72-ABA6-724587A9BEDE,Yes,NO APPARENT INJURY,N/A,NOT DISTRACTED,,9DACD86D-BBB3-4ADE-880E-BC5DE6A818DB,N/A,TWELVE OCLOCK,PASSENGER CAR,MOVING CONSTANT SPEED,North,55,2012,TOYOTA
MCP2228001J,230074366,Montgomery County Police,Injury Crash,12/31/2023 11:00,SAME DIR REAR END,14B8FDE8-25BF-4EBC-92D6-22855B65C701,Yes,NO APPARENT INJURY,N/A,LOOKED BUT DID NOT SEE,MD,CA316C1F-7A4D-420B-8355-C8B629A9A2A7,SUPERFICIAL,TWELVE OCLOCK,PASSENGER CAR,STARTING FROM LANE,South,30,2011,TOYOTA
MCP3192004C,230064594,Montgomery County Police,Property Damage Crash,11/5/2023 20:22,OTHER,960E3FDF-73BF-4D03-849D-31CCB9D571FF,Yes,NO APPARENT INJURY,N/A,UNKNOWN,,75127B60-2D2C-40E4-BE38-4403E1ADC01F,SUPERFICIAL,UNKNOWN,PASSENGER CAR,STARTING FROM PARKED,South,15,2010,CHEV
MCP1425001H,230065818,Montgomery County Police,Injury Crash,11/11/2023 17:33,SAME DIR REAR END,13D9B631-CD92-41C8-83A7-8C99BDB6B45A,No,NO APPARENT INJURY,N/A,NOT DISTRACTED,MD,6BAD7048-F77D-45F5-BB7B-ABD4044255D5,FUNCTIONAL,SIX OCLOCK,PASSENGER CAR,SLOWING OR STOPPING,South,30,2022,TOYOTA
MCP29460068,230069989,Montgomery County Police,Property Damage Crash,12/5/2023 13:01,OPPOSITE DIRECTION SIDESWIPE,85F416A6-5BF0-4149-A2C6-242852ABF142,Yes,NO APPARENT INJURY,"N/A, V EXHAUST SYSTEM|R OTHER ROAD",NOT DISTRACTED,MD,99EFCF9C-7396-46E2-ADF4-3C67B5077E54,SUPERFICIAL,TEN OCLOCK,"CARGO VAN/LIGHT TRUCK 2 AXLES (OVER 10,000LBS (4,536 KG))",STARTING FROM LANE,West,25,2014,INTL
EJ7885003K,230057360,Gaithersburg Police Depar,Injury Crash,9/28/2023 18:17,OTHER,E8034AB9-A8CC-456B-9C62-2F741F539894,Yes,NO APPARENT INJURY,N/A,UNKNOWN,,95464E38-99F3-4B9A-B408-4EF70E80F5C6,NO DAMAGE,SIX OCLOCK,PASSENGER CAR,BACKING,Unknown,5,0,TESLA
MCP3256002S,230074164,Montgomery County Police,Property Damage Crash,12/29/2023 14:53,SAME DIRECTION SIDESWIPE,79D16C9A-29D3-4789-BEC1-0B427866CB5C,No,NO APPARENT INJURY,N/A,NOT DISTRACTED,MD,8F378403-FBF5-4534-B71F-33112F41FEE0,SUPERFICIAL,ONE OCLOCK,PASSENGER CAR,MOVING CONSTANT SPEED,East,35,2021,TOYOTA
MCP12020048,190060703,Montgomery County Police,Property Damage Crash,12/17/2019 9:54,OTHER,F3DB20F8-51F2-46B5-9EA6-378925419190,Yes,NO APPARENT INJURY,N/A,NOT DISTRACTED,MD,4F3FAC58-CA83-4B8A-9876-4534351A949B,FUNCTIONAL,FIVE OCLOCK,SCHOOL BUS,SLOWING OR STOPPING,North,25,2015,FRHT
MCP22700025,230052366,Montgomery County Police,Injury Crash,8/31/2023 8:00,SAME DIR REAR END,D347E290-6614-4DE1-845E-398BE8A0915A,Yes,NO APPARENT INJURY,"N/A, VISION OBSTRUCTION (INCL. BLINDED BY SUN)",INATTENTIVE OR LOST IN THOUGHT,MD,C14E3C2B-C652-4422-8F33-05D81BC9B233,DISABLING,TWELVE OCLOCK,PASSENGER CAR,MOVING CONSTANT SPEED,East,40,2014,JEEP
MCP2767003P,170540990,Montgomery County Police,Property Damage Crash,11/4/2017 21:44,SAME DIR REAR END,0DC88DA0-1CFE-4304-B22D-7EFF640905CA,Yes,NO APPARENT INJURY,"RAIN, SNOW, WET",UNKNOWN,MD,67FE6B7A-6DB4-461C-9E65-D2903D39CFD6,SUPERFICIAL,TWELVE OCLOCK,(SPORT) UTILITY VEHICLE,ACCELERATING,North,35,2008,ACUR
DD5652003G,230034756,Rockville Police Departme,Injury Crash,7/21/2023 14:26,SAME DIR REAR END,F7E34A4E-6CF8-4EAF-9FE0-BEECB625BFA4,No,NO APPARENT INJURY,N/A,NOT DISTRACTED,MD,78F2D10D-AC69-4125-A929-C2AB8469F4A5,SUPERFICIAL,SIX OCLOCK,PASSENGER CAR,SLOWING OR STOPPING,West,50,2018,HOND
MCP3277003C,230072658,Montgomery County Police,Property Damage Crash,12/19/2023 21:40,STRAIGHT MOVEMENT ANGLE,9A23B01E-F793-480F-9C91-20DC1C1FDF59,No,NO APPARENT INJURY,N/A,NOT DISTRACTED,MD,1847F288-A22C-42B9-BE74-9FF25A9DEAD5,DISABLING,ONE OCLOCK,PASSENGER CAR,ACCELERATING,East,35,2015,TOYOTA
EJ7781004F,230052743,Gaithersburg Police Depar,Property Damage Crash,9/2/2023 4:45,OTHER,45BCCDFA-A5D8-479C-BCAC-88C756A85034,Yes,NO APPARENT INJURY,N/A,UNKNOWN,,C5DDCAEF-3C8D-4452-9E3E-2CBD23B33275,DISABLING,ELEVEN OCLOCK,PASSENGER CAR,MOVING CONSTANT SPEED,East,15,2022,MERZ
MCP3339002V,230061802,Montgomery County Police,Property Damage Crash,10/21/2023 12:31,STRAIGHT MOVEMENT ANGLE,C8CF1755-DBDB-4A8C-A16E-9803DA1C6C24,Yes,NO APPARENT INJURY,N/A,LOOKED BUT DID NOT SEE,MD,B59B98EF-1139-49D7-AEFE-E23425C1053F,SUPERFICIAL,ONE OCLOCK,PASSENGER CAR,MAKING RIGHT TURN,South,35,2017,HYUNDAI
MCP2177002T,170547139,Montgomery County Police,Property Damage Crash,11/8/2017 0:00,SINGLE VEHICLE,0ECAD885-06F7-486D-A7AF-C0F82FEB24E3,Yes,NO APPARENT INJURY,N/A,UNKNOWN,,77CF9160-5D2E-4D0E-9019-D5A2D8BEADE2,UNKNOWN,UNKNOWN,,UNKNOWN,Unknown,25,0,UNKNOWN
MCP2765004X,180049676,Montgomery County Police,Property Damage Crash,10/4/2018 17:45,SAME DIR REAR END,4577D214-9F24-4A83-8778-4F44D808D5BA,No,NO APPARENT INJURY,N/A,NOT DISTRACTED,MD,D57C325E-9901-4B9B-9F3B-9A8489202D0B,DISABLING,SIX OCLOCK,PASSENGER CAR,SLOWING OR STOPPING,East,35,2017,VOLK
MCP30970031,230055181,Montgomery County Police,Property Damage Crash,9/16/2023 2:59,SINGLE VEHICLE,B61DCEBD-5EAD-4B05-8D31-6675327DEAF6,Yes,NO APPARENT INJURY,N/A,UNKNOWN,,76220565-3BA3-482B-B84D-1798CE88434C,DISABLING,TWELVE OCLOCK,PASSENGER CAR,UNKNOWN,Unknown,35,2016,HYUNDAI
MCP1400001H,230056205,Montgomery County Police,Property Damage Crash,9/21/2023 22:22,SAME DIR REAR END,A127C195-927B-4AF5-BF9C-B7A02C1F541F,No,NO APPARENT INJURY,N/A,NOT DISTRACTED,MD,ABBFCBDA-61DC-4A0E-9327-B3FE0383F70A,FUNCTIONAL,SIX OCLOCK,PASSENGER CAR,STOPPED IN TRAFFIC LANE,South,45,2018,TOYT
MCP3174004S,230073545,Montgomery County Police,Injury Crash,12/25/2023 13:44,HEAD ON LEFT TURN,57C2C519-0708-480A-B86E-90D042AAA74E,No,NO APPARENT INJURY,N/A,NOT DISTRACTED,MD,05CC3B00-9BC5-45C0-B40C-7FE9DEE61827,DISABLING,TWELVE OCLOCK,PASSENGER CAR,MOVING CONSTANT SPEED,East,35,2019,NISS
MCP32700029,230065855,Montgomery County Police,Injury Crash,11/11/2023 23:25,SAME DIR REAR END,751720D8-2633-4DA4-84B6-4925783B5625,No,NO APPARENT INJURY,N/A,NOT DISTRACTED,MD,61CC2CCB-0352-4A17-B150-1198F86B5200,FUNCTIONAL,TWELVE OCLOCK,PASSENGER CAR,STOPPED IN TRAFFIC LANE,North,35,2016,TOYT
MCP33190026,230067558,Montgomery County Police,Injury Crash,11/21/2023 8:49,HEAD ON LEFT TURN,BF9CEF5F-4E80-4E58-B15F-34B0E454B3D1,Yes,NO APPARENT INJURY,"N/A, RAIN, SNOW",LOOKED BUT DID NOT SEE,MD,C239E78B-77F2-4F46-9AF5-819587B66112,FUNCTIONAL,FOUR OCLOCK,PASSENGER CAR,MAKING LEFT TURN,East,30,2014,SUBA
MCP13540021,230070944,Montgomery County Police,Injury Crash,12/10/2023 15:51,STRAIGHT MOVEMENT ANGLE,E917293C-1022-42DB-915B-65A287A24635,No,NO APPARENT INJURY,"N/A, RAIN, SNOW",NOT DISTRACTED,MD,190CA9A0-E743-4203-83F8-D55A1A6529D5,FUNCTIONAL,TWELVE OCLOCK,PASSENGER CAR,MOVING CONSTANT SPEED,West,35,2019,BMW
MCP33480019,230057067,Montgomery County Police,Property Damage Crash,9/27/2023 5:33,STRAIGHT MOVEMENT ANGLE,C4B53359-87E5-4742-A196-250977342293,Yes,NO APPARENT INJURY,N/A,LOOKED BUT DID NOT SEE,DC,6D6FB43A-3839-460A-9EBB-57AD8BF12613,DISABLING,THREE OCLOCK,PASSENGER CAR,MAKING LEFT TURN,North,40,2012,TOYT
MCP3044005C,220021014,Montgomery County Police,Property Damage Crash,5/16/2022 17:58,SAME DIRECTION SIDESWIPE,59F89907-4448-40D5-AEC9-8F0F8351E3BF,Yes,NO APPARENT INJURY,N/A,UNKNOWN,,3B770D37-8F94-43DF-8CE2-290E44CF66EB,UNKNOWN,UNKNOWN,OTHER,OTHER,Unknown,0,2018,RAM
MCP2437005D,230063453,Montgomery County Police,Injury Crash,10/30/2023 17:10,SAME DIR BOTH LEFT TURN,240CA87E-9FB4-43BD-B24A-993CD1FE97EA,Yes,NO APPARENT INJURY,N/A,BY OTHER OCCUPANTS,MD,40E166A1-9AD5-40B5-9C0E-FC01C1CB61A7,SUPERFICIAL,ELEVEN OCLOCK,PASSENGER CAR,MAKING LEFT TURN,East,35,2020,FORD
MCP292300BD,230071515,Montgomery County Police,Property Damage Crash,12/13/2023 15:06,OTHER,B632B815-781F-4EE3-996D-9DCC5C5CB0FF,No,NO APPARENT INJURY,N/A,NOT DISTRACTED,MD,7795424A-581A-4307-BCFD-F11912D590B6,SUPERFICIAL,FOUR OCLOCK,PASSENGER CAR,STOPPED IN TRAFFIC LANE,South,35,2014,BMW
MCP3267001T,230047054,Montgomery County Police,Property Damage Crash,7/31/2023 4:30,SINGLE VEHICLE,04F5B8FA-B564-404B-A7DE-7943B24953D2,Yes,NO APPARENT INJURY,N/A,NOT DISTRACTED,MD,B145C9B5-DCCA-4807-9CBC-4E85732467FB,FUNCTIONAL,TWELVE OCLOCK,PASSENGER CAR,MOVING CONSTANT SPEED,West,35,2009,ACURA