Report Number,Local Case Number,Agency Name,ACRS Report Type,Crash Date/Time,Collision Type,Person ID,Driver At Fault,Injury Severity,Circumstance,Driver Distracted By,Drivers License State,Vehicle ID,Vehicle Damage Extent,Vehicle First Impact Location,Vehicle Body Type,Vehicle Movement,Vehicle Going Dir,Speed Limit,Vehicle Year,Vehicle Make
MCP2699001R,230035327,Montgomery County Police,Property Damage Crash,7/25/2023 1:42,SINGLE VEHICLE,ABCCC136-969B-4FEA-AD14-CF3F2F3F5821,Yes,NO APPARENT INJURY,N/A,UNKNOWN,,D1CB51D3-5B47-4D80-B611-215786777778,DISABLING,TWELVE OCLOCK,PASSENGER CAR,MAKING LEFT TURN,North,35,2001,BMW
MCP30370059,230052079,Montgomery County Police,Injury Crash,8/29/2023 20:09,HEAD ON LEFT TURN,C4F8E277-9C8A-40E0-81AD-6F47C33061FB,Yes,POSSIBLE INJURY,N/A,UNKNOWN,MD,80998321-C7AB-48A1-9959-1A913536024A,DESTROYED,TEN OCLOCK,PASSENGER CAR,ACCELERATING,South,35,2019,BMW
MCP30210072,230068909,Montgomery County Police,Property Damage Crash,11/29/2023 12:35,SAME DIR REAR END,74E065E0-1F4F-4EC5-8C47-44ABA07D7146,Yes,NO APPARENT INJURY,N/A,INATTENTIVE OR LOST IN THOUGHT,MD,BEF4FBD0-84B5-4F1E-B479-7D0D44370CAF,DISABLING,TWELVE OCLOCK,VAN,SLOWING OR STOPPING,East,35,2013,NISS
MCP23760019,230035142,Montgomery County Police,Property Damage Crash,7/24/2023 1:14,STRAIGHT MOVEMENT ANGLE,E28E6CF1-C9DA-4850-9826-B161D6B02D80,Yes,NO APPARENT INJURY,N/A,OTHER DISTRACTION,FL,ABA0251F-332B-46F9-8EAA-4426FBACA3E8,FUNCTIONAL,TWELVE OCLOCK,PASSENGER CAR,MOVING CONSTANT SPEED,South,25,2022,TESLA
MCP27830050,230047322,Montgomery County Police,Property Damage Crash,8/1/2023 15:07,STRAIGHT MOVEMENT ANGLE,6D18F762-C0B5-48C6-B604-533007EBB7BD,No,NO APPARENT INJURY,N/A,NOT DISTRACTED,MD,94F76241-0038-480C-8F64-11FB8C2DE51B,FUNCTIONAL,TWELVE OCLOCK,PASSENGER CAR,MAKING LEFT TURN,East,30,2007,MERC
MCP2052003D,230056442,Montgomery County Police,Property Damage Crash,9/23/2023 7:59,SINGLE VEHICLE,B6040C12-284D-430A-B3C0-D7A5C4294972,Yes,NO APPARENT INJURY,"RAIN, SNOW, WET",UNKNOWN,,2947DD40-728A-4133-961E-1DB7548D7736,DISABLING,EIGHT OCLOCK,PASSENGER CAR,UNKNOWN,South,55,2022,KIA
MCP20390098,230061734,Montgomery County Police,Injury Crash,10/20/2023 22:21,SAME DIR REAR END,EE857DD6-3151-46EA-A6B9-B9BEDB412158,Yes,POSSIBLE INJURY,"RAIN, SNOW, WET",BY OTHER OCCUPANTS,MD,E45982FA-BC65-48E1-9350-0A419D453A8C,DISABLING,TWELVE OCLOCK,PASSENGER CAR,MOVING CONSTANT SPEED,West,35,2020,HONDA
MCP271700Y8,230066916,Montgomery County Police,Property Damage Crash,11/17/2023 14:50,OTHER,78A115B9-BA7A-4D22-AB6D-0A19AC3C80DF,Yes,NO APPARENT INJURY,N/A,UNKNOWN,MD,1FAB5571-3E93-4878-B03C-92FA8D73B5FE,DISABLING,THREE OCLOCK,(SPORT) UTILITY VEHICLE,MAKING LEFT TURN,North,40,2020,HONDA
MCP25150021,190032310,Montgomery County Police,Property Damage Crash,7/7/2019 17:00,SAME DIR REAR END,DF8EEAE7-B068-471F-9999-AD72BBB52D88,Yes,NO APPARENT INJURY,N/A,INATTENTIVE OR LOST IN THOUGHT,MD,FDE10813-5529-44B1-A266-29723D8AAC62,DISABLING,TWELVE OCLOCK,PASSENGER CAR,STARTING FROM LANE,South,40,2016,HOND
MCP3074005Y,230065645,Montgomery County Police,Property Damage Crash,11/10/2023 16:26,STRAIGHT MOVEMENT ANGLE,354AF111-3810-4944-A891-535A55FCE044,No,NO APPARENT INJURY,N/A,NOT DISTRACTED,MD,F1655DB5-7FB2-4AE8-854B-D31CF2C28045,SUPERFICIAL,ELEVEN OCLOCK,SCHOOL BUS,STOPPED IN TRAFFIC LANE,North,25,2024,THOMAS
MCP1143000F,230054663,Montgomery County Police,Property Damage Crash,9/13/2023 16:41,SAME DIRECTION LEFT TURN,FA262497-61C0-4F2E-B3EF-DB02BBD4E637,No,NO APPARENT INJURY,N/A,NOT DISTRACTED,MD,2E2AED3A-D760-41B7-BCA4-E84B313906B6,SUPERFICIAL,TWELVE OCLOCK,TRANSIT BUS,MOVING CONSTANT SPEED,North,35,2013,TBU
MCP291700CT,230067947,Montgomery County Police,Injury Crash,11/23/2023 11:45,OPPOSITE DIRECTION SIDESWIPE,86364F84-0480-4B7D-A571-1AAF6C1CA524,Unknown,NO APPARENT INJURY,N/A,NOT DISTRACTED,MD,07D30CA9-9D7C-4F8D-AA62-9AB320C4EFB3,SUPERFICIAL,ELEVEN OCLOCK,PASSENGER CAR,BACKING,North,35,2013,ACURA
MCP29680052,230055395,Montgomery County Police,Injury Crash,9/17/2023 15:36,HEAD ON LEFT TURN,3AFD8862-8326-4B62-8DD2-6B20E688A419,No,SUSPECTED MINOR INJURY,N/A,NOT DISTRACTED,MD,392373A6-82D0-47BD-9C72-70BAAA85AB20,DISABLING,TWELVE OCLOCK,PASSENGER CAR,MOVING CONSTANT SPEED,South,35,2013,ACUR
MCP30800046,230071955,Montgomery County Police,Injury Crash,12/15/2023 17:26,OTHER,7F583BAB-4F39-4BA3-B268-DB701E160636,Unknown,NO APPARENT INJURY,N/A,UNKNOWN,MD,87E62076-2223-4539-B643-00C5B05E6E52,SUPERFICIAL,FOUR OCLOCK,PASSENGER CAR,SLOWING OR STOPPING,North,35,2015,ACURA
MCP31480052,230035265,Montgomery County Police,Property Damage Crash,7/21/2023 11:30,OTHER,DEF901F3-6D11-44DC-8EC5-1377837A5EB5,Yes,NO APPARENT INJURY,N/A,LOOKED BUT DID NOT SEE,MD,1A0ED7E0-E83D-4502-8BEB-0CDE5672E9D2,SUPERFICIAL,THREE OCLOCK,VAN,PARKING,Unknown,15,1999,CHEVROLET
MCP3145004L,230074187,Montgomery County Police,Property Damage Crash,12/29/2023 17:00,STRAIGHT MOVEMENT ANGLE,9FDCC502-0E21-4E9E-8DE2-A82370133959,Yes,NO APPARENT INJURY,N/A,INATTENTIVE OR LOST IN THOUGHT,XX,2FE4B78F-EC90-41FA-B67E-9A9B519010EE,FUNCTIONAL,TWELVE OCLOCK,PASSENGER CAR,MAKING LEFT TURN,South,35,2006,HONDA
MCP2683006T,230047668,Montgomery County Police,Property Damage Crash,8/3/2023 17:54,SAME DIRECTION LEFT TURN,C8E52BDD-E37C-488E-AD41-C2495CEFAAF4,No,NO APPARENT INJURY,N/A,NOT DISTRACTED,MD,1DB5746F-2415-4A8F-AA54-D9A2C4F8A556,FUNCTIONAL,EIGHT OCLOCK,PASSENGER CAR,MAKING LEFT TURN,South,35,2011,FORD
MCP3290002B,230047784,Montgomery County Police,Property Damage Crash,8/4/2023 11:48,SAME DIRECTION SIDESWIPE,166369E9-A6EE-4DFD-8DA3-90B6C5861F8A,Yes,NO APPARENT INJURY,N/A,UNKNOWN,,C7D8ED1D-67A3-49FD-BC75-EA6B142D8663,FUNCTIONAL,TEN OCLOCK,PASSENGER CAR,MAKING U TURN,North,35,2010,TOYOTA
MCP31290084,230063761,Montgomery County Police,Property Damage Crash,11/1/2023 10:03,SAME DIRECTION SIDESWIPE,2279978B-91F9-41B0-B20B-A070767B9B8F,No,NO APPARENT INJURY,N/A,LOOKED BUT DID NOT SEE,MD,B8DEA412-62B2-44A7-AA30-4C5454D7BB22,SUPERFICIAL,EIGHT OCLOCK,TRANSIT BUS,STARTING FROM LANE,South,30,2020,GILG
MCP2641003B,230055354,Montgomery County Police,Property Damage Crash,9/17/2023 10:25,SAME DIR REAR END,54521B36-2D17-4BDA-8097-ABB13251949D,No,NO APPARENT INJURY,"RAIN, SNOW, WET",NOT DISTRACTED,MD,FE0E8DBB-CDF0-47E8-BCF1-A5D59BAF66D4,FUNCTIONAL,SIX OCLOCK,PASSENGER CAR,STOPPED IN TRAFFIC LANE,South,45,2011,TOYT
MCP235300CN,230070177,Montgomery County Police,Injury Crash,12/6/2023 10:56,STRAIGHT MOVEMENT ANGLE,A86CB3D8-7737-4DA8-8F52-3A9030BD6EF1,Yes,POSSIBLE INJURY,N/A,UNKNOWN,MD,360C854F-5467-4E8C-9F26-7CB893C66B6F,DISABLING,TWELVE OCLOCK,STATION WAGON,MAKING LEFT TURN,North,35,2013,VOLVO
MCP3351001R,230065441,Montgomery County Police,Injury Crash,11/9/2023 18:43,STRAIGHT MOVEMENT ANGLE,FF8177BB-27F9-4B99-BB2A-3D290D7A5E24,Yes,SUSPECTED MINOR INJURY,N/A,LOOKED BUT DID NOT SEE,MD,D99A2C69-F623-4652-A150-A9C57D3A728F,DISABLING,TWO OCLOCK,PASSENGER CAR,MAKING LEFT TURN,East,30,2021,MNNI
MCP33500022,230065601,Montgomery County Police,Property Damage Crash,11/10/2023 13:45,STRAIGHT MOVEMENT ANGLE,3FD769F1-A57A-478E-AB72-9A9F77CE3126,Yes,NO APPARENT INJURY,N/A,INATTENTIVE OR LOST IN THOUGHT,MD,89091374-AED6-430E-BF20-D81EFB6D0C53,FUNCTIONAL,TWELVE OCLOCK,PASSENGER CAR,MAKING LEFT TURN,South,25,2016,HOND
MCP2298014H,230061290,Montgomery County Police,Property Damage Crash,10/18/2023 17:21,SINGLE VEHICLE,FC5598FA-520A-4BB0-AF89-ADAFEAA80EC5,Yes,NO APPARENT INJURY,N/A,OTHER DISTRACTION,MD,91D64C1A-D3C4-4C3E-87DE-C91BD9BBAADC,DESTROYED,TWELVE OCLOCK,PASSENGER CAR,ACCELERATING,North,50,2016,VOLKS
MCP3052002G,200029908,Montgomery County Police,Injury Crash,8/1/2020 20:50,SAME DIR REAR END,21A1E6DD-2526-4DEE-80F2-812019DD8274,No,NO APPARENT INJURY,N/A,NOT DISTRACTED,MD,CB8405AC-E41B-49CB-B8A1-E3D652F963A3,SUPERFICIAL,SIX OCLOCK,PASSENGER CAR,STOPPED IN TRAFFIC LANE,West,35,2014,FORD
MCP115100D7,230046290,Montgomery County Police,Property Damage Crash,7/25/2023 8:00,SAME DIRECTION LEFT TURN,E6134F03-7EB7-4F39-937F-F99D06BC14F2,Unknown,NO APPARENT INJURY,N/A,NOT DISTRACTED,MD,12F4C48C-4684-428C-B698-8F7A7A71E6EC,SUPERFICIAL,THREE OCLOCK,(SPORT) UTILITY VEHICLE,MOVING CONSTANT SPEED,South,30,2014,JEEP
EJ78520085,230046713,Gaithersburg Police Depar,Property Damage Crash,7/28/2023 19:48,SINGLE VEHICLE,1CDEC89B-DAC5-4DED-A658-E0AB9159D2F1,Yes,NO APPARENT INJURY,N/A,UNKNOWN,MD,3888CA89-A1C0-41EB-80BD-BB28B787DDB5,FUNCTIONAL,ELEVEN OCLOCK,PASSENGER CAR,MOVING CONSTANT SPEED,West,55,2019,TOYOTA
MCP25130039,230060428,Montgomery County Police,Injury Crash,10/15/2023 3:11,STRAIGHT MOVEMENT ANGLE,2F60F1FD-1002-4671-90F2-694D5275B68C,Yes,NO APPARENT INJURY,N/A,OTHER DISTRACTION,MD,A0A2B1C3-2B60-4C28-B2EE-32F67D8AED60,DISABLING,TWELVE OCLOCK,OTHER,MOVING CONSTANT SPEED,South,50,2022,INTEL
MCP11130057,230056954,Montgomery County Police,Injury Crash,9/26/2023 12:21,STRAIGHT MOVEMENT ANGLE,A611D5C0-48FD-4573-8F10-85B6CC2C9544,Yes,POSSIBLE INJURY,N/A,LOOKED BUT DID NOT SEE,MD,926A6BF8-05CD-4B8F-9A80-EB694977C064,DISABLING,TWELVE OCLOCK,(SPORT) UTILITY VEHICLE,MAKING LEFT TURN,West,30,2018,NISS
EJ78750046,230065639,Gaithersburg Police Depar,Property Damage Crash,11/10/2023 16:19,ANGLE MEETS LEFT TURN,A2817EF6-17D3-463E-86BC-6511DD5FC3FE,Yes,NO APPARENT INJURY,N/A,NOT DISTRACTED,MD,45763375-5AEE-40A5-91E9-2EF0D62CFBBA,FUNCTIONAL,TWELVE OCLOCK,PASSENGER CAR,MOVING CONSTANT SPEED,South,35,2005,NISS
MCP263900G5,230058316,Montgomery County Police,Property Damage Crash,10/3/2023 15:55,SAME DIR REAR END,C01F27CE-F1B9-4CCA-8DDB-BD96EA758968,No,NO APPARENT INJURY,"BACKUP DUE TO REGULAR CONGESTION, N/A",NOT DISTRACTED,MD,D98174C8-68B5-4C37-818C-A5BAF0A858E4,SUPERFICIAL,SIX OCLOCK,PASSENGER CAR,SLOWING OR STOPPING,North,45,2006,CHEVROLET
EJ7888004V,230051170,Gaithersburg Police Depar,Property Damage Crash,8/24/2023 19:15,OTHER,62B26AF6-E272-4B8E-80B4-39797B4CAC38,Yes,NO APPARENT INJURY,N/A,LOOKED BUT DID NOT SEE,,97EDED7B-66E6-437A-95AB-342EE6BA2975,FUNCTIONAL,ONE OCLOCK,PASSENGER CAR,PARKING,Unknown,25,2020,TOYOTA
MCP3350001S,230062679,Montgomery County Police,Property Damage Crash,10/26/2023 12:21,STRAIGHT MOVEMENT ANGLE,2D2FAC28-6DDC-4A1B-AE29-8876E248031C,Yes,NO APPARENT INJURY,N/A,LOOKED BUT DID NOT SEE,MD,56EBC81F-8272-4BF9-9EA7-F74ED3A60C9B,DISABLING,FIVE OCLOCK,(SPORT) UTILITY VEHICLE,MOVING CONSTANT SPEED,South,40,2022,FORD
MCP3232004D,230060397,Montgomery County Police,Property Damage Crash,10/13/2023 21:23,HEAD ON LEFT TURN,404E9A26-7017-4801-85BC-985EBE3045D9,No,NO APPARENT INJURY,N/A,NOT DISTRACTED,MD,7F686D36-6697-43BB-9BED-3C67EC5FBAEE,DISABLING,TWELVE OCLOCK,PASSENGER CAR,MOVING CONSTANT SPEED,West,35,2016,LEXUS
MCP1099002B,190008904,Montgomery County Police,Property Damage Crash,2/25/2019 7:04,SINGLE VEHICLE,5EBEB0BF-0521-4981-A2AF-F2535A32ACE3,Unknown,NO APPARENT INJURY,"ICY OR SNOW-COVERED, N/A, WET",NOT DISTRACTED,MD,B0816598-9AED-4619-B22D-B7C6ED67129B,DISABLING,TWO OCLOCK,PASSENGER CAR,MOVING CONSTANT SPEED,West,35,2002,JEEP
MCP3372001F,230058567,Montgomery County Police,Property Damage Crash,10/4/2023 19:14,SAME DIRECTION SIDESWIPE,9FC24D88-7361-4071-8E06-8BECD7B24988,Unknown,NO APPARENT INJURY,N/A,UNKNOWN,MD,5614799A-91C4-4B97-9F60-04000DF9BC2F,DISABLING,TEN OCLOCK,PASSENGER CAR,RIGHT TURN ON RED,North,35,2008,MITS
MCP2898004D,230074210,Montgomery County Police,Injury Crash,12/29/2023 19:59,SAME DIR REAR END,5434C82C-AB1F-46F8-9B62-25EDB840774E,No,POSSIBLE INJURY,N/A,NOT DISTRACTED,MD,D4457A1F-F1BC-4DD8-93FD-A11FD6165FD3,DISABLING,SIX OCLOCK,PASSENGER CAR,STOPPED IN TRAFFIC LANE,North,40,2017,HONDA
MCP3299002T,230035045,Montgomery County Police,Property Damage Crash,7/23/2023 13:13,SAME DIR REAR END,14B01865-3015-44BC-9379-95193A76FE81,No,NO APPARENT INJURY,N/A,NOT DISTRACTED,MD,A6355772-20A6-4A54-88FD-84921C3B953D,DISABLING,SIX OCLOCK,PASSENGER CAR,STOPPED IN TRAFFIC LANE,West,40,2023,TOYOTA
MCP2840001B,170534790,Montgomery County Police,Property Damage Crash,10/4/2017 20:30,SAME DIR REAR END,E7CF7619-1C46-4683-BFCB-FC2B920AD451,Yes,NO APPARENT INJURY,N/A,LOOKED BUT DID NOT SEE,MD,1B96B5EC-3253-4CCA-8229-36B36C1EED17,DESTROYED,TWELVE OCLOCK,PASSENGER CAR,SLOWING OR STOPPING,North,35,1998,SATURN
MCP3313001W,230073596,Montgomery County Police,Property Damage Crash,12/25/2023 21:57,HEAD ON,BD2ADA53-6FDA-4525-95F0-1200DFFD2C60,Yes,NO APPARENT INJURY,N/A,UNKNOWN,MD,67B0F5E8-BDDB-46C1-ACC8-728826322EA3,DESTROYED,TWELVE OCLOCK,PASSENGER CAR,MOVING CONSTANT SPEED,West,25,2012,HONDA
MCP30970033,230059218,Montgomery County Police,Injury Crash,10/8/2023 1:18,SAME DIR REAR END,417FF583-0CCD-4434-91D6-FFE8224B602B,No,POSSIBLE INJURY,N/A,NOT DISTRACTED,MD,FD3EDC42-AC85-41BE-BEB4-C6FE224919FB,DISABLING,SIX OCLOCK,PASSENGER CAR,STOPPED IN TRAFFIC LANE,North,40,2018,CHEVROLE
MCP21070049,230055911,Montgomery County Police,Property Damage Crash,9/20/2023 11:53,OTHER,D0E17D71-0085-4065-9AE8-B131DCFD03A5,Yes,NO APPARENT INJURY,N/A,LOOKED BUT DID NOT SEE,MD,3433A558-2F90-4E58-8264-42FDAFE4D97A,NO DAMAGE,SIX OCLOCK,PASSENGER CAR,BACKING,West,30,2023,FORD
MCP2437005C,230063118,Montgomery County Police,Property Damage Crash,10/28/2023 20:07,SAME DIR REAR END,3098C25C-102D-4081-8EE1-554AA597DCC7,No,NO APPARENT INJURY,N/A,NOT DISTRACTED,MD,F1BCE240-2D61-407A-8F99-922A4F985C5A,DISABLING,TWELVE OCLOCK,(SPORT) UTILITY VEHICLE,MOVING CONSTANT SPEED,West,40,2021,HONDA
MCP3079005B,230034363,Montgomery County Police,Property Damage Crash,7/19/2023 11:41,HEAD ON LEFT TURN,8B31E6D3-BE96-49A6-809B-2D8200C928C6,No,NO APPARENT INJURY,N/A,NOT DISTRACTED,MD,40A05C12-E436-4BD6-AE21-3181754DE416,SUPERFICIAL,EIGHT OCLOCK,PICKUP TRUCK,MAKING LEFT TURN,North,40,2004,FORD
MCP3348001J,230066014,Montgomery County Police,Injury Crash,11/13/2023 8:23,STRAIGHT MOVEMENT ANGLE,B5BEF361-566D-4771-A804-F8E2B4E7B8B6,Yes,POSSIBLE INJURY,N/A,LOOKED BUT DID NOT SEE,MD,AD231F9B-0E87-4671-ADF5-B4DE2FE35E19,DISABLING,ONE OCLOCK,(SPORT) UTILITY VEHICLE,MAKING LEFT TURN,South,20,2020,HOND
MCP3021005G,200044631,Montgomery County Police,Property Damage Crash,11/6/2020 11:00,SAME DIRECTION RIGHT TURN,68A4B03D-A4FB-454E-A2D2-9591E3C643E8,Yes,NO APPARENT INJURY,N/A,NOT DISTRACTED,,50ECE4F9-5752-4E44-A35A-A74200CC1F8C,SUPERFICIAL,FIVE OCLOCK,PASSENGER CAR,MOVING CONSTANT SPEED,North,25,9999,BUICK
EJ7837007B,230068062,Gaithersburg Police Depar,Property Damage Crash,11/24/2023 12:10,SAME DIR REAR END,02DBDA8D-8812-4EF8-9815-A8AB771A6A84,No,NO APPARENT INJURY,N/A,NOT DISTRACTED,MD,99C85835-1CD7-46B1-A4FE-D18AE9668E6B,FUNCTIONAL,SIX OCLOCK,PASSENGER CAR,STOPPED IN TRAFFIC LANE,North,25,2010,KIA
MCP32400035,230056564,Montgomery County Police,Property Damage Crash,9/24/2023 2:12,SINGLE VEHICLE,6E9D2633-CC0F-44A3-9072-3E27F0907D8C,Yes,NO APPARENT INJURY,"RAIN, SNOW, WET",UNKNOWN,,0CA064C0-6812-4D75-B55B-2E8085980D32,DISABLING,TWELVE OCLOCK,PASSENGER CAR,MOVING CONSTANT SPEED,West,35,2017,TOYOTA
MCP3074005Z,230065659,Montgomery County Police,Property Damage Crash,11/10/2023 17:37,STRAIGHT MOVEMENT ANGLE,383241DA-C495-4651-9EBA-098B1A138053,No,NO APPARENT INJURY,N/A,NOT DISTRACTED,MD,CDDF145E-4805-41E4-9472-82C6EAFF6B12,FUNCTIONAL,ONE OCLOCK,PASSENGER CAR,MOVING CONSTANT SPEED,East,25,2010,HONDA
MCP33350024,230051081,Montgomery County Police,Property Damage Crash,8/24/2023 13:15,STRAIGHT MOVEMENT ANGLE,C95C715F-9BE6-4A61-A055-36CE27FEB014,Yes,NO APPARENT INJURY,"RAIN, SNOW, WET",LOOKED BUT DID NOT SEE,MD,54E698B9-4D78-4E31-BBBB-837C25A4F4CF,DISABLING,TWO OCLOCK,PASSENGER CAR,MAKING LEFT TURN,North,35,2016,HOND
MCP913000G5,230034860,Montgomery County Police,Injury Crash,7/22/2023 6:28,SAME DIR REAR END,A5311D29-5A97-4B3F-B4CF-FFAAA1E9122A,No,NO APPARENT INJURY,N/A,NOT DISTRACTED,MD,AEA0C9D2-0D30-48BE-B452-A7C8E52B16ED,FUNCTIONAL,SIX OCLOCK,(SPORT) UTILITY VEHICLE,STOPPED IN TRAFFIC LANE,South,40,2015,CHEVROLET
MCP3145001Q,190035436,Montgomery County Police,Property Damage Crash,7/25/2019 18:00,STRAIGHT MOVEMENT ANGLE,C71C8ECE-CB96-4EAE-A7C2-3E2802F1EAF7,No,NO APPARENT INJURY,N/A,NOT DISTRACTED,MD,4F59C32F-1497-4AD0-979E-C4F3788E15AC,DISABLING,TWELVE OCLOCK,PASSENGER CAR,MOVING CONSTANT SPEED,North,45,2015,VOLKSWAGON
MCP27610053,230070753,Montgomery County Police,Property Damage Crash,12/9/2023 10:28,SAME DIR REAR END,2106BE6C-6123-4A93-8C5D-D3209D460DC5,Yes,NO APPARENT INJURY,N/A,UNKNOWN,MD,73EC6395-8D23-42A9-B030-CBDCD00CFDB7,DISABLING,TWELVE OCLOCK,PASSENGER CAR,MOVING CONSTANT SPEED,West,35,2014,TOYT
MCP2764002Y,230072566,Montgomery County Police,Injury Crash,12/19/2023 14:00,STRAIGHT MOVEMENT ANGLE,109F2529-4308-44D5-8271-6B9F6858C0E3,Yes,NO APPARENT INJURY,N/A,NOT DISTRACTED,MD,B2579D9A-20A9-4137-B1EA-A20E9EA9E142,DISABLING,ONE OCLOCK,PASSENGER CAR,MOVING CONSTANT SPEED,East,15,2020,TOYOTA
MCP2895002Y,230034240,Montgomery County Police,Property Damage Crash,7/18/2023 16:30,SAME DIRECTION RIGHT TURN,FFCEFB5E-0F97-4634-A2F8-F4ADE48F5917,Unknown,NO APPARENT INJURY,N/A,NOT DISTRACTED,MD,2EE3D722-19E9-414E-80C2-34F39CA88F53,FUNCTIONAL,TWELVE OCLOCK,PASSENGER CAR,ACCELERATING,North,25,2021,HONDA
MCP27230087,230072596,Montgomery County Police,Injury Crash,12/19/2023 16:00,STRAIGHT MOVEMENT ANGLE,40465CCB-26E3-450C-9679-46491532FBEF,Yes,SUSPECTED MINOR INJURY,N/A,NOT DISTRACTED,MD,473FFC44-3ED5-4EDC-9E65-7D73459B0111,DISABLING,THREE OCLOCK,PASSENGER CAR,MAKING LEFT TURN,East,35,2006,CHEVY
MCP2286005F,230054709,Montgomery County Police,Injury Crash,9/13/2023 18:30,HEAD ON LEFT TURN,00159848-8296-4C0E-839A-BAAD5B62B120,Unknown,SUSPECTED SERIOUS INJURY,N/A,UNKNOWN,MD,3473E258-546D-447E-ACF4-7FAA128538A8,FUNCTIONAL,TWELVE OCLOCK,MOTORCYCLE,MOVING CONSTANT SPEED,East,40,2023,UU
MCP302600BF,230047764,Montgomery County Police,Injury Crash,8/4/2023 7:50,SAME DIR REAR END,6A9CDE65-97DA-41F4-BCCE-F156454594D6,No,SUSPECTED MINOR INJURY,"RAIN, SNOW, WET",NOT DISTRACTED,MD,34D796D5-9A04-42ED-9E5B-7C3532AFC152,DISABLING,SIX OCLOCK,PASSENGER CAR,SLOWING OR STOPPING,South,25,2007,DODGE
MCP3279002W,230065167,Montgomery County Police,Property Damage Crash,11/8/2023 14:50,STRAIGHT MOVEMENT ANGLE,62C7DF29-69E4-487C-95C2-CFC12EB45523,Yes,NO APPARENT INJURY,N/A,NOT DISTRACTED,MD,D716464B-D101-4652-BC7E-5A02358D703F,SUPERFICIAL,FOUR OCLOCK,PASSENGER CAR,CHANGING LANES,East,40,2016,FORD
MCP29650080,230072069,Montgomery County Police,Property Damage Crash,12/16/2023 13:30,SAME DIR REAR END,E4E6F248-F2EB-42FD-93DA-C112BA81EB39,Yes,NO APPARENT INJURY,N/A,UNKNOWN,MD,9C49490B-901B-419E-B1CA-52D8CD8147C5,FUNCTIONAL,TWELVE OCLOCK,PASSENGER CAR,SLOWING OR STOPPING,North,35,2002,CHEVROLET
MCP2799007K,230071778,Montgomery County Police,Property Damage Crash,12/14/2023 18:30,SAME DIRECTION LEFT TURN,7BAC8DE7-D1D2-4FB4-B34C-9D42E318D22D,Yes,NO APPARENT INJURY,N/A,LOOKED BUT DID NOT SEE,MD,4C8B4F34-6754-4A02-AC9E-9A50D29CB12A,DISABLING,TEN OCLOCK,PASSENGER CAR,MAKING LEFT TURN,West,35,2018,TOYT
MCP26860038,190024121,Montgomery County Police,Property Damage Crash,5/21/2019 16:03,OTHER,B7AE7F48-9644-4F53-B591-507EF28C393B,Yes,NO APPARENT INJURY,N/A,UNKNOWN,MD,5C1533D5-DE93-4604-BB1F-D5F465B2B7FD,SUPERFICIAL,SIX OCLOCK,PASSENGER CAR,BACKING,Unknown,5,2008,TOYT
MCP2932006L,230057793,Montgomery County Police,Injury Crash,10/1/2023 1:32,HEAD ON LEFT TURN,1DFA10CE-3947-4649-9665-4B4F8EB04CEB,Yes,SUSPECTED MINOR INJURY,N/A,NOT DISTRACTED,MD,5B74A766-615D-43FB-8F9A-A4759639EA02,DESTROYED,TWELVE OCLOCK,PASSENGER CAR,MOVING CONSTANT SPEED,North,35,2013,INFINITI
MCP23510059,230071232,Montgomery County Police,Injury Crash,12/12/2023 9:36,OTHER,7F690E45-5F05-4A82-AA62-A5DDA43B5E88,No,NO APPARENT INJURY,"ICY OR SNOW-COVERED, V WIPERS|W OTHER ENVIRONMENTAL",NOT DISTRACTED,DC,D536D21A-68AE-4ADC-A179-FB88DC7E00BB,UNKNOWN,UNKNOWN,PASSENGER CAR,MOVING CONSTANT SPEED,East,30,2003,ACURA
EJ7888004T,230051121,Gaithersburg Police Depar,Injury Crash,8/24/2023 16:30,HEAD ON LEFT TURN,38ADB43D-3C12-4949-947A-D52B05548586,No,SUSPECTED MINOR INJURY,N/A,NOT DISTRACTED,MD,A12F818B-975A-4A39-A9B1-983DE8D3CB66,DISABLING,TWELVE OCLOCK,(SPORT) UTILITY VEHICLE,MOVING CONSTANT SPEED,North,35,2017,HYUNDAI
MCP3208004T,230063715,Montgomery County Police,Property Damage Crash,11/1/2023 1:53,OTHER,72CD4EE3-D07A-49A0-944A-5E90B9A971A5,No,NO APPARENT INJURY,N/A,NOT DISTRACTED,MD,5F49B073-BBE0-420E-9B5A-E525F0BB34DF,FUNCTIONAL,TWELVE OCLOCK,POLICE VEHICLE/NON EMERGENCY,MOVING CONSTANT SPEED,South,40,2012,FORD