Report Number,Local Case Number,Agency Name,ACRS Report Type,Crash Date/Time,Collision Type,Person ID,Driver At Fault,Injury Severity,Circumstance,Driver Distracted By,Drivers License State,Vehicle ID,Vehicle Damage Extent,Vehicle First Impact Location,Vehicle Body Type,Vehicle Movement,Vehicle Going Dir,Speed Limit,Vehicle Year,Vehicle Make
MCP1048000Y,15050773,MONTGOMERY,Property Damage Crash,10/7/2015 9:09,OTHER,134729EB-3E96-44E6-B8A5-EC8FF40180CD,Yes,NO APPARENT INJURY,N/A,NOT DISTRACTED,MD,26741A03-FED0-4E5D-AD91-349B55F69304,SUPERFICIAL,SEVEN OCLOCK,SCHOOL BUS,BACKING,West,0,2012,THOMAS
MCP235800C2,23066631,Montgomery County Police,Injury Crash,11/16/2023 8:30,STRAIGHT MOVEMENT ANGLE,F8254AA6-840C-4399-BDA4-D03F0E0BD799,No,SUSPECTED MINOR INJURY,N/A,NOT DISTRACTED,MD,8D68234E-4EF9-4A16-B59B-0FD37CD96A2A,DISABLING,TWELVE OCLOCK,PASSENGER CAR,MOVING CONSTANT SPEED,North,35,2016,NISSAN
MCP3130006T,230061080,Montgomery County Police,Property Damage Crash,10/17/2023 14:00,OTHER,9DCBAF24-D275-4E76-96D6-C9A6AA1E8594,Yes,NO APPARENT INJURY,N/A,UNKNOWN,,CB843514-983B-4F17-B22A-BDD6E64FE5AB,SUPERFICIAL,TWELVE OCLOCK,PASSENGER CAR,ACCELERATING,South,5,2007,HONDA
MCP32700012,21003048,Montgomery County Police,Injury Crash,8/5/2021 17:23,STRAIGHT MOVEMENT ANGLE,DA5007A3-D55B-405D-909B-E3595CB5D2FB,Yes,NO APPARENT INJURY,N/A,LOOKED BUT DID NOT SEE,MD,31A93632-D4AB-4676-9EA0-022C2F03A01A,SUPERFICIAL,ELEVEN OCLOCK,POLICE VEHICLE/EMERGENCY,MAKING LEFT TURN,South,30,2012,BMW
MCP25970034,230062041,Montgomery County Police,Injury Crash,10/23/2023 6:55,STRAIGHT MOVEMENT ANGLE,EBF29C08-3E95-42DE-81A1-8A0CFD166332,No,NO APPARENT INJURY,N/A,NOT DISTRACTED,MD,5C08DA1B-37FD-4034-B4F1-B8545FD83E18,SUPERFICIAL,TWELVE OCLOCK,PASSENGER CAR,STOPPED IN TRAFFIC LANE,East,40,2016,KIA
MCP285900FM,230071650,Montgomery County Police,Injury Crash,12/14/2023 9:30,HEAD ON LEFT TURN,75D9943C-18EA-40B8-ACE9-02B2EA019901,No,POSSIBLE INJURY,N/A,NOT DISTRACTED,MD,67149E05-B0EE-4A9B-8BA9-43CBA874516A,DESTROYED,NINE OCLOCK,PASSENGER CAR,MOVING CONSTANT SPEED,South,30,2017,INFI
MCP291400F8,230063461,Montgomery County Police,Property Damage Crash,10/30/2023 17:34,OTHER,0837F937-15AC-4FFC-922D-ED48CC40FC67,No,NO APPARENT INJURY,N/A,NOT DISTRACTED,MD,5B7B0E02-2233-4E72-B8AA-1D3C87DC6E42,SUPERFICIAL,TWELVE OCLOCK,SCHOOL BUS,STOPPED IN TRAFFIC LANE,North,35,2015,THOMAS
DD56630003,20055692,Rockville Police Departme,Property Damage Crash,9/19/2023 8:40,SAME DIR REAR END,A1EEE227-9831-4205-AA91-4E5281F09202,No,NO APPARENT INJURY,N/A,NOT DISTRACTED,FL,6B9FB0E8-8384-4480-9340-26E90F722726,FUNCTIONAL,SIX OCLOCK,PASSENGER CAR,STOPPED IN TRAFFIC LANE,South,35,2016,SUBA
MCP3245004P,230068554,Montgomery County Police,Property Damage Crash,11/27/2023 15:38,OTHER,21F9EC59-9025-4FF1-A319-D170BA75B4D8,No,NO APPARENT INJURY,N/A,NOT DISTRACTED,MD,8D842FC6-1E6A-4920-9F42-90CCA099493E,FUNCTIONAL,EIGHT OCLOCK,"OTHER LIGHT TRUCKS (10,000LBS (4,536KG) OR LESS)",PARKED,,0,2017,FORD
MCP2552006Q,230068981,Montgomery County Police,Property Damage Crash,11/29/2023 17:47,HEAD ON LEFT TURN,AF8F4E46-6AD8-4677-9AFB-B97CE988464C,Yes,NO APPARENT INJURY,N/A,NOT DISTRACTED,MD,A5916CE1-28A6-45D5-A7DF-CA1699EB1FDD,DISABLING,TWELVE OCLOCK,PASSENGER CAR,ACCELERATING,South,35,2018,HONDA
MCP3060004F,230056435,Montgomery County Police,Injury Crash,9/23/2023 7:29,STRAIGHT MOVEMENT ANGLE,A05D8C1E-D43C-480F-9DFF-2E24CB8A72D8,No,SUSPECTED MINOR INJURY,"RAIN, SNOW, WET",NOT DISTRACTED,MD,2ECE9352-FB3A-4535-83A7-06B5299F2A68,DISABLING,TWO OCLOCK,PASSENGER CAR,MOVING CONSTANT SPEED,East,35,2003,HONDA
MCP26560071,230034631,Montgomery County Police,Injury Crash,7/20/2023 18:45,OTHER,9C34A627-D4B8-42CF-B53D-2B4EC53AF8DE,No,NO APPARENT INJURY,N/A,NOT DISTRACTED,MD,DD7BB91B-9E70-465E-B174-3255AD05BA29,DISABLING,ONE OCLOCK,PASSENGER CAR,MOVING CONSTANT SPEED,West,35,2014,CHEVROLET
MCP235800C2,23066631,Montgomery County Police,Injury Crash,11/16/2023 8:30,STRAIGHT MOVEMENT ANGLE,FA8EDBD1-6AFE-49C9-BE45-CA8B7B6EAC1A,No,NO APPARENT INJURY,N/A,NOT DISTRACTED,MD,C2A1C297-0985-4B5A-903D-6B319263A954,SUPERFICIAL,TWELVE OCLOCK,PASSENGER CAR,MOVING CONSTANT SPEED,North,35,2016,TOYOTA
MCP2592003J,230074268,Montgomery County Police,Injury Crash,12/30/2023 11:43,HEAD ON LEFT TURN,332862C1-C129-4246-96B1-E420C36493C5,Yes,POSSIBLE INJURY,N/A,LOOKED BUT DID NOT SEE,MD,491266EA-E5C2-4DDF-860E-274F037EC5EA,DISABLING,TWELVE OCLOCK,PASSENGER CAR,MAKING LEFT TURN,North,25,2016,TOYOTA
MCP3230004V,230061406,Montgomery County Police,Property Damage Crash,10/19/2023 11:39,SAME DIRECTION SIDESWIPE,33256EE6-6AF3-4F22-9A5D-6D71B07B7DD1,No,NO APPARENT INJURY,N/A,NOT DISTRACTED,MD,18E71215-CB6C-4BC7-93CF-731D8131AF4C,SUPERFICIAL,TEN OCLOCK,PASSENGER CAR,MOVING CONSTANT SPEED,South,35,2022,TOYOTA
DM8472002C,230048284,Takoma Park Police Depart,Injury Crash,8/7/2023 17:26,OTHER,76B0D978-6F90-4F8A-87C3-9B53593F5FBC,No,NO APPARENT INJURY,"RAIN, SNOW, WET",DISTRACTED BY OUTSIDE PERSON OBJECT OR EVENT,MD,FBD54D9E-9FCF-4630-A29D-23C83A6D6992,FUNCTIONAL,TWELVE OCLOCK,TRANSIT BUS,MOVING CONSTANT SPEED,North,30,2016,NEW
MCP32620037,230050279,Montgomery County Police,Property Damage Crash,8/19/2023 19:10,SINGLE VEHICLE,A57CDCB4-C241-4D04-B56B-D68C0C9B0403,Yes,NO APPARENT INJURY,N/A,UNKNOWN,MD,1E30F736-C445-48E7-9D96-356B8006A895,DISABLING,ELEVEN OCLOCK,PASSENGER CAR,NEGOTIATING A CURVE,West,15,2011,NISSIAN
MCP2837005S,230067060,Montgomery County Police,Property Damage Crash,11/18/2023 10:07,SAME DIR REAR END,38516842-97E3-4844-B8CC-0D54C8B500EB,No,NO APPARENT INJURY,N/A,NOT DISTRACTED,MD,B0B83940-3E08-4534-8E12-2842305E02B6,DISABLING,SIX OCLOCK,PASSENGER CAR,STOPPED IN TRAFFIC LANE,West,40,2019,FORD
MCP1151005Y,17011048,Montgomery County Police,Injury Crash,3/2/2017 7:40,OPPOSITE DIRECTION SIDESWIPE,85C5556D-4D29-4577-BAA0-6BB2B14ECAE6,No,SUSPECTED MINOR INJURY,N/A,NOT DISTRACTED,MD,2C613D05-2995-4B86-A540-5475EB59EAEA,DISABLING,ELEVEN OCLOCK,PICKUP TRUCK,SLOWING OR STOPPING,West,50,2008,FORD
MCP30530074,230073195,Montgomery County Police,Property Damage Crash,12/22/2023 17:29,OTHER,50C0D4AC-08EE-4624-98B8-0D5747ABFFBF,No,NO APPARENT INJURY,N/A,NOT DISTRACTED,MD,24A7655B-8647-48BB-AF33-3695C873835B,DISABLING,TWO OCLOCK,PASSENGER CAR,MOVING CONSTANT SPEED,West,30,2012,TOYOTA
MCP285900DJ,230048335,Montgomery County Police,Injury Crash,8/8/2023 8:15,SAME DIR REAR END,1BBFEFB6-C776-4C52-9E3A-917ACA7A6F0B,Yes,POSSIBLE INJURY,N/A,UNKNOWN,MD,692AC198-A482-479C-BCCD-D18B2373853B,DISABLING,TWELVE OCLOCK,PASSENGER CAR,MOVING CONSTANT SPEED,North,30,2020,NISS
MCP93110044,230056901,Montgomery County Police,Injury Crash,9/26/2023 7:50,HEAD ON LEFT TURN,2C14531A-EC51-467A-A73F-B5A0E7073341,Yes,NO APPARENT INJURY,"RAIN, SNOW, WET",LOOKED BUT DID NOT SEE,MD,B6AB8918-25EB-4646-899B-16456AA9380B,DISABLING,ONE OCLOCK,PASSENGER CAR,MAKING LEFT TURN,East,45,2017,MERCEDES
MCP3268000P,200046362,Montgomery County Police,Property Damage Crash,11/23/2020 23:00,N/A,5C0C8E12-6F2C-4C72-9D1C-95442935CE48,No,NO APPARENT INJURY,N/A,NOT DISTRACTED,MD,9B18DC0B-BA95-49B0-BF80-01F14CF9D702,SUPERFICIAL,EIGHT OCLOCK,PASSENGER CAR,PARKED,,0,2020,HONDA
MCP2608005F,230067451,Montgomery County Police,Property Damage Crash,11/20/2023 15:28,STRAIGHT MOVEMENT ANGLE,10C96545-E52A-4D6D-8DBE-6E0B75FD9B25,No,NO APPARENT INJURY,N/A,NOT DISTRACTED,MD,64BE015B-BF8E-48AA-BFD1-5827AE259804,DISABLING,ELEVEN OCLOCK,PASSENGER CAR,MOVING CONSTANT SPEED,East,30,2013,NISSAN
MCP3233000M,200016286,Montgomery County Police,Property Damage Crash,4/17/2020 13:15,SAME DIRECTION RIGHT TURN,0F96D7A6-DEB5-4FFE-8F22-800AF8996E9C,Yes,NO APPARENT INJURY,N/A,INATTENTIVE OR LOST IN THOUGHT,MD,B6C65130-A659-4269-B140-BA24320F6570,SUPERFICIAL,ONE OCLOCK,OTHER,MOVING CONSTANT SPEED,North,20,2018,FORD
MCP32010056,230071016,Montgomery County Police,Injury Crash,12/11/2023 6:30,SAME DIR REAR END,9FB33AB6-B999-417D-AFC2-0ACF75918905,No,NO APPARENT INJURY,"ICY OR SNOW-COVERED, RAIN, SNOW, WET",NOT DISTRACTED,MD,AA41799D-2B1F-42CB-9D43-83F4D2123243,DISABLING,TWELVE OCLOCK,VAN,MOVING CONSTANT SPEED,South,40,2017,FORD
MCP33620026,230066897,Montgomery County Police,Property Damage Crash,11/17/2023 13:01,HEAD ON LEFT TURN,2D6E376A-4BEE-412B-AA98-21AFAA07F2F8,No,NO APPARENT INJURY,N/A,NO DRIVER PRESENT,MD,0831056E-0D46-4345-9502-A20ED40B0131,FUNCTIONAL,ELEVEN OCLOCK,VAN,PARKED,,25,2000,FORD
HA24850012,23001933,Maryland-National Capital,Property Damage Crash,10/9/2023 9:51,OTHER,0DEFF920-8B3F-4DF9-8D4D-C0484B324A28,Unknown,NO APPARENT INJURY,N/A,NOT DISTRACTED,MD,3552FAD7-4BA7-46B2-A536-ECA15B3EDAB5,FUNCTIONAL,TWO OCLOCK,PASSENGER CAR,MOVING CONSTANT SPEED,South,55,2019,VOLK
MCP2450004V,230067471,Montgomery County Police,Property Damage Crash,11/20/2023 17:30,ANGLE MEETS LEFT HEAD ON,A4779278-E32C-45C5-A18D-770B8305D6BC,Yes,NO APPARENT INJURY,N/A,NOT DISTRACTED,MD,0D8C01E1-BC69-41A9-8CBD-BF1235FFB123,SUPERFICIAL,TWELVE OCLOCK,PASSENGER CAR,MAKING LEFT TURN,North,30,2009,LINCOLN
MCP24640031,230064084,Montgomery County Police,Property Damage Crash,11/2/2023 23:00,OTHER,66BC416D-3945-4536-9063-1D5F91731015,No,NO APPARENT INJURY,"ANIMAL, N/A",NOT DISTRACTED,MD,85830109-4364-47BD-9258-34723B3953D2,DISABLING,TWELVE OCLOCK,POLICE VEHICLE/NON EMERGENCY,MOVING CONSTANT SPEED,South,35,2014,DODGE
MCP3021006Q,230029137,Montgomery County Police,Property Damage Crash,6/17/2023 12:50,HEAD ON LEFT TURN,214E846E-EA3F-4531-9B22-97BE9BB01315,Yes,NO APPARENT INJURY,N/A,LOOKED BUT DID NOT SEE,MD,00699403-1BC9-4373-A8C0-C325728ECB8B,FUNCTIONAL,FIVE OCLOCK,PASSENGER CAR,MAKING LEFT TURN,North,50,1991,LEX
MCP33350027,230053273,Montgomery County Police,Property Damage Crash,9/5/2023 13:28,HEAD ON,9709E23E-9954-4F08-8AFA-090BB6EE39B5,Yes,NO APPARENT INJURY,"N/A, V WIPERS|W OTHER ENVIRONMENTAL",OTHER DISTRACTION,MD,822DD674-6602-4BC2-9607-5940E3B26C6E,FUNCTIONAL,ELEVEN OCLOCK,PASSENGER CAR,MOVING CONSTANT SPEED,North,25,2019,HOND
MCP2622003V,230058430,Montgomery County Police,Injury Crash,10/4/2023 7:52,SAME DIR REAR END,7D4C0EF9-344D-4B8F-9A96-79A3AAC81030,No,POSSIBLE INJURY,N/A,NOT DISTRACTED,MD,CA1B18DA-9A04-4649-9542-AC36C44F7A35,FUNCTIONAL,SIX OCLOCK,(SPORT) UTILITY VEHICLE,SLOWING OR STOPPING,East,35,2014,TOYOTA
MCP2039009C,230064099,Montgomery County Police,Property Damage Crash,11/3/2023 5:51,SINGLE VEHICLE,1F541DCF-3250-4084-8C3D-D06D1DDA10B7,Yes,NO APPARENT INJURY,N/A,LOOKED BUT DID NOT SEE,MD,0A2E8DEF-56E0-41D2-B623-F50384A7E34D,DISABLING,TWELVE OCLOCK,PASSENGER CAR,MOVING CONSTANT SPEED,West,35,2017,NISSAN
MCP23940054,230062228,Montgomery County Police,Injury Crash,10/23/2023 23:08,HEAD ON,B5CC73FF-4BF3-4053-B4C1-542855CC6298,Yes,POSSIBLE INJURY,N/A,NOT DISTRACTED,MD,D19885B1-3C9C-49EF-8E7C-D6F276C54FC3,DESTROYED,TWELVE OCLOCK,PASSENGER CAR,MOVING CONSTANT SPEED,South,25,2017,MERZ
MCP120500B0,230066626,Montgomery County Police,Injury Crash,11/16/2023 8:06,OTHER,B55A5D98-CF2D-4F28-9D99-7E6CD65B1774,Yes,NO APPARENT INJURY,"N/A, VISION OBSTRUCTION (INCL. BLINDED BY SUN)",LOOKED BUT DID NOT SEE,MD,9454ADA1-B4B5-401A-80FD-05AF1A607E23,SUPERFICIAL,ONE OCLOCK,PASSENGER CAR,MOVING CONSTANT SPEED,North,10,2019,INFI
MCP33480017,230056721,Montgomery County Police,Property Damage Crash,9/25/2023 7:47,SAME DIR REAR END,67F95181-5559-4453-BCE2-C91CB37F5FF1,No,NO APPARENT INJURY,N/A,NOT DISTRACTED,MD,00D4FB69-0E06-45F1-A44B-B8A36FD9DCBD,FUNCTIONAL,SIX OCLOCK,PASSENGER CAR,SLOWING OR STOPPING,North,35,2015,TOYT
MCP3130006Y,230070775,Montgomery County Police,Injury Crash,12/9/2023 13:50,STRAIGHT MOVEMENT ANGLE,00ADACC9-47F2-4FD7-BF53-CDD258C0665F,Yes,SUSPECTED MINOR INJURY,N/A,LOOKED BUT DID NOT SEE,MD,3B0D78AD-77C8-47C0-81E5-77A80A83F816,DISABLING,TWELVE OCLOCK,PASSENGER CAR,ACCELERATING,East,30,2012,JEEP
MCP3263003M,230051846,Montgomery County Police,Property Damage Crash,8/28/2023 14:32,STRAIGHT MOVEMENT ANGLE,B2401F34-EFCC-4C39-B3A4-0AFCDA704F57,Yes,NO APPARENT INJURY,N/A,LOOKED BUT DID NOT SEE,MD,A4D5BB9C-9454-4637-9024-5B929B79D2FE,FUNCTIONAL,ONE OCLOCK,PASSENGER CAR,MAKING LEFT TURN,North,35,2023,TESL
MCP3161005Q,230056657,Montgomery County Police,Property Damage Crash,9/24/2023 16:50,SAME DIR REAR END,2EB8ABB9-9FB0-439D-A17D-E4BC73D25CDE,Yes,NO APPARENT INJURY,"N/A, WET",UNKNOWN,MD,71038355-E4CB-45A3-9ED3-BDED37867D1B,DISABLING,TWELVE OCLOCK,PASSENGER CAR,SLOWING OR STOPPING,North,35,2001,TOYT
MCP26410035,230034315,Montgomery County Police,Property Damage Crash,7/19/2023 7:50,SAME DIR REAR END,737243FF-F5B2-4E5F-A8C6-1EBDE503C8ED,No,NO APPARENT INJURY,N/A,NOT DISTRACTED,MD,EF437509-D290-4239-BA16-7C0AB098414D,SUPERFICIAL,SIX OCLOCK,POLICE VEHICLE/NON EMERGENCY,STOPPED IN TRAFFIC LANE,North,40,2020,CHEVROLET
MCP2314002H,230051175,Montgomery County Police,Injury Crash,8/24/2023 19:30,SAME DIR REAR END,E4E091CC-E5E6-4CC1-96F9-6AEF6156713B,Yes,POSSIBLE INJURY,N/A,NOT DISTRACTED,MD,8015A20B-1D9E-48CB-A6D4-E09B3E549989,DISABLING,TWELVE OCLOCK,PASSENGER CAR,SLOWING OR STOPPING,West,40,2009,MITSUBISHI
MCP33220021,230061184,Montgomery County Police,Injury Crash,10/18/2023 4:41,STRAIGHT MOVEMENT ANGLE,2F5EE272-9A4F-49D0-A92B-171992D55954,No,POSSIBLE INJURY,N/A,NOT DISTRACTED,MD,743D5DBA-264A-44D6-BA1E-C59AA2949A79,FUNCTIONAL,THREE OCLOCK,PASSENGER CAR,MAKING LEFT TURN,South,25,2013,CHEV
MCP3038006G,230057912,Montgomery County Police,Property Damage Crash,10/1/2023 18:14,OTHER,540CC4D7-8DCF-4C51-88F6-14729B529190,No,NO APPARENT INJURY,N/A,NOT DISTRACTED,MD,A6552521-E195-4575-BE04-4B8EB76E195F,DISABLING,ELEVEN OCLOCK,PASSENGER CAR,STOPPED IN TRAFFIC LANE,North,25,2014,HONDA
MCP289200F4,230051690,Montgomery County Police,Injury Crash,8/27/2023 17:42,STRAIGHT MOVEMENT ANGLE,BBB0381E-C971-4A47-B8EC-0009AA6D14E3,Yes,POSSIBLE INJURY,N/A,OTHER DISTRACTION,MD,F1A88141-0F4B-495F-AF2B-22573B08E5EF,DESTROYED,TWELVE OCLOCK,PASSENGER CAR,MOVING CONSTANT SPEED,West,25,2017,TOYT
MCP33670016,230053988,Montgomery County Police,Property Damage Crash,9/9/2023 15:15,HEAD ON LEFT TURN,5828D562-AD89-445B-85A7-AB8B8C2617FC,No,NO APPARENT INJURY,"RAIN, SNOW, WET",NOT DISTRACTED,MD,BE07BF77-208A-413F-9A0B-DB9B74FE7FFF,SUPERFICIAL,ELEVEN OCLOCK,PASSENGER CAR,SLOWING OR STOPPING,North,35,2012,JEEP
MCP27030030,230054497,Montgomery County Police,Property Damage Crash,9/12/2023 17:02,SAME DIR BOTH LEFT TURN,ACD40F83-632A-49E8-93BA-3344F7B00617,Yes,NO APPARENT INJURY,N/A,UNKNOWN,,6368AB29-754F-4DE0-98D0-09A9BABAF093,SUPERFICIAL,TEN OCLOCK,PASSENGER CAR,MOVING CONSTANT SPEED,North,30,2015,TOYOTA
DD5643003B,230072634,Rockville Police Departme,Injury Crash,12/19/2023 18:09,HEAD ON LEFT TURN,F36DB70F-995D-4BEA-85A4-9705F16CC96C,No,POSSIBLE INJURY,N/A,NOT DISTRACTED,MD,2C5DD64C-3434-4CC4-854A-588849716235,DESTROYED,TWELVE OCLOCK,PASSENGER CAR,MOVING CONSTANT SPEED,South,35,2018,ACURA
MCP2231007J,230054769,Montgomery County Police,Injury Crash,9/14/2023 8:18,SAME DIR REAR END,CA29397B-EEFE-41D9-8B69-57073379C966,Yes,NO APPARENT INJURY,N/A,UNKNOWN,MD,394540FE-8B6E-4157-9248-6DB2CE2A712D,SUPERFICIAL,TWELVE OCLOCK,PASSENGER CAR,STARTING FROM LANE,North,35,2018,LEXSUS
EJ78700069,230050623,Gaithersburg Police Depar,Injury Crash,8/22/2023 0:30,HEAD ON LEFT TURN,4EE4AC13-135E-4CF1-B4EE-A281983D8F16,Yes,SUSPECTED MINOR INJURY,N/A,DISTRACTED BY OUTSIDE PERSON OBJECT OR EVENT,MD,0712428F-19B5-4752-8995-D9CF670D7AD0,DISABLING,ONE OCLOCK,POLICE VEHICLE/EMERGENCY,MAKING U TURN,East,35,2020,FORD
MCP1213008F,230059383,Montgomery County Police,Property Damage Crash,10/8/2023 23:45,SINGLE VEHICLE,2FEF39B8-76BF-4667-A143-ADE1CC7BBBB4,No,NO APPARENT INJURY,N/A,NOT DISTRACTED,MD,37774C41-46E1-4392-B459-18399F909D85,FUNCTIONAL,TWELVE OCLOCK,PASSENGER CAR,MOVING CONSTANT SPEED,East,40,2011,TOYT
MCP3150000D,180024114,Montgomery County Police,Property Damage Crash,5/16/2018 18:45,OTHER,E1DC91CA-6205-4CAE-B939-DFD10956F7BF,Yes,NO APPARENT INJURY,"N/A, WET",UNKNOWN,,045A1DD7-D49E-45F2-89FA-ACCCD1CF890D,SUPERFICIAL,ONE OCLOCK,PASSENGER CAR,MOVING CONSTANT SPEED,East,25,2005,CHRYSLER
MCP2203003B,180043244,Montgomery County Police,Injury Crash,8/30/2018 12:15,SAME DIRECTION SIDESWIPE,F8611EEE-E753-411C-AC59-C1C58BF24FC1,Yes,POSSIBLE INJURY,N/A,NOT DISTRACTED,MD,0915106D-3ABF-42C5-BF56-4B4143F598C2,DISABLING,ELEVEN OCLOCK,PASSENGER CAR,MOVING CONSTANT SPEED,West,35,2014,MERZ
MCP2399007H,230069332,Montgomery County Police,Property Damage Crash,12/1/2023 14:30,OTHER,209FA017-D028-47A5-9DF4-CF1C4889FED8,No,NO APPARENT INJURY,"N/A, SLEET, HAIL, FREEZ. RAIN",NOT DISTRACTED,MD,900C57C1-D32A-4AED-B53F-20B0E96B383D,NO DAMAGE,NINE OCLOCK,SCHOOL BUS,STOPPED IN TRAFFIC LANE,South,5,2024,THMS
MCP2965007G,230051474,Montgomery County Police,Injury Crash,8/26/2023 13:15,SAME DIR REAR END,5D495159-8DDA-4196-8DB5-DD9C5037B76D,Yes,SUSPECTED MINOR INJURY,N/A,DISTRACTED BY OUTSIDE PERSON OBJECT OR EVENT,MD,2C3D1E4F-2E03-4E66-8252-9BFADAFA6EE8,DESTROYED,TWELVE OCLOCK,PASSENGER CAR,SLOWING OR STOPPING,North,40,2014,CHEV
MCP24560081,230066634,Montgomery County Police,Property Damage Crash,11/16/2023 8:50,SAME DIR REAR END,11892076-9F0D-484B-8911-803058D929B1,Yes,NO APPARENT INJURY,N/A,UNKNOWN,MD,8C5999D1-F8EF-4B73-A1B5-16AB00E28076,DISABLING,TWELVE OCLOCK,PASSENGER CAR,MOVING CONSTANT SPEED,North,40,2014,JEEP
EJ7869003F,230032124,Gaithersburg Police Depar,Injury Crash,7/5/2023 23:25,SINGLE VEHICLE,6247C8F6-297F-4E71-B653-B69CBB22804E,Yes,SUSPECTED MINOR INJURY,N/A,UNKNOWN,MD,5D60FF00-F6AB-4774-9A87-6D7C62856972,DESTROYED,TWELVE OCLOCK,PASSENGER CAR,MOVING CONSTANT SPEED,North,35,2013,BMW
MCP3243001Q,230054628,Montgomery County Police,Property Damage Crash,9/13/2023 14:25,SAME DIR REAR END,AAB32533-1BE3-4830-A869-C8459B2F270E,No,NO APPARENT INJURY,N/A,NOT DISTRACTED,DC,D16A87C0-0ACA-4F6F-AD44-E29CC392DCFC,SUPERFICIAL,SIX OCLOCK,VAN,STOPPED IN TRAFFIC LANE,South,35,2016,DODGE
MCP29910092,230070326,Montgomery County Police,Property Damage Crash,12/7/2023 7:45,N/A,DE0B30A9-FBB8-44C9-B324-DBC5C25F0879,Yes,NO APPARENT INJURY,N/A,NOT DISTRACTED,MD,7DA08B16-24A2-494D-9677-30935C93EB8D,DISABLING,ELEVEN OCLOCK,PASSENGER CAR,MOVING CONSTANT SPEED,West,20,1999,TOYO
MCP1378015C,230049442,Montgomery County Police,Injury Crash,8/14/2023 16:49,SAME DIR REAR END,333246EC-EECF-45C0-A734-2B5052B438F9,No,NO APPARENT INJURY,"RAIN, SNOW, WET",NOT DISTRACTED,MD,ABF4F0CC-1903-4B3E-9584-E270E844EBDD,FUNCTIONAL,SIX OCLOCK,PASSENGER CAR,SLOWING OR STOPPING,South,40,2008,HOND
MCP1378016P,230069813,Montgomery County Police,Property Damage Crash,12/4/2023 15:11,SAME DIRECTION SIDESWIPE,77732EBD-08A6-4DDF-85B1-96A1401A39B1,Yes,NO APPARENT INJURY,N/A,NOT DISTRACTED,MD,3B5B880A-F3FD-4B94-899F-482377B743DB,SUPERFICIAL,FOUR OCLOCK,SCHOOL BUS,NEGOTIATING A CURVE,South,25,2020,THMS
MCP2722004Z,230063091,Montgomery County Police,Injury Crash,10/28/2023 17:04,SINGLE VEHICLE,9D693512-F6E8-49E6-A405-D4A10CFE4D5D,Yes,NO APPARENT INJURY,"N/A, VISION OBSTRUCTION (INCL. BLINDED BY SUN)",LOOKED BUT DID NOT SEE,MD,B2E82224-8A12-4AB7-98EE-50ECD829C5F4,NO DAMAGE,TWELVE OCLOCK,PASSENGER CAR,MOVING CONSTANT SPEED,West,15,2016,BUICK
MCP3130006N,230054098,Montgomery County Police,Property Damage Crash,9/10/2023 12:20,OTHER,F1A05ACD-1E87-47EA-BB7F-AF0776705953,Yes,NO APPARENT INJURY,N/A,UNKNOWN,,4149D6A2-AF63-436A-A84E-4EA2551B70F7,UNKNOWN,SEVEN OCLOCK,PASSENGER CAR,PARKING,South,5,2017,ACURA
MCP11740065,230020970,Montgomery County Police,Property Damage Crash,5/2/2023 14:29,SAME DIR REAR END,96068181-F7FF-4619-845E-6C94651511D6,Yes,NO APPARENT INJURY,N/A,NOT DISTRACTED,MD,309BA6A4-1A04-40B2-8BEF-FCD4D96C7341,NO DAMAGE,TWELVE OCLOCK,TRANSIT BUS,STARTING FROM LANE,West,25,2021,NEW FLYER
MCP2641003R,230073886,Montgomery County Police,Property Damage Crash,12/27/2023 17:15,SINGLE VEHICLE,315608CA-2CF9-4B36-82FD-E7BECDBB86CB,Yes,NO APPARENT INJURY,"RAIN, SNOW, WET",NOT DISTRACTED,MD,19D0B99F-1C74-49A7-9BAF-AEA34B3910A1,DISABLING,TWELVE OCLOCK,PASSENGER CAR,SKIDDING,North,25,2007,BMW
MCP241100C3,230054993,Montgomery County Police,Injury Crash,9/15/2023 8:24,SAME DIR REAR END,B00EDFF3-89CB-46D7-B0B2-AC7D7AF781DB,Yes,NO APPARENT INJURY,N/A,NOT DISTRACTED,MD,9B9E632B-0CEE-438E-8684-626FD59BEDAE,FUNCTIONAL,TWELVE OCLOCK,PASSENGER CAR,SLOWING OR STOPPING,East,30,2019,CHEVROLET