Report Number,Local Case Number,Agency Name,ACRS Report Type,Crash Date/Time,Collision Type,Person ID,Driver At Fault,Injury Severity,Circumstance,Driver Distracted By,Drivers License State,Vehicle ID,Vehicle Damage Extent,Vehicle First Impact Location,Vehicle Body Type,Vehicle Movement,Vehicle Going Dir,Speed Limit,Vehicle Year,Vehicle Make
MCP304800BR,230063380,Montgomery County Police,Property Damage Crash,10/30/2023 12:00,OPPOSITE DIR BOTH LEFT TURN,E8D8E6E7-076E-40C0-B215-07FC4A659C74,No,NO APPARENT INJURY,N/A,NOT DISTRACTED,MD,0C3D2A74-5B8C-42AD-9E05-3612305F4253,FUNCTIONAL,FOUR OCLOCK,PASSENGER CAR,MAKING LEFT TURN,North,25,2015,TOYOTA
MCP2780007G,230069184,Montgomery County Police,Property Damage Crash,11/30/2023 18:12,SINGLE VEHICLE,520A9D38-A463-47C3-A077-3A4029E9B49F,Yes,NO APPARENT INJURY,N/A,NOT DISTRACTED,VA,169F6ACD-77B0-4156-B7AD-165CCF51B6FA,FUNCTIONAL,TEN OCLOCK,PASSENGER CAR,MOVING CONSTANT SPEED,East,45,2008,CHEV
MCP2730003C,230048369,Montgomery County Police,Property Damage Crash,8/8/2023 11:30,OTHER,33C2CC80-0109-4116-9E48-331AF01930C8,Yes,NO APPARENT INJURY,N/A,UNKNOWN,MD,DD9F1226-C30C-436B-B5F8-5E5DF3CF5AFD,SUPERFICIAL,SIX OCLOCK,PASSENGER CAR,BACKING,North,0,2011,CHEVY
MCP3268003L,230072312,Montgomery County Police,Injury Crash,12/18/2023 7:54,HEAD ON,93BB878E-89AE-47D7-9943-513C8479F2A4,No,NO APPARENT INJURY,"N/A, WET",NOT DISTRACTED,MD,A1FE54E7-5DB5-400A-AB90-A73A112F8168,DISABLING,TWELVE OCLOCK,(SPORT) UTILITY VEHICLE,MOVING CONSTANT SPEED,East,35,2022,FORD
DM8505000X,230073311,Takoma Park Police Depart,Property Damage Crash,12/23/2023 12:00,OTHER,460EA258-EE3D-425B-AE0A-44D3F4A52A71,Yes,NO APPARENT INJURY,N/A,LOOKED BUT DID NOT SEE,,633EF492-ACC3-43DB-AE1B-A8D8BC9D4009,SUPERFICIAL,SIX OCLOCK,PICKUP TRUCK,PARKING,East,10,2011,FORD
MCP3330001N,230066719,Montgomery County Police,Property Damage Crash,11/16/2023 14:27,SAME DIR REAR END,A23DA793-D7A3-4A38-8AB7-398EA3E6793E,No,NO APPARENT INJURY,N/A,NOT DISTRACTED,MD,403E546B-205D-4346-888D-FDF0D4538861,NO DAMAGE,SIX OCLOCK,SCHOOL BUS,STOPPED IN TRAFFIC LANE,North,35,2021,FORD
MCP9390002L,230066528,Montgomery County Police,Property Damage Crash,11/15/2023 15:44,SINGLE VEHICLE,F709FA38-8446-45EB-9535-75D0959DB380,Yes,NO APPARENT INJURY,N/A,LOOKED BUT DID NOT SEE,MD,26EBCD70-3302-4584-BBA6-847FE67E3905,FUNCTIONAL,TWELVE OCLOCK,PASSENGER CAR,MOVING CONSTANT SPEED,South,45,2017,CHEV
EJ7833007X,230067754,Gaithersburg Police Depar,Property Damage Crash,11/22/2023 7:15,STRAIGHT MOVEMENT ANGLE,27B69336-70E2-4225-AC03-A7E34B09EAE2,Yes,NO APPARENT INJURY,"N/A, WET",NOT DISTRACTED,MD,B2EC03D4-9F41-48F8-98FC-FBE68A2F4E26,DISABLING,FOUR OCLOCK,PASSENGER CAR,MAKING LEFT TURN,West,40,2020,JEEP
MCP31610064,230073360,Montgomery County Police,Injury Crash,12/23/2023 17:31,SAME DIRECTION SIDESWIPE,619F01EC-971C-48D4-BDEC-523AAE56B99D,No,POSSIBLE INJURY,N/A,NOT DISTRACTED,MD,4EB1B9DA-821A-4DEE-8B34-B65109A7C15C,FUNCTIONAL,TEN OCLOCK,PASSENGER CAR,MOVING CONSTANT SPEED,South,35,2017,HONDA
MCP3165004X,230061944,Montgomery County Police,Property Damage Crash,10/22/2023 0:00,OTHER,62B2E25B-350B-4C42-80BE-A496B2969356,Yes,NO APPARENT INJURY,N/A,UNKNOWN,,A5E18780-829B-48FB-A331-2DEA9B2E7759,DISABLING,TEN OCLOCK,PASSENGER CAR,MOVING CONSTANT SPEED,West,20,2012,HYUN
MCP2776004X,230064054,Montgomery County Police,Property Damage Crash,11/2/2023 18:41,HEAD ON LEFT TURN,68D33D49-EC23-4903-A870-7A180BA738C8,No,NO APPARENT INJURY,N/A,NOT DISTRACTED,MD,FB02A5EC-161C-47FB-BD34-0CCD6EFF1D07,DISABLING,TWELVE OCLOCK,(SPORT) UTILITY VEHICLE,MOVING CONSTANT SPEED,North,30,2020,TOYT
MCP295200F4,230073332,Montgomery County Police,Property Damage Crash,12/23/2023 14:49,SAME DIR REND LEFT TURN,F5BDE0D1-56B4-45BB-ACE3-C4DE93C90858,Yes,NO APPARENT INJURY,N/A,NOT DISTRACTED,MD,BC47A0A5-3AD5-42EE-B10D-043C8E9A3EA0,FUNCTIONAL,ELEVEN OCLOCK,PASSENGER CAR,MOVING CONSTANT SPEED,North,35,2015,BMW
MCP1205009M,230054191,Montgomery County Police,Property Damage Crash,9/11/2023 7:28,SAME DIRECTION SIDESWIPE,F5F9B5AD-6097-4396-AFB8-90DBF069102D,Yes,NO APPARENT INJURY,N/A,UNKNOWN,MD,335987D0-5338-4F70-AB92-3436B28730B3,SUPERFICIAL,TEN OCLOCK,PASSENGER CAR,CHANGING LANES,East,30,2019,HYUNDAI
MCP3160004V,230057381,Montgomery County Police,Injury Crash,9/28/2023 19:50,HEAD ON LEFT TURN,4468D8E7-C4AC-4BF9-B568-1982E7C6C394,No,POSSIBLE INJURY,N/A,NOT DISTRACTED,MD,9DACD293-E3A6-45B7-9EEF-2082254C99CD,DISABLING,THREE OCLOCK,PASSENGER CAR,MOVING CONSTANT SPEED,West,35,1984,NISSAN
MCP3254003D,230057131,Montgomery County Police,Property Damage Crash,9/25/2023 10:38,OPPOSITE DIRECTION SIDESWIPE,7AF0FF57-7866-4F2E-B1E8-3AD225FBE5CA,Yes,NO APPARENT INJURY,N/A,UNKNOWN,MD,81FF629B-556B-40E8-A5DA-B6131EC4E3DE,FUNCTIONAL,TWELVE OCLOCK,VAN,PARKING,Unknown,0,2014,DODGE
MCP32090049,230058619,Montgomery County Police,Injury Crash,10/5/2023 1:44,SINGLE VEHICLE,CA298017-0C7F-4636-9CA2-6BA049A5B569,Yes,POSSIBLE INJURY,N/A,UNKNOWN,MD,3836D422-1F54-46EF-8EE5-8D1D239736AE,DISABLING,TEN OCLOCK,PASSENGER CAR,MOVING CONSTANT SPEED,West,35,2019,MAZDA
MCP33520017,230056380,Montgomery County Police,Property Damage Crash,9/22/2023 20:10,SAME DIRECTION SIDESWIPE,3E71BADA-1EDF-40D4-AAA9-906B7FE97A96,No,NO APPARENT INJURY,N/A,NOT DISTRACTED,MD,774F0776-87D3-4861-8CAA-8DA97863D196,SUPERFICIAL,THREE OCLOCK,PASSENGER CAR,SLOWING OR STOPPING,North,30,2022,KIA
MCP3348000W,230049369,Montgomery County Police,Injury Crash,8/14/2023 11:09,SAME DIR REAR END,7C8919F9-29BF-44EE-8480-DAE6D9EC6636,Yes,SUSPECTED MINOR INJURY,N/A,UNKNOWN,MD,14FA9202-4610-4C5B-81C6-B1E3AE62AD62,DISABLING,TWELVE OCLOCK,PASSENGER CAR,MOVING CONSTANT SPEED,South,25,2017,HONDA
MCP32310012,230059060,Montgomery County Police,Property Damage Crash,10/6/2023 22:30,SAME DIR REAR END,973750DF-A9AE-4959-BE3F-D320E73326FD,No,NO APPARENT INJURY,N/A,NOT DISTRACTED,MD,5A82938E-DFE6-4AA0-8BD6-B3F7E13E568E,SUPERFICIAL,SIX OCLOCK,"OTHER LIGHT TRUCKS (10,000LBS (4,536KG) OR LESS)",MOVING CONSTANT SPEED,East,35,2022,FORD
MCP30800040,230066964,Montgomery County Police,Injury Crash,11/17/2023 19:06,SAME DIR REAR END,C768B21A-8ACA-4024-BDFB-553C16E4D3F5,Yes,NO APPARENT INJURY,N/A,UNKNOWN,MD,581CD8B1-DEBE-48DA-B13A-C62A6F731B69,DISABLING,TWELVE OCLOCK,PASSENGER CAR,MOVING CONSTANT SPEED,South,45,2013,HOND
MCP29710060,230073854,Montgomery County Police,Injury Crash,12/27/2023 14:46,STRAIGHT MOVEMENT ANGLE,7CEC2B24-10D4-43FF-82EC-C0FF96502AAE,No,POSSIBLE INJURY,"RAIN, SNOW, WET",NOT DISTRACTED,MD,BB3D36E7-422D-462E-BBF3-F2E1AA539A29,DISABLING,TWELVE OCLOCK,(SPORT) UTILITY VEHICLE,MOVING CONSTANT SPEED,West,30,2004,GMC
MCP33510017,230046803,Montgomery County Police,Property Damage Crash,7/29/2023 13:27,SAME DIR REAR END,89606B20-83D7-414F-9374-A7AC6F0045F7,No,NO APPARENT INJURY,N/A,NOT DISTRACTED,MD,F4A11F22-1720-41D9-8370-F2938B152883,SUPERFICIAL,SIX OCLOCK,TRANSIT BUS,STOPPED IN TRAFFIC LANE,East,30,2013,NWFL
MCP3165003C,210052632,Montgomery County Police,Property Damage Crash,12/26/2021 6:45,OTHER,03AFEA77-11B9-4991-9225-203F8A1D66C2,Yes,NO APPARENT INJURY,N/A,UNKNOWN,,5296E49A-DE16-426A-849C-613AB3AB6209,FUNCTIONAL,TWELVE OCLOCK,,OTHER,North,25,0,UNKNOWN
MCP003600HD,230063444,Montgomery County Police,Injury Crash,10/30/2023 16:30,STRAIGHT MOVEMENT ANGLE,9D534716-BF57-4E04-A5E8-71F64A4758D5,Yes,POSSIBLE INJURY,N/A,UNKNOWN,XX,80B481CA-1964-4F2E-AC40-D0D9684B149C,DISABLING,TWELVE OCLOCK,PASSENGER CAR,MAKING LEFT TURN,North,35,2018,TOYOTA
DD5662000J,230056178,Rockville Police Departme,Property Damage Crash,9/21/2023 18:38,SAME DIRECTION SIDESWIPE,561A69F7-66D1-4344-B9F5-C7B109E39F2C,Yes,NO APPARENT INJURY,N/A,UNKNOWN,,45D9D319-3D2D-41C1-84FE-9786D86E7741,UNKNOWN,UNKNOWN,UNKNOWN,PASSING,South,25,0,UNKNOWN
MCP913000GH,230052434,Montgomery County Police,Property Damage Crash,8/31/2023 12:47,SAME DIRECTION LEFT TURN,BAAA8E59-ECCF-418B-AA55-425F3FF49EAD,Yes,NO APPARENT INJURY,N/A,NOT DISTRACTED,MD,7966ED70-D07B-4598-885B-AF9ADBA462DD,FUNCTIONAL,TWO OCLOCK,PASSENGER CAR,MOVING CONSTANT SPEED,North,40,2010,HONDA
MCP1213008W,230071538,Montgomery County Police,Injury Crash,12/13/2023 16:35,HEAD ON LEFT TURN,AE2B7DF5-CCD2-45F6-A2EA-6BB949705796,No,SUSPECTED MINOR INJURY,N/A,NOT DISTRACTED,MD,335416EF-C7D9-421E-A647-04344DA15195,DESTROYED,TWELVE OCLOCK,(SPORT) UTILITY VEHICLE,MOVING CONSTANT SPEED,West,30,2009,NISS
MCP30630028,200002186,Montgomery County Police,Property Damage Crash,1/13/2020 18:13,SINGLE VEHICLE,BE198B79-7FDD-4075-A261-D98A41B337A9,Yes,NO APPARENT INJURY,N/A,LOOKED BUT DID NOT SEE,MD,F81428AA-4ADA-4C45-AB74-F2F688668DEA,SUPERFICIAL,SIX OCLOCK,POLICE VEHICLE/NON EMERGENCY,BACKING,Unknown,0,2014,DODGE
MCP32250042,230049435,Montgomery County Police,Property Damage Crash,8/14/2023 16:45,SAME DIR REAR END,A7890C2A-04C1-41AC-A229-B2FF1EE30E67,Yes,NO APPARENT INJURY,N/A,UNKNOWN,,31446CFB-2F4E-4803-9A5D-FA12E798E59E,UNKNOWN,TWELVE OCLOCK,PASSENGER CAR,UNKNOWN,East,35,2004,TOYOTA
MCP289200F3,230050599,Montgomery County Police,Property Damage Crash,8/21/2023 19:24,OTHER,2BEE2E3C-B8A6-4370-8943-634B3296D505,Yes,NO APPARENT INJURY,N/A,UNKNOWN,,288F6C1B-4E98-430F-8EB5-20A62094E43E,UNKNOWN,SIX OCLOCK,PASSENGER CAR,BACKING,Unknown,5,2004,HONDA
MCP2237000G,16051988,Montgomery County Police,Injury Crash,10/8/2016 20:00,SAME DIR REAR END,D8FE68FE-C0D4-4C65-8A69-C662B98B7094,No,NO APPARENT INJURY,N/A,NOT DISTRACTED,MD,F0EA43CC-D54F-4BA0-9D5A-4BC887A8D9C2,SUPERFICIAL,SIX OCLOCK,PASSENGER CAR,STOPPED IN TRAFFIC LANE,North,40,2011,TOYOTA
MCP2608005G,230071933,Montgomery County Police,Property Damage Crash,12/15/2023 16:18,SAME DIRECTION SIDESWIPE,6FDA5762-5223-4709-9969-9D61527BE3E1,Yes,NO APPARENT INJURY,N/A,NOT DISTRACTED,MD,DF8EBDCE-4DDA-4D33-B23B-63355D5925EC,FUNCTIONAL,TWO OCLOCK,PASSENGER CAR,CHANGING LANES,North,25,2012,TOYOTA
MCP2231007N,230072706,Montgomery County Police,Property Damage Crash,12/20/2023 8:51,STRAIGHT MOVEMENT ANGLE,2019372C-5996-4732-88D2-9852A6C67C34,Yes,NO APPARENT INJURY,N/A,LOOKED BUT DID NOT SEE,MD,083E1AD2-C57D-40F4-8A37-148C760DCAF6,DISABLING,TEN OCLOCK,PASSENGER CAR,MAKING LEFT TURN,East,40,2017,TOYOTA
MCP291700CW,230071030,Montgomery County Police,Property Damage Crash,12/11/2023 8:50,SAME DIR REAR END,00F7E0F0-5670-4B03-99EB-CEA4B4FA9716,Yes,NO APPARENT INJURY,"RAIN, SNOW, WET",LOOKED BUT DID NOT SEE,MD,3F1F8C15-A85B-4301-8A68-1D5A2ABAD21C,DISABLING,TWELVE OCLOCK,PICKUP TRUCK,MOVING CONSTANT SPEED,North,40,2022,CHEV
DD56310057,230053000,Rockville Police Departme,Injury Crash,9/3/2023 19:06,SINGLE VEHICLE,F5594FE8-51FB-41A3-A99C-F3AABFD3D225,No,NO APPARENT INJURY,N/A,LOOKED BUT DID NOT SEE,MD,B05EE7DB-5D48-44BD-BBEE-8A397E642353,DISABLING,TWELVE OCLOCK,PASSENGER CAR,MOVING CONSTANT SPEED,East,35,2007,FORD
MCP3208001N,210016964,Montgomery County Police,Property Damage Crash,5/6/2021 1:30,OTHER,1253E549-9B3D-4DCE-956E-3B25F3DF2097,Unknown,NO APPARENT INJURY,N/A,UNKNOWN,,0BF38286-9CE7-47B7-B25B-D14B3A749FC2,UNKNOWN,SIX OCLOCK,"OTHER LIGHT TRUCKS (10,000LBS (4,536KG) OR LESS)",BACKING,North,10,2016,TOYOTA
DD5539001Q,170527432,Rockville Police Departme,Property Damage Crash,8/28/2017 20:13,OTHER,92757CEB-4081-4885-8DF3-593FC07ACE7A,Yes,NO APPARENT INJURY,N/A,UNKNOWN,,0D59B8B9-843F-4CFF-A762-F3FEA9130DB4,FUNCTIONAL,SEVEN OCLOCK,(SPORT) UTILITY VEHICLE,BACKING,West,15,2006,MERCURY
MCP2771002L,230053689,Montgomery County Police,Injury Crash,9/7/2023 17:46,SAME DIR REAR END,F1546566-13C8-482E-9E85-F9DAF8960952,Yes,NO APPARENT INJURY,"DEBRIS OR OBSTRUCTION, RAIN, SNOW, SLEET, HAIL, FREEZ. RAIN, VISION OBSTRUCTION (INCL. BLINDED BY SUN), WET",NOT DISTRACTED,MD,30DBC8C5-283B-4F1F-A943-1ADFCB32F117,SUPERFICIAL,TWELVE OCLOCK,PASSENGER CAR,MOVING CONSTANT SPEED,East,40,2018,FORD
MCP31430056,230062472,Montgomery County Police,Property Damage Crash,10/25/2023 9:51,SAME DIRECTION SIDESWIPE,9173F1A6-DB94-4E5A-95C6-CF5AFC788FE4,Yes,NO APPARENT INJURY,N/A,OTHER CELLULAR PHONE RELATED,MD,F28CBC79-31B0-4C0A-A1C5-EEB7AA798FCA,DISABLING,ONE OCLOCK,PASSENGER CAR,MOVING CONSTANT SPEED,North,25,2021,TOYOTA
MCP3374001B,230051058,Montgomery County Police,Property Damage Crash,8/24/2023 11:46,SAME DIR REAR END,F92500EB-E9F7-4F93-BB44-392B3D665A88,No,NO APPARENT INJURY,N/A,NOT DISTRACTED,MD,5C264BB2-F347-4833-8D5F-4549B74C80BF,SUPERFICIAL,TWO OCLOCK,PASSENGER CAR,MOVING CONSTANT SPEED,West,20,2005,CHEV
MCP3245004D,230052874,Montgomery County Police,Property Damage Crash,9/3/2023 2:05,OTHER,FFE6AFC3-8EDE-4850-B872-A3736BE7B41D,Yes,NO APPARENT INJURY,N/A,LOOKED BUT DID NOT SEE,MD,E638911C-4915-4BDF-9678-E5319A2BC0F4,SUPERFICIAL,SIX OCLOCK,PASSENGER CAR,STARTING FROM PARKED,North,15,2021,CADILLAC
MCP3240002N,210051263,Montgomery County Police,Property Damage Crash,12/16/2021 20:02,SAME DIRECTION RIGHT TURN,A3566120-F340-4D1D-8B75-0D3846D18449,Yes,NO APPARENT INJURY,N/A,NOT DISTRACTED,MD,F0BBCE29-C787-4A32-AF55-F5F92FB6E2CF,FUNCTIONAL,ELEVEN OCLOCK,PASSENGER CAR,MOVING CONSTANT SPEED,South,25,2016,HONDA
DD559500F7,230064841,Rockville Police Departme,Injury Crash,11/7/2023 8:50,SAME DIR REAR END,E4B53B94-D190-456B-AD80-524F6E8D34BD,No,SUSPECTED MINOR INJURY,N/A,NOT DISTRACTED,MD,A7895C0B-C36A-47F9-983B-2738C4658D1A,SUPERFICIAL,SIX OCLOCK,PASSENGER CAR,STOPPED IN TRAFFIC LANE,West,40,2023,TOYOTA
MCP33290027,230071363,Montgomery County Police,Injury Crash,12/12/2023 18:59,HEAD ON LEFT TURN,C358A26B-4C1E-4F9E-A6AB-5750E88D6310,Unknown,POSSIBLE INJURY,N/A,UNKNOWN,MD,0B9BCBF9-82B1-4ED4-BCA5-937A9BB025BD,DISABLING,TWELVE OCLOCK,PASSENGER CAR,MAKING LEFT TURN,North,40,2016,TOYOTA
MCP25280005,230052676,Montgomery County Police,Injury Crash,9/1/2023 15:35,HEAD ON LEFT TURN,2E79DFDE-2048-4E4D-BF46-5F6EA24B6E8A,No,NO APPARENT INJURY,N/A,NOT DISTRACTED,MD,891874E4-6702-4841-8EA4-DB23E3CFA799,FUNCTIONAL,TWELVE OCLOCK,PASSENGER CAR,MOVING CONSTANT SPEED,North,35,2017,KIA
MCP2840000Y,17001859,Montgomery County Police,Injury Crash,1/11/2017 17:00,SAME DIR REAR END,8A62245E-5ACB-4B20-B13E-76A68B7D5848,No,NO APPARENT INJURY,"RAIN, SNOW, WET",NOT DISTRACTED,MD,6F4C489A-C013-42A1-A55D-1227ACCEFB22,SUPERFICIAL,SIX OCLOCK,STATION WAGON,MOVING CONSTANT SPEED,West,30,2012,CHEV
MCP2946005S,230048860,Montgomery County Police,Property Damage Crash,8/11/2023 7:55,SAME DIRECTION SIDESWIPE,E1A81A72-6081-404B-93A0-7C2D4CE1D989,No,NO APPARENT INJURY,N/A,NOT DISTRACTED,FL,855A5B4C-0E0C-43FA-A73C-9276FA7954DB,SUPERFICIAL,ONE OCLOCK,POLICE VEHICLE/NON EMERGENCY,SLOWING OR STOPPING,East,0,2019,DODGE
MCP31680063,230069182,Montgomery County Police,Injury Crash,11/30/2023 18:13,SAME DIRECTION SIDESWIPE,C876A283-6F57-4A09-963B-5D957A027461,Yes,NO APPARENT INJURY,N/A,LOOKED BUT DID NOT SEE,MD,0B72270F-9CA4-4ED0-916B-55EC5EA9865A,DISABLING,TEN OCLOCK,PASSENGER CAR,MOVING CONSTANT SPEED,East,35,2008,VOLK
EJ7894003J,230057875,Gaithersburg Police Depar,Property Damage Crash,10/1/2023 14:52,SAME DIR REAR END,28EDAE84-A947-4A14-9F02-946D7B688193,Yes,NO APPARENT INJURY,N/A,LOOKED BUT DID NOT SEE,VA,47B6083C-4FAC-440E-B11A-E528BBD222B5,DISABLING,TWELVE OCLOCK,PASSENGER CAR,SLOWING OR STOPPING,East,35,2001,TOYOTA
MCP3328002Z,230069325,Montgomery County Police,Property Damage Crash,12/1/2023 14:34,SAME DIR REAR END,1D23734F-5483-4494-BA9D-0080E730869C,Yes,NO APPARENT INJURY,"RAIN, SNOW, WET",UNKNOWN,MD,FA98ACFC-05E1-408B-9351-A221ECFBD2AE,SUPERFICIAL,TWELVE OCLOCK,PASSENGER CAR,SLOWING OR STOPPING,South,30,2017,HONDA
MCP30210072,230068909,Montgomery County Police,Property Damage Crash,11/29/2023 12:35,SAME DIR REAR END,5CE2E2C8-5D80-4F52-80E6-7642C3107F12,No,NO APPARENT INJURY,N/A,NOT DISTRACTED,MD,9D846F24-1013-4DE0-AD99-C21E51BE15CC,DISABLING,SIX OCLOCK,PASSENGER CAR,SLOWING OR STOPPING,East,35,2017,SUBA
MCP3052003H,230053893,Montgomery County Police,Property Damage Crash,9/8/2023 23:42,SAME DIRECTION SIDESWIPE,FBA1CF32-27B7-4DCC-9784-AA6BA2BA6593,No,NO APPARENT INJURY,N/A,NOT DISTRACTED,MD,70A17542-1ED7-464E-9C3A-C540A3A2964B,SUPERFICIAL,EIGHT OCLOCK,PASSENGER CAR,MOVING CONSTANT SPEED,North,55,2020,TOYOTA
MCP2348006H,230023986,Montgomery County Police,Injury Crash,5/19/2023 7:38,STRAIGHT MOVEMENT ANGLE,FDA16385-63E6-4758-9EAA-619D1E40F0A3,Yes,SUSPECTED SERIOUS INJURY,N/A,UNKNOWN,MD,B9A56233-6839-4664-8AF6-943B1E4A0009,DESTROYED,TWELVE OCLOCK,PASSENGER CAR,MOVING CONSTANT SPEED,West,30,2008,BMW
DD5664000X,230053746,Rockville Police Departme,Injury Crash,9/8/2023 7:06,OTHER,1B240A27-4A4D-46DD-8269-CD21881759A4,No,POSSIBLE INJURY,N/A,NOT DISTRACTED,MD,15F9CDFA-B34B-46D2-8799-B00DB4D5539A,DISABLING,TEN OCLOCK,PASSENGER CAR,STOPPED IN TRAFFIC LANE,South,25,2015,TOYT
MCP1021000X,230069027,Montgomery County Police,Property Damage Crash,11/30/2023 3:16,SINGLE VEHICLE,7A7E445A-0EDE-4442-8576-11140516A1ED,Yes,NO APPARENT INJURY,N/A,NO DRIVER PRESENT,,BF49CE7E-26FA-4B52-A899-407888CF792F,DISABLING,ONE OCLOCK,PASSENGER CAR,MOVING CONSTANT SPEED,North,45,2019,JEEP
MCP27520060,230070664,Montgomery County Police,Property Damage Crash,12/8/2023 16:40,STRAIGHT MOVEMENT ANGLE,96FD3011-370B-4918-9377-F5B0F4872BFF,Yes,NO APPARENT INJURY,N/A,BY OTHER OCCUPANTS,MD,2A5A9B47-2D97-4FBB-95FE-6B74532C2C05,SUPERFICIAL,EIGHT OCLOCK,SCHOOL BUS,MAKING LEFT TURN,South,25,2016,THOMAS
MCP285900FM,230071650,Montgomery County Police,Injury Crash,12/14/2023 9:30,HEAD ON LEFT TURN,5600CF9F-B2FC-4EBE-B270-BD8DFA64891B,Yes,NO APPARENT INJURY,N/A,OTHER DISTRACTION,MD,3415CC45-6340-429A-BA0A-9B43D2E2DD38,FUNCTIONAL,TWELVE OCLOCK,PASSENGER CAR,MAKING LEFT TURN,North,30,2011,JEEP
MCP30890043,230059864,Montgomery County Police,Property Damage Crash,10/11/2023 13:25,SAME DIR BOTH LEFT TURN,F1B33194-2259-48F4-9EDD-AA12EE70FEB4,Unknown,NO APPARENT INJURY,N/A,LOOKED BUT DID NOT SEE,MD,447EBBD0-5AAB-4ECF-876B-2B23FC7CAF81,FUNCTIONAL,EIGHT OCLOCK,TRANSIT BUS,ACCELERATING,North,10,2016,GILL
EJ7891001H,230067540,Gaithersburg Police Depar,Property Damage Crash,11/21/2023 6:01,HEAD ON LEFT TURN,26E5A008-62D6-4777-A5FC-6DA774006E87,No,NO APPARENT INJURY,N/A,NOT DISTRACTED,MD,3745DBA8-31BA-4EDB-9009-EA28FBB8A885,DISABLING,TWELVE OCLOCK,PASSENGER CAR,MOVING CONSTANT SPEED,East,35,2017,FORD
MCP2064000V,230057858,Montgomery County Police,Injury Crash,10/1/2023 13:44,SINGLE VEHICLE,B9961598-06ED-4A97-9B52-175633DF5454,Yes,SUSPECTED MINOR INJURY,N/A,UNKNOWN,VA,99B2D788-6CCE-454A-B9BA-A5D1E4B91E7A,DISABLING,ONE OCLOCK,PASSENGER CAR,MOVING CONSTANT SPEED,East,40,2023,TOYOTA
MCP32260048,230049975,Montgomery County Police,Property Damage Crash,8/17/2023 18:20,SAME DIR REAR END,216CC32F-242F-4AFC-8D7A-333FC1104FF0,No,NO APPARENT INJURY,N/A,NOT DISTRACTED,MD,180B599E-A093-495A-B06C-2D52956EDEBE,FUNCTIONAL,SIX OCLOCK,(SPORT) UTILITY VEHICLE,SLOWING OR STOPPING,West,40,2017,MINI
MCP3148005C,230057532,Montgomery County Police,Property Damage Crash,9/29/2023 16:05,OTHER,1CC74A56-94EF-457C-BE0C-0561F1C14F00,Yes,NO APPARENT INJURY,N/A,UNKNOWN,MD,ECDBA9D3-53D2-4BAD-ABC8-F83456DAE363,SUPERFICIAL,TWO OCLOCK,PASSENGER CAR,MAKING LEFT TURN,South,15,2007,FORD
MCP3197003M,230060960,Montgomery County Police,Property Damage Crash,10/16/2023 19:53,SAME DIR REAR END,907308DC-3F52-478C-B3BF-3E3FE4516C66,No,NO APPARENT INJURY,N/A,NOT DISTRACTED,MD,ECBA3742-6DCC-409F-BCA8-62E2776B7BE7,DISABLING,SIX OCLOCK,PASSENGER CAR,STOPPED IN TRAFFIC LANE,North,0,2004,FORD
MCP2564003Q,230059020,Montgomery County Police,Injury Crash,10/6/2023 20:40,SAME DIR REAR END,DAF9E585-730B-4063-B19C-64ADAB95F5AD,No,SUSPECTED MINOR INJURY,N/A,NOT DISTRACTED,MD,DC48F4CD-35A8-412D-B051-C96CCABDA07B,SUPERFICIAL,SIX OCLOCK,PICKUP TRUCK,STOPPED IN TRAFFIC LANE,North,40,2003,FORD
MCP21020048,230052137,Montgomery County Police,Property Damage Crash,8/30/2023 7:12,SAME DIRECTION SIDESWIPE,AC3C8A16-B18A-400C-9E7B-EC9AE0906069,Yes,NO APPARENT INJURY,N/A,NOT DISTRACTED,MD,E43AD416-9971-41A2-AA73-35AFFB4849E2,SUPERFICIAL,TWO OCLOCK,PASSENGER CAR,PASSING,North,50,2009,HONDA
MCP1550004Y,230071023,Montgomery County Police,Property Damage Crash,12/11/2023 7:19,STRAIGHT MOVEMENT ANGLE,938118E5-CFF7-404A-A279-8A6AC715A9E0,Yes,NO APPARENT INJURY,N/A,NOT DISTRACTED,TX,8AB9E067-2212-46D5-8512-AD3287FB9BBC,DISABLING,TWELVE OCLOCK,(SPORT) UTILITY VEHICLE,MAKING LEFT TURN,North,25,2017,JEEP
DM83740025,180055693,Takoma Park Police Depart,Property Damage Crash,11/6/2018 15:35,OTHER,506FC809-9024-42B9-9EA2-9AFC56265FB0,Yes,NO APPARENT INJURY,N/A,UNKNOWN,,2CF192DF-E9B9-409F-8BED-CC754F16CC06,UNKNOWN,UNKNOWN,PASSENGER CAR,BACKING,Unknown,5,2008,CHEVY