Report Number,Local Case Number,Agency Name,ACRS Report Type,Crash Date/Time,Collision Type,Person ID,Driver At Fault,Injury Severity,Circumstance,Driver Distracted By,Drivers License State,Vehicle ID,Vehicle Damage Extent,Vehicle First Impact Location,Vehicle Body Type,Vehicle Movement,Vehicle Going Dir,Speed Limit,Vehicle Year,Vehicle Make
MCP2016007D,230063989,Montgomery County Police,Property Damage Crash,11/2/2023 14:24,STRAIGHT MOVEMENT ANGLE,1DEE77E7-3387-4D3E-AAD8-7633B84100E9,No,NO APPARENT INJURY,N/A,NOT DISTRACTED,MD,923CCAF6-CABF-400F-A62E-7324DCC8F1C4,DISABLING,TWELVE OCLOCK,PASSENGER CAR,MOVING CONSTANT SPEED,North,40,2023,MAZD
MCP1378011V,220036270,Montgomery County Police,Property Damage Crash,8/22/2022 16:33,STRAIGHT MOVEMENT ANGLE,D296EA3B-AB54-47D0-B5B4-3667DB9F896A,No,NO APPARENT INJURY,N/A,NOT DISTRACTED,MD,4834971E-D882-4BD3-A55C-DD7BE7C17772,FUNCTIONAL,TWELVE OCLOCK,(SPORT) UTILITY VEHICLE,SLOWING OR STOPPING,North,35,2010,HONDA
MCP3168000B,190014416,Montgomery County Police,Injury Crash,3/28/2019 16:58,STRAIGHT MOVEMENT ANGLE,313092D8-5CA2-4981-88EE-FF37F94ED3C6,No,NO APPARENT INJURY,N/A,NOT DISTRACTED,MD,BFE6CCF6-3E4F-47D6-8937-8E843B36F97A,DISABLING,TWELVE OCLOCK,(SPORT) UTILITY VEHICLE,MOVING CONSTANT SPEED,East,30,2015,LAND ROVER
MCP913000H8,230067340,Montgomery County Police,Property Damage Crash,11/20/2023 7:48,STRAIGHT MOVEMENT ANGLE,60B61B77-B3B9-4DA0-8BA1-9B0A60DD9F7A,Yes,NO APPARENT INJURY,N/A,LOOKED BUT DID NOT SEE,MD,364EFC85-F44E-421E-BEBB-A10C377A5353,DISABLING,ELEVEN OCLOCK,(SPORT) UTILITY VEHICLE,MAKING LEFT TURN,East,35,2021,HONDA
MCP3113005L,230066707,Montgomery County Police,Property Damage Crash,11/16/2023 14:00,SAME DIR REAR END,9AC8595C-7B42-4521-858B-C2E3FCA83B15,Yes,NO APPARENT INJURY,"N/A, VISION OBSTRUCTION (INCL. BLINDED BY SUN)",OTHER DISTRACTION,MD,D21C94FC-207B-46B4-AC1B-DD3C5D15ECA3,FUNCTIONAL,TWELVE OCLOCK,VAN,MOVING CONSTANT SPEED,South,40,2020,TOYOTA
MCP3377000M,230055326,Montgomery County Police,Property Damage Crash,9/17/2023 1:33,HEAD ON LEFT TURN,22C7D349-960D-4CEB-AB01-54EF4BDF17EE,No,NO APPARENT INJURY,N/A,NOT DISTRACTED,MD,3BDFC79D-E0B1-4F04-B62D-CBD36FB02D01,DISABLING,TWELVE OCLOCK,PASSENGER CAR,MOVING CONSTANT SPEED,North,35,2017,VOLK
MCP3289002L,230057108,Montgomery County Police,Property Damage Crash,9/27/2023 10:47,SAME DIRECTION LEFT TURN,878ACDB7-CDA1-4846-82BE-6F8B63650E10,Yes,NO APPARENT INJURY,N/A,NOT DISTRACTED,MD,4828A269-5EB5-4B10-B483-E00F527D8A41,SUPERFICIAL,TEN OCLOCK,PASSENGER CAR,CHANGING LANES,South,35,2004,HOND
MCP32010053,230068458,Montgomery County Police,Property Damage Crash,11/27/2023 7:50,SAME DIR REAR END,EEEB79BB-E052-4412-9A23-85682E1B9756,Yes,NO APPARENT INJURY,"VISION OBSTRUCTION (INCL. BLINDED BY SUN), WET",DISTRACTED BY OUTSIDE PERSON OBJECT OR EVENT,MD,239B40A6-8A68-4F18-B980-EACF4B5E0FAD,DISABLING,TWELVE OCLOCK,PASSENGER CAR,MOVING CONSTANT SPEED,East,25,2018,NISS
MCP3223001X,230023949,Montgomery County Police,Property Damage Crash,5/18/2023 21:58,SAME DIRECTION SIDESWIPE,F8AD403F-87D6-4141-98B9-8EAC4F9CA1E5,Yes,NO APPARENT INJURY,N/A,UNKNOWN,,285C2BC6-F20B-4076-A562-4C3AA270B3BE,SUPERFICIAL,TEN OCLOCK,PASSENGER CAR,MOVING CONSTANT SPEED,North,35,2014,DODGE
MCP9419004J,230046182,Montgomery County Police,Property Damage Crash,7/26/2023 11:33,HEAD ON LEFT TURN,35D9E889-880E-4DE2-A777-7D8C1776BA80,No,NO APPARENT INJURY,N/A,NOT DISTRACTED,MD,7E6DBB66-1D97-426F-9B1E-82017615D862,DISABLING,TWELVE OCLOCK,(SPORT) UTILITY VEHICLE,MOVING CONSTANT SPEED,West,40,2006,TOYT
DD56360011,190055772,Rockville Police Departme,Property Damage Crash,11/19/2019 7:55,OTHER,87751984-95FC-4ACE-993B-20DA59B77126,No,NO APPARENT INJURY,N/A,NOT DISTRACTED,MD,F7B90061-0AAE-4045-A42C-49A6651C36F8,SUPERFICIAL,TWO OCLOCK,VAN,PARKED,,0,2009,FORD
MCP2974004T,230052781,Montgomery County Police,Injury Crash,9/2/2023 11:40,SAME DIR REAR END,1F6C5BDB-C05B-46EA-9CB4-B08308A1A119,No,POSSIBLE INJURY,N/A,NOT DISTRACTED,MD,E9B2D8BD-3A07-4C72-ABC0-D47B431CB7B5,DISABLING,SIX OCLOCK,PASSENGER CAR,STOPPED IN TRAFFIC LANE,North,55,2020,HYUNDAI
MCP31070027,230070709,Montgomery County Police,Property Damage Crash,12/8/2023 23:17,SINGLE VEHICLE,8EDF49B1-E491-4128-A98A-87E0CD892B7A,Yes,NO APPARENT INJURY,N/A,NOT DISTRACTED,MD,CC92CCD2-9DA2-4655-99B8-68C4850F1E56,DESTROYED,TWELVE OCLOCK,PASSENGER CAR,MOVING CONSTANT SPEED,East,25,2015,BMW
DM8494003P,230074062,Takoma Park Police Depart,Property Damage Crash,12/28/2023 19:40,STRAIGHT MOVEMENT ANGLE,92E3684C-961A-4E38-BBAD-BEEB3CE446C9,No,NO APPARENT INJURY,N/A,NOT DISTRACTED,MD,3123292E-A04E-4540-9910-6E019AFA5A87,DISABLING,TWELVE OCLOCK,PASSENGER CAR,MOVING CONSTANT SPEED,West,25,2018,HOND
MCP32310012,230059060,Montgomery County Police,Property Damage Crash,10/6/2023 22:30,SAME DIR REAR END,01254BE6-6BD3-49B0-ABB1-BED66533DD16,Yes,NO APPARENT INJURY,N/A,UNKNOWN,,31285772-9699-4433-BB7F-60F47C289F85,SUPERFICIAL,TWELVE OCLOCK,PASSENGER CAR,ACCELERATING,East,35,2012,HONDA
MCP2667008Q,230057226,Montgomery County Police,Property Damage Crash,9/28/2023 7:30,SAME DIRECTION SIDESWIPE,9D268EA9-7A56-40AD-8F25-52533BD28A37,Yes,NO APPARENT INJURY,N/A,LOOKED BUT DID NOT SEE,MD,762DE0D9-18F9-49A9-A8B0-BB3D0EB4509E,FUNCTIONAL,EIGHT OCLOCK,SCHOOL BUS,CHANGING LANES,North,35,2018,FRHT
MCP30140045,230060396,Montgomery County Police,Property Damage Crash,10/13/2023 21:17,SAME DIRECTION SIDESWIPE,623FAE35-5EDD-4003-902E-FF9025E304A5,Yes,NO APPARENT INJURY,N/A,NOT DISTRACTED,MD,8620D97A-F4B7-44C9-854F-4410C846776F,DISABLING,ELEVEN OCLOCK,PASSENGER CAR,MOVING CONSTANT SPEED,South,35,2023,HONDA
MCP2667008N,230056233,Montgomery County Police,Property Damage Crash,9/22/2023 7:45,HEAD ON LEFT TURN,02325F63-CA61-48B6-8046-8E8BC1CDC441,Yes,NO APPARENT INJURY,N/A,UNKNOWN,MD,291206C4-B39B-4188-BF1C-2A025D4D6C31,DISABLING,ONE OCLOCK,PASSENGER CAR,MAKING LEFT TURN,South,35,2013,TOYT
MCP28750080,230071973,Montgomery County Police,Injury Crash,12/15/2023 18:50,STRAIGHT MOVEMENT ANGLE,F5F2E3AB-9D60-4342-B925-DB02F07FA0B6,Yes,NO APPARENT INJURY,N/A,UNKNOWN,,E37950EE-BD11-4661-8BF6-0B31D4DD7FE8,DISABLING,TWO OCLOCK,PICKUP TRUCK,ACCELERATING,South,35,2015,TOYOTA
MCP25970034,230062041,Montgomery County Police,Injury Crash,10/23/2023 6:55,STRAIGHT MOVEMENT ANGLE,C457D4CC-79DD-47B0-9017-08BEBBED9FE8,No,NO APPARENT INJURY,N/A,NOT DISTRACTED,MD,941D87EC-2B14-414A-A2BB-C8BEA7398B0B,DISABLING,TWELVE OCLOCK,PASSENGER CAR,MOVING CONSTANT SPEED,South,40,2019,CHEVROLET
DD5502007S,230053574,Rockville Police Departme,Property Damage Crash,9/7/2023 8:13,SAME DIRECTION SIDESWIPE,74EC608E-25E6-4225-BA11-DC87CA1CF554,Yes,NO APPARENT INJURY,N/A,NOT DISTRACTED,MD,1CE5D0E8-0CB6-4A2F-B372-333619D1AD89,FUNCTIONAL,ELEVEN OCLOCK,(SPORT) UTILITY VEHICLE,CHANGING LANES,West,40,2008,HOND
MCP2330004K,230060777,Montgomery County Police,Property Damage Crash,10/16/2023 2:16,SAME DIRECTION SIDESWIPE,D1146DFD-41D1-4E6E-98A7-2CE0B2DCFD7A,Yes,NO APPARENT INJURY,N/A,UNKNOWN,MD,AEB25FA0-A806-4AB7-B2D7-F7DC254A8CD0,DISABLING,ONE OCLOCK,PASSENGER CAR,MOVING CONSTANT SPEED,North,25,2011,CADILLAC
MCP3360000N,230050260,Montgomery County Police,Injury Crash,8/19/2023 14:19,SAME DIR REAR END,6D6368C3-994B-4CAD-A480-53237334A812,No,NO APPARENT INJURY,N/A,UNKNOWN,MD,E94702AF-DE0E-4D02-835E-B6D894E73CE0,SUPERFICIAL,SIX OCLOCK,PASSENGER CAR,STOPPED IN TRAFFIC LANE,West,35,2017,FORD
MCP2039009K,230067579,Montgomery County Police,Property Damage Crash,11/21/2023 10:04,SAME DIR REAR END,7A8E670E-79B6-4A1C-BF7B-9636019A5624,Yes,NO APPARENT INJURY,"RAIN, SNOW, WET",NOT DISTRACTED,MD,48324156-1A18-46F8-A9BE-3C11E96AA5CE,DISABLING,TWELVE OCLOCK,PASSENGER CAR,SLOWING OR STOPPING,West,35,2003,MAZDA
MCP32090047,230046919,Montgomery County Police,Property Damage Crash,7/30/2023 5:28,SAME DIR REAR END,FC070C72-CFFE-4213-9AA4-7A04B38126CB,No,NO APPARENT INJURY,N/A,NOT DISTRACTED,MD,440B10F9-CC7D-43D1-99A7-FC1211FB09A2,DISABLING,SIX OCLOCK,PASSENGER CAR,MOVING CONSTANT SPEED,South,45,2023,KIA
MCP003600H6,230053434,Montgomery County Police,Injury Crash,9/6/2023 13:14,SAME DIR REAR END,C7314F7E-8427-4F28-9F6D-1D2A66D104BE,No,SUSPECTED MINOR INJURY,N/A,NOT DISTRACTED,MD,C4D4FDD5-6209-430F-8429-E2684A7456CF,DISABLING,SIX OCLOCK,POLICE VEHICLE/EMERGENCY,STOPPED IN TRAFFIC LANE,North,40,2010,HONDA
MCP12330058,230052501,Montgomery County Police,Property Damage Crash,8/31/2023 21:03,HEAD ON LEFT TURN,66FDE556-234B-4F01-B6C6-60A6843FF861,Yes,NO APPARENT INJURY,N/A,NOT DISTRACTED,CA,E6D4745B-C35E-44AB-89DB-5E6D37309548,DISABLING,ONE OCLOCK,(SPORT) UTILITY VEHICLE,MOVING CONSTANT SPEED,West,35,2023,JEEP
MCP3008003W,230055324,Montgomery County Police,Injury Crash,9/17/2023 1:00,STRAIGHT MOVEMENT ANGLE,E8126862-DFA9-485F-AC17-4DF09BFEB296,Unknown,NO APPARENT INJURY,N/A,LOOKED BUT DID NOT SEE,MD,AC5BA0E7-CF60-415C-84E0-AFE67E847485,DISABLING,TWELVE OCLOCK,(SPORT) UTILITY VEHICLE,MOVING CONSTANT SPEED,East,25,2005,TOYOTA
MCP2930003S,230061665,Montgomery County Police,Property Damage Crash,10/20/2023 16:15,SAME DIR REAR END,B79363AE-1C9E-4C3E-9BEC-3B14DC3AA917,No,NO APPARENT INJURY,"N/A, WET",NOT DISTRACTED,MD,4537ECDB-A8CF-40E7-8ABF-B9E297F4422C,NO DAMAGE,SIX OCLOCK,PASSENGER CAR,SLOWING OR STOPPING,East,35,2016,TOYT
MCP93180039,230063634,Montgomery County Police,Injury Crash,10/31/2023 17:00,STRAIGHT MOVEMENT ANGLE,70E21898-8ECC-4EC4-8F1F-EDED3678F54D,Yes,NO APPARENT INJURY,N/A,UNKNOWN,MD,5D093A1E-5AA6-4452-8753-FD87F89639F8,FUNCTIONAL,TWELVE OCLOCK,PASSENGER CAR,STARTING FROM LANE,West,40,2016,JEEP
MCP3192004G,230073000,Montgomery County Police,Property Damage Crash,12/21/2023 17:31,OTHER,56979A56-FBD4-4A62-A6D6-FDFFD2665DC6,Yes,NO APPARENT INJURY,N/A,OTHER DISTRACTION,XX,68DE76E4-F9C8-4DC3-B397-EC9E25E37D43,FUNCTIONAL,TWELVE OCLOCK,PASSENGER CAR,MOVING CONSTANT SPEED,East,15,2011,TOYOTA
MCP26870042,230051814,Montgomery County Police,Property Damage Crash,8/28/2023 12:19,SAME DIRECTION SIDESWIPE,C425EE13-CEF6-40D0-8419-3E446A39BD49,No,NO APPARENT INJURY,N/A,NOT DISTRACTED,DC,5BF42728-3948-41BD-901E-E5C3496C7BFF,SUPERFICIAL,THREE OCLOCK,PASSENGER CAR,MOVING CONSTANT SPEED,East,25,2021,TESLA
MCP2635008L,230063652,Montgomery County Police,Injury Crash,10/31/2023 17:49,OTHER,33C57D29-08C3-4ABD-8A64-682AFAA2EE1B,Yes,NO APPARENT INJURY,"N/A, VISION OBSTRUCTION (INCL. BLINDED BY SUN)",LOOKED BUT DID NOT SEE,MD,E056FF4A-9AC9-4BC8-B8DD-039378F67DEF,SUPERFICIAL,TWELVE OCLOCK,VAN,MAKING LEFT TURN,South,30,2021,CHEVROLET
MCP263900G3,230055104,Montgomery County Police,Property Damage Crash,9/15/2023 16:28,OTHER,517297DA-645B-40E8-9EAB-DBC2CC592E1A,No,NO APPARENT INJURY,N/A,NOT DISTRACTED,MD,B0FE6CFA-D0F6-4D75-9BBB-66586B714462,FUNCTIONAL,THREE OCLOCK,TRANSIT BUS,MOVING CONSTANT SPEED,West,15,2014,GILLY
MCP2722000W,15006032,Montgomery County Police,Injury Crash,2/6/2015 10:39,SINGLE VEHICLE,957577AC-ECC9-4458-AB09-9F2413BD8E0D,Yes,SUSPECTED MINOR INJURY,N/A,NOT DISTRACTED,MD,C084807B-B834-42B0-B01D-BF6E8EB94BF2,DISABLING,TWELVE OCLOCK,PASSENGER CAR,ACCELERATING,Unknown,15,2010,TOYOTA
MCP3148005M,230066163,Montgomery County Police,Property Damage Crash,11/13/2023 20:36,SAME DIRECTION RIGHT TURN,289D8414-3DF3-405A-AF8A-59B47A383FC1,Yes,NO APPARENT INJURY,N/A,UNKNOWN,,3211E786-2E98-4FF4-9D37-5024EE15F2E4,SUPERFICIAL,TWELVE OCLOCK,PICKUP TRUCK,MAKING RIGHT TURN,North,30,2023,TOYOTA
MCP295200DW,230051782,Montgomery County Police,Injury Crash,8/28/2023 9:54,SAME DIR REAR END,1478E7AE-B127-40D0-BF3D-F897D6EBA977,No,NO APPARENT INJURY,N/A,NOT DISTRACTED,MD,C2427160-8053-4F7B-9CD9-BF75EB122DF5,FUNCTIONAL,SIX OCLOCK,(SPORT) UTILITY VEHICLE,STOPPED IN TRAFFIC LANE,North,35,2020,LINCOLN
MCP285900F9,230067955,Montgomery County Police,Injury Crash,11/23/2023 12:40,HEAD ON LEFT TURN,9D335ACC-72BB-4CC0-9580-10D795AFBCC5,Yes,POSSIBLE INJURY,N/A,NOT DISTRACTED,MD,BCDD22FB-5535-4BCC-B973-D788DFB695E4,DESTROYED,TWELVE OCLOCK,PASSENGER CAR,MAKING LEFT TURN,South,30,2016,HOND
MCP3113005G,230061360,Montgomery County Police,Property Damage Crash,10/19/2023 7:00,HEAD ON LEFT TURN,173DDFB8-D188-4694-9B75-C7D9E42BFFC5,No,NO APPARENT INJURY,N/A,NOT DISTRACTED,MD,839259AB-DB9C-4886-9A08-A1932B59F64F,FUNCTIONAL,TEN OCLOCK,PASSENGER CAR,MOVING CONSTANT SPEED,East,30,2014,SUBARU
MCP289200F5,230051919,Montgomery County Police,Property Damage Crash,8/28/2023 17:31,SAME DIR REAR END,2A3FFC01-9455-473D-B242-C11241C971EC,No,NO APPARENT INJURY,N/A,NOT DISTRACTED,MD,F96D6082-FB58-4C32-9885-6EE711797F80,SUPERFICIAL,SIX OCLOCK,PASSENGER CAR,STOPPED IN TRAFFIC LANE,North,35,2021,SUBA
MCP3290002C,230047961,Montgomery County Police,Property Damage Crash,8/6/2023 13:49,SAME DIR REAR END,79CB481A-13A0-47B4-B1F6-47BD390E0C75,Yes,NO APPARENT INJURY,N/A,UNKNOWN,,7741B55D-8E8F-4180-9054-025E4425C30A,FUNCTIONAL,TWO OCLOCK,PASSENGER CAR,CHANGING LANES,North,35,2007,INFINITI
MCP3060004D,230051452,Montgomery County Police,Property Damage Crash,8/26/2023 10:41,OPPOSITE DIRECTION SIDESWIPE,A80DDA3E-CFA7-44BA-B8F5-C286BACEDBF9,Yes,NO APPARENT INJURY,N/A,LOOKED BUT DID NOT SEE,MD,21DE2C45-D77D-43C5-80DC-B3DFC1874661,SUPERFICIAL,ONE OCLOCK,PASSENGER CAR,MOVING CONSTANT SPEED,North,5,2017,HONDA
MCP136600CF,230058047,Montgomery County Police,Property Damage Crash,10/2/2023 12:04,SAME DIR REAR END,6008145E-D998-45A6-BDCA-BF97DD6DA3D2,No,NO APPARENT INJURY,N/A,NOT DISTRACTED,FL,818D34B3-F063-4775-9D2F-F33E2B07A251,FUNCTIONAL,SIX OCLOCK,PASSENGER CAR,SLOWING OR STOPPING,South,30,2024,LEXUS
MCP913000H6,230066856,Montgomery County Police,Property Damage Crash,11/17/2023 9:06,SAME DIR REAR END,7183FF22-8DF5-4CC8-B26B-43A616E2B1F7,Yes,NO APPARENT INJURY,N/A,UNKNOWN,MD,B09E6873-6801-4CDF-8AA5-7DD1348F4567,DISABLING,TWELVE OCLOCK,PASSENGER CAR,MOVING CONSTANT SPEED,South,30,2006,HONDA
MCP2674004C,230060382,Montgomery County Police,Injury Crash,10/13/2023 19:49,STRAIGHT MOVEMENT ANGLE,5D984F3E-B21D-4BE0-A0DC-263AA6B6884A,No,POSSIBLE INJURY,N/A,NOT DISTRACTED,MD,5237D312-4C64-409B-91CB-3EBB8E104BFC,DISABLING,TWELVE OCLOCK,PASSENGER CAR,MOVING CONSTANT SPEED,North,40,2010,FORD
MCP3335002C,230064193,Montgomery County Police,Property Damage Crash,11/3/2023 13:20,SINGLE VEHICLE,39C54581-EE9B-4BF2-BCF2-697C989C0F40,No,NO APPARENT INJURY,N/A,NOT DISTRACTED,MD,A4969B5F-40EC-44DA-B484-9690C7D0AE0C,SUPERFICIAL,TEN OCLOCK,POLICE VEHICLE/NON EMERGENCY,MOVING CONSTANT SPEED,South,35,2018,DODGE
MCP2726007T,230052227,Montgomery County Police,Property Damage Crash,8/30/2023 14:15,OTHER,4C8F2135-7BCD-4908-AD4A-0F91EE8FDB7D,No,NO APPARENT INJURY,N/A,NOT DISTRACTED,MD,4D4EF89E-D82F-4300-A7AE-77831917D75D,SUPERFICIAL,ELEVEN OCLOCK,TRANSIT BUS,MOVING CONSTANT SPEED,South,40,2016,THOMAS
MCP3353001F,230047468,Montgomery County Police,Property Damage Crash,8/2/2023 14:00,STRAIGHT MOVEMENT ANGLE,18AEE408-888D-4F03-8B9E-A569F14A2B40,No,NO APPARENT INJURY,N/A,NOT DISTRACTED,MD,B12AAB44-F55F-4D39-B1A5-F2F211CD8472,DISABLING,FOUR OCLOCK,PASSENGER CAR,MOVING CONSTANT SPEED,East,30,2011,TOYT
MCP2674004M,230070972,Montgomery County Police,Property Damage Crash,12/10/2023 18:05,HEAD ON,8320CC9E-F9D3-449E-B9FF-1E4645396A8C,No,NO APPARENT INJURY,"RAIN, SNOW, WET",NOT DISTRACTED,MD,C92C2D01-3258-40F4-AAE0-D4C7EE982044,FUNCTIONAL,ELEVEN OCLOCK,PASSENGER CAR,STOPPED IN TRAFFIC LANE,North,40,2016,JEEP
MCP33200023,230052031,Montgomery County Police,Property Damage Crash,8/29/2023 16:00,SAME DIR REND RIGHT TURN,94A5E158-95ED-4C81-87B3-D4340DE7EDD1,No,NO APPARENT INJURY,N/A,UNKNOWN,,D0CF748D-69A7-4D83-81A4-964003F058EA,SUPERFICIAL,SIX OCLOCK,UNKNOWN,MAKING RIGHT TURN,South,35,0,UNKNOWN
MCP28810061,230069436,Montgomery County Police,Injury Crash,12/2/2023 8:45,HEAD ON LEFT TURN,9E79D94D-4EC4-4942-9DA5-BF4F7788F916,No,NO APPARENT INJURY,N/A,NOT DISTRACTED,MD,76D56200-2ED3-43F2-BD9B-B5B0F23BD74C,DISABLING,TWELVE OCLOCK,(SPORT) UTILITY VEHICLE,MOVING CONSTANT SPEED,North,40,2019,LEXS
MCP2948006N,230072450,Montgomery County Police,Property Damage Crash,12/18/2023 19:30,SAME DIR REAR END,ABEFEBF8-E648-4BC0-BB5C-9769B2154189,No,NO APPARENT INJURY,N/A,NOT DISTRACTED,MD,91A52E3F-8CAF-4043-A740-8515BC3B7DC6,FUNCTIONAL,SIX OCLOCK,PASSENGER CAR,MAKING LEFT TURN,West,35,2014,NISSAN
MCP25130036,230056430,Montgomery County Police,Property Damage Crash,9/23/2023 3:14,SAME DIR REAR END,9F30753F-E620-4071-8380-AD08519C4EE7,No,NO APPARENT INJURY,N/A,NOT DISTRACTED,MD,D60A9B26-4516-4B06-B739-7FB2171125E3,FUNCTIONAL,SIX OCLOCK,PASSENGER CAR,OTHER,North,10,2022,HYUN
MCP2844006Q,230049935,Montgomery County Police,Property Damage Crash,8/17/2023 14:00,OTHER,9F1BAD29-78C9-4C97-AC94-91E9EA2E0BA4,Yes,NO APPARENT INJURY,N/A,UNKNOWN,MD,3A9E47DF-4975-45CB-94E2-7DB32DF2A4DA,FUNCTIONAL,TWELVE OCLOCK,PASSENGER CAR,ACCELERATING,Unknown,35,2017,MERCEDES
MCP3095004K,230051902,Montgomery County Police,Property Damage Crash,8/28/2023 19:30,SAME DIR REAR END,52DA97E0-DEB1-4C8D-B05D-EDB3CAC0708C,No,NO APPARENT INJURY,N/A,NOT DISTRACTED,MD,24D0CF99-1433-4369-A557-739AAF6E82D0,FUNCTIONAL,SIX OCLOCK,(SPORT) UTILITY VEHICLE,MOVING CONSTANT SPEED,North,40,2012,SUBARU
MCP3026000G,17011980,Montgomery County Police,Property Damage Crash,2/24/2017 9:00,SAME DIR REAR END,6DC843D9-B91D-46AD-BA71-8E87D74F29BF,Yes,NO APPARENT INJURY,N/A,UNKNOWN,,8054E18F-FBC6-4D25-8149-DFE30439DABF,UNKNOWN,UNKNOWN,,UNKNOWN,West,25,0,UNKNOWN
EJ78370075,230060791,Gaithersburg Police Depar,Injury Crash,10/16/2023 8:30,HEAD ON LEFT TURN,297F0859-153B-446E-9248-764E9C78344B,No,SUSPECTED MINOR INJURY,N/A,NOT DISTRACTED,MD,52A569C3-0BCE-4B86-99AC-889743215021,FUNCTIONAL,TWELVE OCLOCK,PASSENGER CAR,MOVING CONSTANT SPEED,South,30,2015,NISSAN
MCP29680050,230047571,Montgomery County Police,Injury Crash,8/3/2023 7:43,HEAD ON,880A6353-3A2E-4879-830B-8BD1CF7F1EF4,No,POSSIBLE INJURY,N/A,NOT DISTRACTED,MD,FB34EC3D-5D3D-4B24-A99A-40592641F695,DISABLING,TWELVE OCLOCK,PASSENGER CAR,MOVING CONSTANT SPEED,East,35,2023,GENS
MCP2770003J,230054174,Montgomery County Police,Property Damage Crash,9/11/2023 7:10,SAME DIR REAR END,3512FAEE-2D30-469E-84ED-9A6565DC0C7C,No,NO APPARENT INJURY,"RAIN, SNOW, WET",NOT DISTRACTED,MD,6D7FA949-3F5E-42DC-8FB8-D63C49958890,SUPERFICIAL,SIX OCLOCK,POLICE VEHICLE/EMERGENCY,STOPPED IN TRAFFIC LANE,North,30,2020,FORD
MCP93990020,230071589,Montgomery County Police,Property Damage Crash,12/13/2023 21:30,STRAIGHT MOVEMENT ANGLE,D3E4AA19-C53F-4744-9979-3C1D1B374FA9,Unknown,NO APPARENT INJURY,N/A,NOT DISTRACTED,MD,C2CBCE01-F832-4F05-9AC1-ED2C2D86B988,DISABLING,ONE OCLOCK,PASSENGER CAR,STARTING FROM LANE,East,30,2008,SUBA
DD5665001G,230059911,Rockville Police Departme,Property Damage Crash,10/11/2023 14:20,SINGLE VEHICLE,B0A54C41-21D4-416A-B0D0-C879E4A3130E,Yes,NO APPARENT INJURY,N/A,LOOKED BUT DID NOT SEE,MD,7DCE4E5C-BE4D-4FA4-927B-8D611FB9B9F3,FUNCTIONAL,FIVE OCLOCK,SCHOOL BUS,BACKING,South,25,2016,THOM
MCP2291006M,230008729,Montgomery County Police,Injury Crash,2/21/2023 14:36,SAME DIRECTION SIDESWIPE,96AC473E-A7D4-43D6-B3B3-3F4D04EB5D53,No,POSSIBLE INJURY,N/A,NOT DISTRACTED,MD,CFE5B2E6-74BB-4F16-B7BB-258DB7A3BDDC,FUNCTIONAL,TWELVE OCLOCK,PASSENGER CAR,MOVING CONSTANT SPEED,North,35,2013,HONDA
MCP21020049,230053627,Montgomery County Police,Injury Crash,9/7/2023 12:14,HEAD ON LEFT TURN,46E207C9-AD4F-48E1-8605-17BD96FB7498,No,SUSPECTED MINOR INJURY,N/A,NOT DISTRACTED,MD,DD4B5462-EAD5-4BB4-8A61-55973F863639,DISABLING,ELEVEN OCLOCK,PASSENGER CAR,MOVING CONSTANT SPEED,North,40,2017,TOYOTA
MCP2930003W,230068795,Montgomery County Police,Injury Crash,11/28/2023 18:45,SAME DIR REAR END,D4D249AE-3408-46CF-8B22-FDE80996887A,No,POSSIBLE INJURY,N/A,NOT DISTRACTED,MD,2A638A53-AEC2-4E20-9E72-771FE8CD847C,FUNCTIONAL,SIX OCLOCK,PASSENGER CAR,SLOWING OR STOPPING,West,45,2014,FORD
EJ7893002T,230046273,Gaithersburg Police Depar,Property Damage Crash,7/25/2023 7:20,SINGLE VEHICLE,797833EC-A69F-44D3-8CF1-043E0BECE3DD,Yes,NO APPARENT INJURY,N/A,BY MOVING OBJECT IN VEHICLE,MD,C6E0A3E9-3B0E-4AFF-A5B6-75E7EE290B40,SUPERFICIAL,TWELVE OCLOCK,PASSENGER CAR,STOPPED IN TRAFFIC LANE,North,0,2005,HONDA
EJ7871006N,230058825,Gaithersburg Police Depar,Property Damage Crash,10/5/2023 20:26,SAME DIRECTION LEFT TURN,AD4819AD-7433-49EB-8273-023B87568298,No,NO APPARENT INJURY,N/A,NOT DISTRACTED,MD,CB2FA4E4-E3DF-4F2E-BB58-C7F3A055C2BC,SUPERFICIAL,ELEVEN OCLOCK,PASSENGER CAR,STOPPED IN TRAFFIC LANE,North,30,2010,TOYOTA