Report Number,Local Case Number,Agency Name,ACRS Report Type,Crash Date/Time,Collision Type,Person ID,Driver At Fault,Injury Severity,Circumstance,Driver Distracted By,Drivers License State,Vehicle ID,Vehicle Damage Extent,Vehicle First Impact Location,Vehicle Body Type,Vehicle Movement,Vehicle Going Dir,Speed Limit,Vehicle Year,Vehicle Make
MCP2965007G,230051474,Montgomery County Police,Injury Crash,8/26/2023 13:15,SAME DIR REAR END,9972DD90-54AD-43F5-9274-A4FD2045D79D,No,POSSIBLE INJURY,N/A,NOT DISTRACTED,MD,A804E162-FCE4-4C62-AD44-832DC63824E6,FUNCTIONAL,SIX OCLOCK,PICKUP TRUCK,STOPPED IN TRAFFIC LANE,North,40,2016,RAM
MCP2952006P,180033509,Montgomery County Police,Property Damage Crash,7/7/2018 8:52,OTHER,E9C641D8-F0E1-46F7-9D21-3C8064E0DABD,Yes,NO APPARENT INJURY,N/A,UNKNOWN,,FD7D8367-6851-470E-B9AE-6312637BCB46,UNKNOWN,SIX OCLOCK,(SPORT) UTILITY VEHICLE,BACKING,Unknown,15,2016,SUBARU
MCP1564007S,230072320,Montgomery County Police,Property Damage Crash,12/18/2023 8:45,HEAD ON LEFT TURN,F2A523F7-CC2B-4742-B20E-45D25032120F,Yes,NO APPARENT INJURY,N/A,LOOKED BUT DID NOT SEE,MD,3953EC58-892E-48E8-A766-32A849DD5ABE,DISABLING,TWO OCLOCK,PASSENGER CAR,ACCELERATING,West,30,2015,BUICK
MCP3289002Q,230061818,Montgomery County Police,Property Damage Crash,10/21/2023 13:45,SAME DIRECTION RIGHT TURN,772D4E47-59DE-40FB-BAF4-298DD7DE7CB6,Yes,NO APPARENT INJURY,N/A,UNKNOWN,MD,0C5E36CA-6540-4334-A7D4-657C8B206444,SUPERFICIAL,ONE OCLOCK,PASSENGER CAR,SLOWING OR STOPPING,Unknown,25,2006,MERCEDES
MCP3328002N,230060609,Montgomery County Police,Injury Crash,10/15/2023 2:14,SAME DIR REAR END,5DBCCE84-5E8C-42D8-81E4-C9B1E47BB928,No,POSSIBLE INJURY,N/A,NOT DISTRACTED,MD,14D03225-0BF1-4ABD-99FC-43B4EC68F73F,DISABLING,SIX OCLOCK,PASSENGER CAR,MOVING CONSTANT SPEED,North,35,2009,TOYOTA
MCP2724002J,190034272,Montgomery County Police,Injury Crash,7/19/2019 9:09,SAME DIRECTION LEFT TURN,BC82337F-75D8-439C-A575-5A8FACBE161A,Yes,NO APPARENT INJURY,N/A,LOOKED BUT DID NOT SEE,MD,7745C276-CE9C-4C02-B004-EC83045927CD,FUNCTIONAL,ELEVEN OCLOCK,PASSENGER CAR,MOVING CONSTANT SPEED,North,40,2009,NISSAN
MCP3350001G,230060454,Montgomery County Police,Property Damage Crash,10/14/2023 9:39,SAME DIR REAR END,2D0CE2C9-9361-4166-B888-7457C8DC1CC6,Yes,NO APPARENT INJURY,"N/A, RAIN, SNOW",UNKNOWN,,5AF59DD4-55AE-4466-98AC-893A408EA026,FUNCTIONAL,TWELVE OCLOCK,UNKNOWN,STARTING FROM LANE,East,40,0,UNKNOWN
MCP33120049,230061570,Montgomery County Police,Property Damage Crash,10/20/2023 8:51,SAME DIRECTION LEFT TURN,80172E01-AD0F-4086-A29C-709FA9905587,No,NO APPARENT INJURY,N/A,NOT DISTRACTED,MD,0BD63C6B-8AA4-439A-8DC7-F217D375117C,FUNCTIONAL,FOUR OCLOCK,POLICE VEHICLE/EMERGENCY,MOVING CONSTANT SPEED,North,40,2014,DODGE
MCP3362001F,230046506,Montgomery County Police,Property Damage Crash,7/25/2023 9:40,SAME DIR REAR END,FC83AD93-43B7-4CEB-8D9F-0D1886C56C48,No,NO APPARENT INJURY,"BACKUP DUE TO REGULAR CONGESTION, N/A",NOT DISTRACTED,MD,B7537862-FC42-4262-B566-073CDA2C9231,SUPERFICIAL,SIX OCLOCK,PASSENGER CAR,STOPPED IN TRAFFIC LANE,West,55,2019,TOYOTA
MCP33110024,230061984,Montgomery County Police,Property Damage Crash,10/22/2023 14:54,OTHER,3DC85B6A-E134-469D-AB2C-E1AC7159C31D,Yes,NO APPARENT INJURY,N/A,UNKNOWN,MD,9033E0FF-DCFA-4156-A7A1-A4AB7F2B3B12,FUNCTIONAL,FIVE OCLOCK,PASSENGER CAR,BACKING,West,25,2022,KIA
MCP3197003N,230063450,Montgomery County Police,Property Damage Crash,10/30/2023 17:13,STRAIGHT MOVEMENT ANGLE,96D5F8F3-5817-4632-946E-CDB164823BAB,Yes,NO APPARENT INJURY,"RAIN, SNOW, WET",NOT DISTRACTED,MD,D72EF0A1-811E-4EF5-BA86-B576BBF4290D,DISABLING,TWELVE OCLOCK,PASSENGER CAR,MAKING LEFT TURN,East,35,2018,TOYOTA
DM8494003N,230070712,Takoma Park Police Depart,Property Damage Crash,12/8/2023 23:58,SAME DIR REAR END,6BFBB3AF-0D71-4D32-8BDA-6FD266A65E64,No,NO APPARENT INJURY,N/A,NOT DISTRACTED,MD,9D564944-EA9E-4876-AB2B-3601473EC437,SUPERFICIAL,SIX OCLOCK,PASSENGER CAR,STOPPED IN TRAFFIC LANE,North,25,2023,TOYT
MCP28570043,230064470,Montgomery County Police,Injury Crash,11/5/2023 0:58,SAME DIRECTION SIDESWIPE,F5485B4A-6342-48CF-A560-347DE9B457E3,Yes,NO APPARENT INJURY,N/A,UNKNOWN,MD,A23ADB3E-A65B-44C5-83E5-3356340F4029,DISABLING,FIVE OCLOCK,PASSENGER CAR,SLOWING OR STOPPING,South,50,2003,HYUNDAI
MCP28750081,230072263,Montgomery County Police,Property Damage Crash,12/17/2023 20:52,SINGLE VEHICLE,B4DDA33C-441C-44E6-9763-BC863FCFDB8C,Yes,NO APPARENT INJURY,"SLEET, HAIL, FREEZ. RAIN, WET",NOT DISTRACTED,MD,1951A193-BC97-4583-9041-550DF24FB7C4,DISABLING,ELEVEN OCLOCK,PASSENGER CAR,NEGOTIATING A CURVE,North,55,2022,SUBARU
MCP3038006L,230061804,Montgomery County Police,Injury Crash,10/21/2023 12:33,SAME DIR REAR END,1425015C-A6DE-448D-B756-2D8965D9423C,No,POSSIBLE INJURY,N/A,NOT DISTRACTED,MD,D568EC2C-CFCF-4E65-B75D-AC1622E78E08,SUPERFICIAL,SIX OCLOCK,PASSENGER CAR,STOPPED IN TRAFFIC LANE,West,30,2021,CHEVY
MCP12100063,230049991,Montgomery County Police,Property Damage Crash,8/17/2023 14:22,SAME DIRECTION SIDESWIPE,975266E3-276F-4AD2-91C8-66BB4D064285,No,NO APPARENT INJURY,N/A,UNKNOWN,MD,28251370-C90C-43A6-97CC-F410DF762DFC,SUPERFICIAL,ONE OCLOCK,PASSENGER CAR,MOVING CONSTANT SPEED,North,55,2022,MAZDA
MCP2927004G,230032852,Montgomery County Police,Property Damage Crash,7/10/2023 15:26,SAME DIR REAR END,37773553-B249-4792-A415-D1A4763F44C2,No,NO APPARENT INJURY,N/A,NOT DISTRACTED,MD,1008FC17-CABD-4BA6-8E8C-DB8EB364563C,SUPERFICIAL,SIX OCLOCK,OTHER BUS,SLOWING OR STOPPING,West,25,2013,FORD
MCP2347004L,230072022,Montgomery County Police,Injury Crash,12/16/2023 7:02,HEAD ON LEFT TURN,9A364B1B-2A09-4F10-81CE-6A20639B4227,Yes,SUSPECTED MINOR INJURY,N/A,NOT DISTRACTED,MD,CBA59122-D20C-4237-AD72-62088CCCF848,DISABLING,TWELVE OCLOCK,PASSENGER CAR,MAKING LEFT TURN,South,55,2007,TOYOTA
MCP291700CN,230065162,Montgomery County Police,Injury Crash,11/8/2023 14:19,HEAD ON,DD1220D0-A220-4E26-975B-A043F0DD7490,Yes,POSSIBLE INJURY,N/A,NOT DISTRACTED,MD,3DC62D93-80D2-4965-AE5B-945F7FF9F670,DISABLING,TWELVE OCLOCK,PASSENGER CAR,ACCELERATING,East,35,2018,SUBARU
MCP2212004P,230068297,Montgomery County Police,Property Damage Crash,11/26/2023 1:27,OTHER,040DBC98-C55E-4B0C-BA9A-E1275FEBFE02,Yes,NO APPARENT INJURY,N/A,UNKNOWN,,8D88D571-3FA5-4C64-999A-507AD0D173B0,UNKNOWN,TWELVE OCLOCK,PASSENGER CAR,UNKNOWN,North,10,2012,HYUNDAI
MCP3162004X,230051015,Montgomery County Police,Injury Crash,8/24/2023 8:35,SINGLE VEHICLE,7E2548FB-E8B9-45FC-8CDE-3C3788DF17E7,Yes,SUSPECTED MINOR INJURY,"N/A, WET",NOT DISTRACTED,MD,3F564564-FA1D-443F-B4E2-D67C9403DEE3,SUPERFICIAL,EIGHT OCLOCK,MOPED,CHANGING LANES,North,30,2021,ZHEJIANG RIYA MOTORC
MCP2356003F,230066777,Montgomery County Police,Property Damage Crash,11/16/2023 18:19,HEAD ON,EFB55BE2-2A40-423B-A6AE-C5D3C81AE079,Unknown,NO APPARENT INJURY,N/A,UNKNOWN,MD,CF4487FB-CECA-44BC-868A-5FE7CA2832CF,DISABLING,ELEVEN OCLOCK,PASSENGER CAR,MOVING CONSTANT SPEED,North,30,2009,NISSAN
MCP31480059,230053710,Montgomery County Police,Property Damage Crash,9/7/2023 16:20,SAME DIR REAR END,44A286FA-D3CE-49AE-9973-74C622B42F54,Yes,NO APPARENT INJURY,N/A,UNKNOWN,MD,B96893BE-8A63-4E86-BAB0-76CE04C018BA,SUPERFICIAL,TWELVE OCLOCK,PASSENGER CAR,STARTING FROM LANE,North,35,2021,TOYOTA
MCP33220027,230068618,Montgomery County Police,Property Damage Crash,11/27/2023 21:35,HEAD ON LEFT TURN,1E69BDA1-E983-44DA-9E24-7EE5774559BA,Yes,NO APPARENT INJURY,N/A,INATTENTIVE OR LOST IN THOUGHT,NY,80C9D6D3-5628-4FDB-A77C-FBBEA1763292,DISABLING,ELEVEN OCLOCK,PASSENGER CAR,MOVING CONSTANT SPEED,North,25,2008,HOND
MCP209400B4,180012959,Montgomery County Police,Property Damage Crash,3/15/2018 8:20,SINGLE VEHICLE,9D289471-CEDB-4598-B81F-3C8E1E3B4927,No,NO APPARENT INJURY,N/A,NOT DISTRACTED,MD,FB167838-CCE5-4E63-81C3-D1BCF512847D,FUNCTIONAL,ELEVEN OCLOCK,POLICE VEHICLE/EMERGENCY,MOVING CONSTANT SPEED,West,30,2010,FORD
MCP3075003L,220032522,Montgomery County Police,Property Damage Crash,7/28/2022 21:10,OTHER,CDBF819A-7C84-4829-8B3E-CE9FB58F5520,Yes,NO APPARENT INJURY,N/A,UNKNOWN,,5EF7AE63-0915-4F47-B7AF-782FFA9C2815,UNKNOWN,UNKNOWN,,STARTING FROM PARKED,Unknown,5,0,UNKNOWN
MCP2718002B,16060102,Montgomery County Police,Property Damage Crash,11/22/2016 15:52,OTHER,429C8978-70D5-4A8A-9D90-BC788EA10021,Yes,NO APPARENT INJURY,N/A,UNKNOWN,MD,F8ECEDFE-5B23-4CCB-9EF9-FD47477962EF,FUNCTIONAL,TWO OCLOCK,CROSS COUNTRY BUS,CHANGING LANES,East,35,2008,NEW FLYER
MCP3200009F,230056611,Montgomery County Police,Injury Crash,9/24/2023 11:44,SINGLE VEHICLE,0C3BE24F-057D-456F-9FE8-BFFC4EC084E9,Yes,SUSPECTED MINOR INJURY,"RAIN, SNOW, WET",UNKNOWN,VA,F0139D5C-7DE9-4154-9155-4C1D4641C50F,DISABLING,TWELVE OCLOCK,PASSENGER CAR,MAKING LEFT TURN,North,30,2011,TOYOTA
MCP3010008S,230056919,Montgomery County Police,Property Damage Crash,9/26/2023 9:31,SAME DIR REAR END,5F69E356-9D14-4567-B0C4-BA55E1EEF286,Yes,NO APPARENT INJURY,"N/A, WET",NOT DISTRACTED,MD,4A1C4F41-8E90-4267-BC95-BF53BE0560E0,SUPERFICIAL,TWELVE OCLOCK,OTHER,MAKING RIGHT TURN,South,25,2023,CAT
MCP22030073,230034143,Montgomery County Police,Property Damage Crash,7/18/2023 8:45,ANGLE MEETS LEFT HEAD ON,1A9CDB9B-0DD9-4B32-A7A9-7FCAB3D5A76D,Yes,NO APPARENT INJURY,N/A,UNKNOWN,,5313B100-EED5-48F7-911A-585EA9462E61,UNKNOWN,SIX OCLOCK,(SPORT) UTILITY VEHICLE,BACKING,East,15,2010,VOLKSWAGON
MCP2973005M,210025716,Montgomery County Police,Property Damage Crash,7/5/2021 2:00,OTHER,A944548D-F4A0-403B-8284-D596036365E3,Yes,NO APPARENT INJURY,N/A,UNKNOWN,,57ABB29F-E26C-451B-B669-F6D2E4696B51,FUNCTIONAL,FIVE OCLOCK,PASSENGER CAR,PARKING,North,5,2012,BMW
MCP3251001B,230067894,Montgomery County Police,Property Damage Crash,11/22/2023 22:37,SINGLE VEHICLE,F778A552-4398-40D2-B5AD-931652369589,Yes,NO APPARENT INJURY,N/A,NOT DISTRACTED,MD,5307642B-E94F-4168-A327-E5402AE2FBE2,DISABLING,TWELVE OCLOCK,PASSENGER CAR,MOVING CONSTANT SPEED,North,45,2016,CHEVY
MCP291400F0,230048673,Montgomery County Police,Property Damage Crash,8/9/2023 22:00,SAME DIRECTION LEFT TURN,7A28EFD9-C91A-44E1-9563-45D02D46DB63,No,NO APPARENT INJURY,N/A,NOT DISTRACTED,MD,281A725C-1D1D-4B03-8C4F-7881B1A14E91,FUNCTIONAL,ONE OCLOCK,PASSENGER CAR,MOVING CONSTANT SPEED,North,50,2014,JEEP
MCP33600016,230061091,Montgomery County Police,Injury Crash,10/17/2023 15:03,SAME DIRECTION SIDESWIPE,0CBC21DA-C224-49C3-84D9-FFE7455DB6B1,No,SUSPECTED MINOR INJURY,N/A,NOT DISTRACTED,MD,B7490D43-1FD2-4587-8526-85D97734193C,FUNCTIONAL,TWO OCLOCK,PASSENGER CAR,MOVING CONSTANT SPEED,East,40,2015,TOYT
DD5657001F,230066723,Rockville Police Departme,Property Damage Crash,11/16/2023 15:00,SAME DIRECTION RIGHT TURN,DDDA5F2B-D2B1-4D8D-A332-12253BCCA5F9,No,NO APPARENT INJURY,N/A,NOT DISTRACTED,MD,1A1C62EA-EEEA-473D-A8ED-9CF9E400E4DB,FUNCTIONAL,FOUR OCLOCK,TRANSIT BUS,MOVING CONSTANT SPEED,East,30,2013,GILL
MCP29660071,230071958,Montgomery County Police,Property Damage Crash,12/15/2023 17:40,SAME DIR REAR END,8266E1BA-9345-4EE7-83C6-1F47AA6DB26D,No,NO APPARENT INJURY,N/A,NOT DISTRACTED,MD,1D2339C9-1385-4412-A054-2FADB9EE6215,FUNCTIONAL,SIX OCLOCK,PASSENGER CAR,SLOWING OR STOPPING,West,45,2000,TOYTA
EJ7871006H,230047877,Gaithersburg Police Depar,Injury Crash,8/4/2023 22:46,HEAD ON LEFT TURN,EEA933CD-91CD-49FB-A07D-1648651633CA,No,POSSIBLE INJURY,N/A,NOT DISTRACTED,MD,1E404D29-3C88-43C8-9188-698700A1F2B3,DISABLING,TWELVE OCLOCK,PASSENGER CAR,MAKING LEFT TURN,East,25,2019,TOYOTA
EJ78730080,230052469,Gaithersburg Police Depar,Property Damage Crash,8/31/2023 16:03,OTHER,006CC7B0-4980-4093-9C0F-7B090F60258B,Yes,NO APPARENT INJURY,N/A,UNKNOWN,,505EA8BB-F43B-4E0F-B7AB-01528A598B75,SUPERFICIAL,SIX OCLOCK,(SPORT) UTILITY VEHICLE,STARTING FROM PARKED,East,0,2014,HYUNDAI
MCP2686006M,230047369,Montgomery County Police,Property Damage Crash,8/1/2023 19:18,SINGLE VEHICLE,C41BB28F-6850-437C-9D55-E96AC21521FB,Yes,NO APPARENT INJURY,N/A,NOT DISTRACTED,MD,C7A7D08C-AA20-40AE-99C2-BFF06AF29A13,DESTROYED,TEN OCLOCK,PASSENGER CAR,MOVING CONSTANT SPEED,East,40,2015,FORD
MCP3170003F,230055113,Montgomery County Police,Property Damage Crash,9/15/2023 13:09,SAME DIRECTION SIDESWIPE,7C424C4D-86CB-4120-AB9E-01C0524EE36F,No,NO APPARENT INJURY,N/A,NOT DISTRACTED,MD,B92CFA64-4A46-48FF-A74F-61913C5A15AD,SUPERFICIAL,ELEVEN OCLOCK,PASSENGER CAR,MOVING CONSTANT SPEED,West,40,2022,CHEV
MCP30890042,230058893,Montgomery County Police,Property Damage Crash,10/6/2023 10:08,SAME DIRECTION RIGHT TURN,C9A8655F-7C6F-47EC-A03C-95601B9BBBE3,No,NO APPARENT INJURY,N/A,NOT DISTRACTED,MD,A3C0E14B-3FFD-4B64-A9BF-BC75B213CDFB,FUNCTIONAL,TWELVE OCLOCK,PASSENGER CAR,PARKED,,0,2008,HOND
MCP2844006Q,230049935,Montgomery County Police,Property Damage Crash,8/17/2023 14:00,OTHER,734BC07F-0F60-40BA-9279-1B2310655519,No,NO APPARENT INJURY,N/A,NOT DISTRACTED,MD,7FDE1DBE-3329-41E7-BC97-8C7C39C5562F,FUNCTIONAL,EIGHT OCLOCK,PASSENGER CAR,SLOWING OR STOPPING,Unknown,35,2014,NISSAN
DM8494001M,210050653,Takoma Park Police Depart,Property Damage Crash,12/13/2021 14:35,SAME DIRECTION RIGHT TURN,2E9D5E73-AF38-4833-94D4-6E163B92B2DD,Yes,NO APPARENT INJURY,N/A,UNKNOWN,MA,ADDB7D65-D34E-40A6-AAFB-8622566D0768,SUPERFICIAL,SIX OCLOCK,PASSENGER CAR,MOVING CONSTANT SPEED,South,35,2016,HYUNDAI
DD56530031,230070516,Rockville Police Departme,Injury Crash,12/7/2023 23:17,SINGLE VEHICLE,EDF09407-B07F-4B18-8048-C7D487758C65,Yes,NO APPARENT INJURY,N/A,UNKNOWN,,3B491094-8E55-4B2E-8732-4097B29ADDB6,UNKNOWN,TWELVE OCLOCK,UNKNOWN,MAKING U TURN,South,50,0,UNKNOWN
MCP2635008C,230056994,Montgomery County Police,Property Damage Crash,9/26/2023 15:26,STRAIGHT MOVEMENT ANGLE,06CDFC7B-E107-42C5-88FA-30DE7755AED3,Yes,NO APPARENT INJURY,"N/A, RAIN, SNOW",LOOKED BUT DID NOT SEE,MD,1DF99283-A665-4394-AB8A-012712588362,DISABLING,EIGHT OCLOCK,(SPORT) UTILITY VEHICLE,MAKING LEFT TURN,East,30,2008,HONDA
MCP3080003T,230057922,Montgomery County Police,Property Damage Crash,10/1/2023 19:12,STRAIGHT MOVEMENT ANGLE,FF3778EF-3614-4965-8859-607D6BAD23BE,No,NO APPARENT INJURY,N/A,NOT DISTRACTED,MD,CA583FDC-AB8C-45C2-8CD1-AD0F71349E5B,FUNCTIONAL,TWO OCLOCK,POLICE VEHICLE/NON EMERGENCY,MOVING CONSTANT SPEED,South,40,2014,DODGE
MCP26670088,220050819,Montgomery County Police,Injury Crash,11/17/2022 11:00,SAME DIR REAR END,BE4CA564-A23A-473A-9939-CDE0ADF5B630,No,NO APPARENT INJURY,N/A,NOT DISTRACTED,MD,6CC6528D-20FD-48DA-BF09-7BCD0DA7528C,FUNCTIONAL,SIX OCLOCK,PASSENGER CAR,STOPPED IN TRAFFIC LANE,West,35,2017,MERZ
MCP2832008X,230072393,Montgomery County Police,Property Damage Crash,12/18/2023 14:11,ANGLE MEETS LEFT TURN,3750F474-A337-4F91-9BA7-0869EDBDB610,Yes,NO APPARENT INJURY,N/A,LOOKED BUT DID NOT SEE,DC,871B9F02-DC4C-4639-9A2A-0303B41BC145,DISABLING,TWO OCLOCK,PASSENGER CAR,MAKING LEFT TURN,North,30,2019,VOLKS
MCP24750010,16027858,Montgomery County Police,Property Damage Crash,6/3/2016 19:28,OTHER,2444FB4B-8F25-4839-9CAF-2213ACCFBF1D,Yes,NO APPARENT INJURY,"N/A, WET",UNKNOWN,,BFAEA037-29E6-434D-9D2A-9D88860F8DD2,UNKNOWN,TWELVE OCLOCK,PASSENGER CAR,MAKING RIGHT TURN,East,30,0,UNKNOWN
EJ78880053,230059516,Gaithersburg Police Depar,Injury Crash,10/9/2023 17:45,SAME DIR REAR END,DF35800E-3E9D-4169-9750-9A5C53519669,Yes,NO APPARENT INJURY,"RAIN, SNOW, WET",LOOKED BUT DID NOT SEE,MD,EA841748-A493-4A33-B818-822C37F44A9C,DISABLING,TWELVE OCLOCK,VAN,SLOWING OR STOPPING,East,45,2011,TOYT
MCP2954002X,17006651,Montgomery County Police,Property Damage Crash,2/7/2017 12:54,STRAIGHT MOVEMENT ANGLE,175A4303-F10B-4FFF-B24F-A827C52E3575,Yes,NO APPARENT INJURY,N/A,UNKNOWN,MD,1F85E850-667F-4F1C-9E1D-5C2F9472229C,SUPERFICIAL,SIX OCLOCK,PASSENGER CAR,BACKING,South,5,2017,NISSAN
MCP3022005G,230065812,Montgomery County Police,Injury Crash,11/11/2023 15:59,STRAIGHT MOVEMENT ANGLE,1DB1C5F1-6A7B-4BB5-BFA3-B2EFF44FF3DB,No,SUSPECTED SERIOUS INJURY,N/A,UNKNOWN,MD,96F5231C-20D9-492D-B892-A85AF1C5C806,DESTROYED,TWELVE OCLOCK,MOTORCYCLE,UNKNOWN,South,50,2000,GATO
MCP3093002T,200014846,Montgomery County Police,Property Damage Crash,4/2/2020 21:07,OTHER,324A42F8-24F6-4354-82B0-1605E7166C01,Yes,NO APPARENT INJURY,N/A,OTHER DISTRACTION,MD,E532A210-7E23-4CC7-B3F3-22042AF03041,FUNCTIONAL,TWELVE OCLOCK,PICKUP TRUCK,MOVING CONSTANT SPEED,East,0,2006,TOYOTA
MCP3197003J,230052296,Montgomery County Police,Property Damage Crash,9/1/2023 18:42,SAME DIR REAR END,19EB5BBA-0522-45E8-9E79-1FA76F72B994,No,NO APPARENT INJURY,N/A,NOT DISTRACTED,MD,D785A87F-9FE3-4962-8C87-C2CC91FF9BEC,FUNCTIONAL,SIX OCLOCK,PASSENGER CAR,STOPPED IN TRAFFIC LANE,West,0,2015,MERCEDES
MCP2516004K,230067356,Montgomery County Police,Property Damage Crash,11/20/2023 8:40,SAME DIRECTION RIGHT TURN,0D980BE7-8472-4090-A141-C8FD1DE2FF54,No,NO APPARENT INJURY,N/A,NOT DISTRACTED,MD,A58C5F88-9408-4A2C-8E48-045119E2D1E7,SUPERFICIAL,EIGHT OCLOCK,PASSENGER CAR,MOVING CONSTANT SPEED,East,35,2016,TOYOTA
MCP3374001B,230051058,Montgomery County Police,Property Damage Crash,8/24/2023 11:46,SAME DIR REAR END,40AAA178-5E9E-4538-BBEF-63D998BBD960,Yes,NO APPARENT INJURY,N/A,INATTENTIVE OR LOST IN THOUGHT,MD,84A3B962-6C8F-43EC-A1CF-CCD81A81F481,NO DAMAGE,TEN OCLOCK,PASSENGER CAR,PARKED,,20,2020,FORD
MCP15500037,220018637,Montgomery County Police,Injury Crash,5/2/2022 14:09,SINGLE VEHICLE,485DE257-645C-4BE3-88C0-58A1AB1E2585,Yes,SUSPECTED MINOR INJURY,N/A,NOT DISTRACTED,MD,DDCD1101-61F2-4F9C-BBD3-2524BF59BC49,DISABLING,UNDERSIDE,PASSENGER CAR,MOVING CONSTANT SPEED,North,45,2020,KIA
MCP12130083,230052519,Montgomery County Police,Injury Crash,8/31/2023 21:44,STRAIGHT MOVEMENT ANGLE,EB0273A3-0219-4D09-BA2A-0EB3F5964999,No,NO APPARENT INJURY,N/A,NOT DISTRACTED,MD,FA38F1D2-2BE5-47B8-9F28-B72EA677CF0B,DISABLING,TWELVE OCLOCK,PASSENGER CAR,MOVING CONSTANT SPEED,West,40,2020,HOND
MCP2948006N,230072450,Montgomery County Police,Property Damage Crash,12/18/2023 19:30,SAME DIR REAR END,0FC4F5B4-9443-40E3-AE0C-9D1003B862E3,Yes,NO APPARENT INJURY,N/A,LOOKED BUT DID NOT SEE,MD,F78F66DA-88F5-480B-8F06-15C6640EFBCE,DISABLING,TWELVE OCLOCK,PASSENGER CAR,MOVING CONSTANT SPEED,West,35,2015,MERCEDES
EJ7833007W,230062693,Gaithersburg Police Depar,Property Damage Crash,10/11/2023 14:54,UNKNOWN,E6E08BB8-99EB-414A-8F7A-30F9B103305D,Yes,NO APPARENT INJURY,N/A,UNKNOWN,,A816ABB9-1754-423C-84B5-7FB59E00D92B,UNKNOWN,UNKNOWN,,BACKING,Unknown,0,0,UNKNOWN
MCP33340020,230069510,Montgomery County Police,Property Damage Crash,12/2/2023 17:23,STRAIGHT MOVEMENT ANGLE,73D9554E-82E3-4664-830C-8DA42C775E5B,Unknown,NO APPARENT INJURY,N/A,UNKNOWN,MD,30642C83-19CC-48B2-8A87-E93D90C6BF91,FUNCTIONAL,ONE OCLOCK,POLICE VEHICLE/NON EMERGENCY,STARTING FROM LANE,North,25,2023,FORD
MCP3295002Y,230046684,Montgomery County Police,Property Damage Crash,7/28/2023 8:39,SAME DIRECTION SIDESWIPE,49E33859-FE8B-4325-928C-B9087344349F,No,NO APPARENT INJURY,N/A,NOT DISTRACTED,TX,4C58E339-9400-4A96-8B9E-C51787B7FD44,SUPERFICIAL,ONE OCLOCK,PASSENGER CAR,MOVING CONSTANT SPEED,South,30,2018,FORD
DD5502007V,230064024,Rockville Police Departme,Injury Crash,11/2/2023 16:25,SAME DIRECTION SIDESWIPE,EF51A0B9-7614-4F3F-AB88-32DEAB930169,Yes,NO APPARENT INJURY,N/A,NOT DISTRACTED,MD,89A0D4A1-7A2A-421C-A95B-F2233EE21481,FUNCTIONAL,TWELVE OCLOCK,(SPORT) UTILITY VEHICLE,MAKING RIGHT TURN,South,15,2020,LEXS
MCP20470047,210044481,Montgomery County Police,Injury Crash,11/3/2021 11:50,HEAD ON LEFT TURN,FB6C2508-4044-4548-A24B-B2F92519FF07,Yes,NO APPARENT INJURY,N/A,LOOKED BUT DID NOT SEE,MD,3FDDA826-C106-49C0-BC5C-9E04114168E2,DISABLING,ONE OCLOCK,PASSENGER CAR,MAKING LEFT TURN,North,35,2018,TOYOTA
EJ7898000X,230051454,Gaithersburg Police Depar,Injury Crash,8/26/2023 11:27,STRAIGHT MOVEMENT ANGLE,66D6DD9E-C0C0-4978-9EBE-EA0DCD838105,Yes,NO APPARENT INJURY,N/A,LOOKED BUT DID NOT SEE,MD,81E69F00-46E7-4C72-B257-C681F1AEB997,SUPERFICIAL,SIX OCLOCK,OTHER,BACKING,South,15,2010,TOYT
MCP26740043,230031127,Montgomery County Police,Property Damage Crash,6/29/2023 17:47,OTHER,405B6B9A-9F97-41B1-A6C2-17D839E9DE1F,Yes,NO APPARENT INJURY,N/A,NOT DISTRACTED,MD,6333A0E5-4870-4C55-AA5C-F89BF4D3106A,DISABLING,TWELVE OCLOCK,VAN,MOVING CONSTANT SPEED,North,25,2019,FORD
MCP1378016N,230068046,Montgomery County Police,Injury Crash,11/24/2023 11:35,STRAIGHT MOVEMENT ANGLE,0E06FE2E-F520-4D2F-87D5-E22CE4D4C7F6,Yes,NO APPARENT INJURY,N/A,NOT DISTRACTED,MD,25D9B7CC-507B-429A-A68D-74DA972E96A1,DISABLING,TWELVE OCLOCK,PASSENGER CAR,MOVING CONSTANT SPEED,West,35,2019,CHEVROLET