Report Number,Local Case Number,Agency Name,ACRS Report Type,Crash Date/Time,Collision Type,Person ID,Driver At Fault,Injury Severity,Circumstance,Driver Distracted By,Drivers License State,Vehicle ID,Vehicle Damage Extent,Vehicle First Impact Location,Vehicle Body Type,Vehicle Movement,Vehicle Going Dir,Speed Limit,Vehicle Year,Vehicle Make
MCP2693001M,16056771,Montgomery County Police,Property Damage Crash,11/3/2016 17:00,SAME DIRECTION SIDESWIPE,957AADD3-806B-4A46-9120-797F4582BC6E,Yes,NO APPARENT INJURY,N/A,UNKNOWN,MD,DD85ABD5-A7C1-4328-8340-0FEE0AC4BB17,SUPERFICIAL,ONE OCLOCK,PASSENGER CAR,OTHER,North,25,1999,DODGE
MCP2974004N,230034511,Montgomery County Police,Injury Crash,7/20/2023 9:25,SAME DIR REAR END,25D19276-AE66-41D2-8050-DF297CBC69AB,No,POSSIBLE INJURY,"ANIMAL, BACKUP DUE TO NON-RECURRING INCIDENT",NOT DISTRACTED,MD,D96164B9-3497-46D9-8DC9-442EC79297F0,DISABLING,SIX OCLOCK,PASSENGER CAR,STOPPED IN TRAFFIC LANE,West,35,2010,TOYOTA
MCP3008003S,230046304,Montgomery County Police,Property Damage Crash,7/25/2023 2:30,OTHER,01682898-1837-4BAB-BD5B-637713AFFB32,Yes,NO APPARENT INJURY,N/A,UNKNOWN,MD,50712795-02AA-4042-8B23-331B261AE981,SUPERFICIAL,SIX OCLOCK,PASSENGER CAR,ACCELERATING,South,25,2013,HOND
MCP3115006N,230034904,Montgomery County Police,Property Damage Crash,7/22/2023 13:00,ANGLE MEETS LEFT TURN,36CA50AC-0339-4ACB-81A3-D0FDB1779583,Yes,NO APPARENT INJURY,N/A,UNKNOWN,MD,04C10BBF-2162-4249-BC02-EF0B633ACE25,UNKNOWN,TWELVE OCLOCK,PASSENGER CAR,MOVING CONSTANT SPEED,West,35,2016,NISSAN
DM8502000X,230056950,Takoma Park Police Depart,Property Damage Crash,9/26/2023 12:11,SAME DIR REAR END,4BA387A8-55D2-4AD1-9C8C-E593E226284D,No,NO APPARENT INJURY,"N/A, WET",NOT DISTRACTED,MD,EE9D1176-5BF8-4BFB-B466-156EC36FDD66,SUPERFICIAL,SIX OCLOCK,PASSENGER CAR,SLOWING OR STOPPING,North,35,2010,HONDA
MCP2760003Z,230050746,Montgomery County Police,Property Damage Crash,8/22/2023 17:20,SAME DIR REAR END,CE316B12-5B29-4641-9AED-26A2DC0464F8,Yes,NO APPARENT INJURY,N/A,UNKNOWN,MD,8D7D1A03-56B7-4F6A-923B-2C350B82E242,FUNCTIONAL,TWELVE OCLOCK,PASSENGER CAR,SLOWING OR STOPPING,South,35,2014,DODGE
MCP1564007Q,230071467,Montgomery County Police,Property Damage Crash,12/13/2023 11:36,SAME DIR REAR END,947AC859-CEAC-484F-9EFC-21F142375449,No,NO APPARENT INJURY,N/A,NOT DISTRACTED,MD,CB3FB4A2-055B-4FB9-A1AD-F31BDA264605,FUNCTIONAL,SIX OCLOCK,PASSENGER CAR,SLOWING OR STOPPING,South,45,2021,INFINTI
MCP2688001Z,16016032,Montgomery County Police,Property Damage Crash,4/2/2016 1:06,SINGLE VEHICLE,1885D4FC-26E3-4859-BFB3-8149B6BA1F0A,Yes,NO APPARENT INJURY,N/A,NOT DISTRACTED,DC,E22FB35F-8055-435A-A557-B26C6072F088,SUPERFICIAL,TWELVE OCLOCK,PASSENGER CAR,MOVING CONSTANT SPEED,East,10,2012,HYUNDAI
MCP9379004X,230052647,Montgomery County Police,Property Damage Crash,9/1/2023 14:40,SAME DIR REAR END,CC3AACAB-6F7B-44C9-A788-236FBF66FAF2,Yes,NO APPARENT INJURY,N/A,OTHER DISTRACTION,MD,08549719-8914-4B81-80D2-4B9632F6C1FA,DISABLING,TWELVE OCLOCK,PASSENGER CAR,MOVING CONSTANT SPEED,East,40,2010,HOND
DD5644003G,230067978,Rockville Police Departme,Injury Crash,11/23/2023 19:20,SAME DIR REAR END,38581F6B-90DE-46AC-A2B7-3D4BF5C8E0E5,Yes,NO APPARENT INJURY,N/A,UNKNOWN,,180199F5-61A0-4147-98C3-4F72EC2AD822,UNKNOWN,TWELVE OCLOCK,PICKUP TRUCK,MOVING CONSTANT SPEED,East,35,2000,WHITE
MCP2536004V,230063724,Montgomery County Police,Property Damage Crash,11/1/2023 5:20,OTHER,7B729967-3E00-4F38-87E9-72DBF0D36515,Yes,NO APPARENT INJURY,N/A,NOT DISTRACTED,MD,A3369DD8-F08B-4378-A5BE-E2769DCA2016,DISABLING,ONE OCLOCK,PASSENGER CAR,ACCELERATING,North,30,2012,HYUNDA
MCP33070025,230054484,Montgomery County Police,Property Damage Crash,9/12/2023 16:15,SINGLE VEHICLE,90D491E0-994F-48B8-974F-7E6679C2B4C1,No,NO APPARENT INJURY,N/A,UNKNOWN,MD,8C007910-2A5A-463B-A2EA-5E4911FA4144,NO DAMAGE,TWELVE OCLOCK,SCHOOL BUS,MOVING CONSTANT SPEED,North,25,2020,THOMAS
MCP1595002F,230065714,Montgomery County Police,Injury Crash,11/11/2023 0:17,OTHER,516C40D6-AFBD-43AF-B86E-F758C6B33F2B,No,NO APPARENT INJURY,N/A,NOT DISTRACTED,MD,B197CCB9-B7E7-4866-B359-291B02F97618,FUNCTIONAL,ELEVEN OCLOCK,PASSENGER CAR,MOVING CONSTANT SPEED,East,35,2013,TOYOTA
MCP32680031,230047607,Montgomery County Police,Property Damage Crash,8/3/2023 11:44,STRAIGHT MOVEMENT ANGLE,E5F966A8-ED24-4294-AA83-727DD6C2AB28,Yes,NO APPARENT INJURY,N/A,LOOKED BUT DID NOT SEE,MD,48F72205-6A5F-4962-9884-0E15D6215905,SUPERFICIAL,TWELVE OCLOCK,PASSENGER CAR,MOVING CONSTANT SPEED,North,10,2018,TOYOTA
MCP3227004X,230057751,Montgomery County Police,Property Damage Crash,9/30/2023 19:22,SAME DIRECTION SIDESWIPE,3F90597E-C2FA-4137-A7DA-9C7E652E35A5,Yes,NO APPARENT INJURY,N/A,UNKNOWN,,9660CC53-A590-443E-BCB6-EB57C7D54C75,UNKNOWN,TWO OCLOCK,PASSENGER CAR,MOVING CONSTANT SPEED,West,20,2014,FORD
MCP3312003R,230046577,Montgomery County Police,Property Damage Crash,7/28/2023 7:50,SAME DIRECTION LEFT TURN,242C9F65-F8B5-4060-B5B4-CCC1A13AAD2D,Yes,NO APPARENT INJURY,N/A,LOOKED BUT DID NOT SEE,MD,85AA4A43-7EA6-4CC5-87C9-997036F3253A,SUPERFICIAL,NINE OCLOCK,VAN,CHANGING LANES,West,30,2005,CHEVROLET
MCP91180042,230035007,Montgomery County Police,Injury Crash,7/23/2023 5:41,SINGLE VEHICLE,9311006E-C45B-45C5-8AE1-B335CAF951DC,Yes,POSSIBLE INJURY,N/A,UNKNOWN,MD,CA52DB8A-B51C-4EC7-A589-DA898D823D94,DISABLING,TWELVE OCLOCK,PASSENGER CAR,MOVING CONSTANT SPEED,East,40,2018,HONDA
MCP2420005B,230072711,Montgomery County Police,Property Damage Crash,12/20/2023 9:30,SINGLE VEHICLE,4202AA31-CC18-48E8-936C-E8A94564F5F1,Yes,NO APPARENT INJURY,N/A,LOOKED BUT DID NOT SEE,VA,EC031ACD-1470-43AE-BA82-6B2D570FDE24,DISABLING,TWELVE OCLOCK,PASSENGER CAR,MOVING CONSTANT SPEED,South,40,2011,VOLKS
MCP3372001R,230062739,Montgomery County Police,Injury Crash,10/26/2023 16:57,HEAD ON LEFT TURN,D8B85B35-5C2D-4DF0-A09D-D2325DD094FB,No,SUSPECTED MINOR INJURY,N/A,NOT DISTRACTED,MD,6E51F7A4-6C0B-41F9-B009-97EC04EA6073,DISABLING,TWELVE OCLOCK,PASSENGER CAR,MOVING CONSTANT SPEED,East,35,2020,SUBARU
MCP25980032,190043825,Montgomery County Police,Property Damage Crash,9/13/2019 8:50,STRAIGHT MOVEMENT ANGLE,3906B843-3C8E-43D9-9FD2-1C621E6DF678,No,NO APPARENT INJURY,N/A,NOT DISTRACTED,MD,27FF0948-145B-4EF4-9057-9786441F77EC,FUNCTIONAL,ONE OCLOCK,PASSENGER CAR,MOVING CONSTANT SPEED,West,40,2009,VOLVO
MCP2641003B,230055354,Montgomery County Police,Property Damage Crash,9/17/2023 10:25,SAME DIR REAR END,A1E0835C-2BB5-4D10-905C-7DFF349C78FB,No,NO APPARENT INJURY,"RAIN, SNOW, WET",NOT DISTRACTED,MD,3B761A62-422D-4B2E-9A6C-B9281ABDBC13,FUNCTIONAL,SIX OCLOCK,PASSENGER CAR,STOPPED IN TRAFFIC LANE,South,45,2021,TOYT
MCP1174006H,230057350,Montgomery County Police,Property Damage Crash,9/28/2023 17:16,SAME DIRECTION RIGHT TURN,1BF2A14F-AA9B-499B-B317-C65CC58C176E,No,NO APPARENT INJURY,N/A,NOT DISTRACTED,MD,CE07489D-0689-4AA1-AE5F-DC4AA4C3254A,DISABLING,ELEVEN OCLOCK,PASSENGER CAR,MOVING CONSTANT SPEED,West,25,2011,JEEP
HA2492000S,23001788,Maryland-National Capital,Property Damage Crash,9/13/2023 12:00,SAME DIRECTION SIDESWIPE,85A35275-7F48-4C4A-8D32-1F0DA6861FAC,Yes,NO APPARENT INJURY,N/A,INATTENTIVE OR LOST IN THOUGHT,MD,347AB2D4-C2B2-4432-9B51-F3DA4C0293B0,SUPERFICIAL,ONE OCLOCK,VAN,PARKING,North,15,2018,CHRYSLER
DD5665001B,230049253,Rockville Police Departme,Property Damage Crash,8/13/2023 14:10,SAME DIRECTION SIDESWIPE,B8A01431-E5F8-499B-97C2-A2234951E5AE,No,NO APPARENT INJURY,N/A,NOT DISTRACTED,DC,64EC93AD-326F-47A6-97B1-55C3BF169A85,FUNCTIONAL,ONE OCLOCK,PASSENGER CAR,MOVING CONSTANT SPEED,West,45,2003,TOYOTA
MCP2910003R,170512655,Montgomery County Police,Injury Crash,6/9/2017 11:12,SAME DIRECTION LEFT TURN,92662755-4A62-471D-8979-C431B9AE3A3D,No,NO APPARENT INJURY,N/A,NOT DISTRACTED,MD,4EEFBF67-3987-44D8-AC84-B22E2FCD18DD,FUNCTIONAL,ELEVEN OCLOCK,PASSENGER CAR,MAKING LEFT TURN,West,35,2009,HONDA
EJ78750042,230064031,Gaithersburg Police Depar,Property Damage Crash,11/2/2023 16:32,SAME DIR REAR END,821B2830-CADE-4AA5-AE5C-8AE377423CC2,Yes,NO APPARENT INJURY,N/A,NOT DISTRACTED,XX,B6F36082-6DDA-4550-9F74-471EDB9617DF,NO DAMAGE,SIX OCLOCK,PASSENGER CAR,STARTING FROM PARKED,East,25,2022,TOYT
MCP3101000F,180014243,Montgomery County Police,Injury Crash,3/22/2018 19:30,HEAD ON LEFT TURN,8655D3C8-B500-45B6-8CEE-23228B08BFAF,Yes,SUSPECTED MINOR INJURY,N/A,UNKNOWN,MD,8855757B-9DC6-4F76-B1AF-2CC3D8878F4A,DISABLING,TWELVE OCLOCK,PASSENGER CAR,MAKING LEFT TURN,North,30,2008,LEXUS
MCP2970001W,16046393,Montgomery County Police,Injury Crash,9/10/2016 11:14,STRAIGHT MOVEMENT ANGLE,53DBE8A3-D796-4EDD-BB8E-58E2C5389CFB,No,SUSPECTED MINOR INJURY,N/A,NOT DISTRACTED,MD,00472048-F768-4DC0-A27F-0C77B7C619AA,DISABLING,THREE OCLOCK,PASSENGER CAR,MOVING CONSTANT SPEED,West,40,2006,VOLV
MCP3109008W,230071034,Montgomery County Police,Injury Crash,12/11/2023 9:00,SAME DIR REAR END,27C9389F-4DB2-43DE-90CA-5751BC9649E8,Yes,NO APPARENT INJURY,"RAIN, SNOW, WET",NOT DISTRACTED,MD,E5AFF352-8C82-47C7-AD03-D74CF85640C2,SUPERFICIAL,TWELVE OCLOCK,SCHOOL BUS,MOVING CONSTANT SPEED,North,35,2019,THOMAS
MCP31260051,230069368,Montgomery County Police,Property Damage Crash,12/1/2023 18:21,SAME DIRECTION SIDESWIPE,5C4155C9-5982-497E-BC4C-FD5EFAE80A73,No,NO APPARENT INJURY,"RAIN, SNOW, WET",NOT DISTRACTED,MD,85BB3295-F150-49FF-9861-24FB36CEB8D4,FUNCTIONAL,NINE OCLOCK,PASSENGER CAR,MOVING CONSTANT SPEED,North,20,2013,TOYOTA
MCP1400001F,230049995,Montgomery County Police,Injury Crash,8/17/2023 20:45,HEAD ON LEFT TURN,FD3CB22A-9E9C-4CF3-84F6-DE2691A65176,Yes,NO APPARENT INJURY,N/A,NOT DISTRACTED,MD,6747170F-9961-4594-9B5C-E8DBF115F6AB,DISABLING,FIVE OCLOCK,PASSENGER CAR,MAKING LEFT TURN,South,50,2018,GMC
MCP2846002C,16063379,Montgomery County Police,Property Damage Crash,12/10/2016 5:48,SINGLE VEHICLE,5687F494-4F68-401C-B2A7-BBE0104C85A2,Yes,NO APPARENT INJURY,N/A,UNKNOWN,,A85924B0-F0EA-4136-A98B-C55E0CB9A7A4,DISABLING,TWELVE OCLOCK,PASSENGER CAR,UNKNOWN,West,40,2001,NISSAN
MCP2932006M,230057803,Montgomery County Police,Injury Crash,10/1/2023 4:28,SAME DIR REAR END,3D9C9CBC-B0DA-41E1-8264-85168254C3A6,Yes,NO APPARENT INJURY,N/A,UNKNOWN,,FADDD7B3-EAF6-4FCF-8772-01EBCE477BFC,DISABLING,TWELVE OCLOCK,(SPORT) UTILITY VEHICLE,MOVING CONSTANT SPEED,West,55,2015,MERCEDES
MCP3021006R,230049777,Montgomery County Police,Injury Crash,8/16/2023 14:20,SAME DIR REAR END,CD7B45A0-856D-412C-B948-E8E7968520D2,Yes,NO APPARENT INJURY,"BACKUP DUE TO REGULAR CONGESTION, N/A",UNKNOWN,,3E14BE01-5147-418D-B00F-8ED70A8DEB62,DISABLING,TWELVE OCLOCK,PASSENGER CAR,SLOWING OR STOPPING,South,50,2017,NISSAN
MCP33390038,230073477,Montgomery County Police,Property Damage Crash,12/24/2023 16:33,STRAIGHT MOVEMENT ANGLE,439A288F-AB9B-43DC-8411-946383EFC3B6,Yes,NO APPARENT INJURY,N/A,INATTENTIVE OR LOST IN THOUGHT,MD,74A69923-25D8-411D-9F7D-05D8E0D02F0C,FUNCTIONAL,ELEVEN OCLOCK,(SPORT) UTILITY VEHICLE,MAKING LEFT TURN,West,35,2015,FORD
MCP2875007L,230050752,Montgomery County Police,Property Damage Crash,8/22/2023 17:59,SAME DIR REAR END,7A372208-36ED-4E23-AB04-2B1903DBC403,Yes,NO APPARENT INJURY,N/A,UNKNOWN,,3BF6FDEC-4958-4360-8965-4F494D2F3E21,SUPERFICIAL,TWELVE OCLOCK,PASSENGER CAR,SLOWING OR STOPPING,East,30,2022,HONDA
MCP1378015X,230059704,Montgomery County Police,Injury Crash,10/10/2023 17:03,ANGLE MEETS LEFT HEAD ON,C6374186-5AC8-44A6-BE64-109158EB3C85,No,NO APPARENT INJURY,N/A,NOT DISTRACTED,MD,B524B563-C230-4902-879B-394E41347CC1,DISABLING,TWELVE OCLOCK,(SPORT) UTILITY VEHICLE,STOPPED IN TRAFFIC LANE,West,30,2018,MAZD
EJ7875004D,2230071529,Gaithersburg Police Depar,Property Damage Crash,12/13/2023 15:43,ANGLE MEETS LEFT TURN,58E7791F-7095-4A9D-ABF9-A88FA6DA6BF3,Yes,NO APPARENT INJURY,N/A,UNKNOWN,MD,5F946FF5-AABD-4D1F-8ECB-1C3062BCB81C,FUNCTIONAL,TEN OCLOCK,PASSENGER CAR,MOVING CONSTANT SPEED,East,35,2002,DODG
MCP3353001D,230046200,Montgomery County Police,Property Damage Crash,7/25/2023 13:10,STRAIGHT MOVEMENT ANGLE,EDA6FDE8-E909-47BE-B4B8-9D582E9283A1,Yes,NO APPARENT INJURY,N/A,LOOKED BUT DID NOT SEE,MD,004B7E55-0E0A-47AF-940C-D6C95C0AAAAA,DISABLING,ONE OCLOCK,PASSENGER CAR,MAKING LEFT TURN,East,40,2020,NISSAN
MCP3170003L,230062381,Montgomery County Police,Property Damage Crash,10/24/2023 20:05,SAME DIR REAR END,B6BB3B63-E75A-4320-9033-E772903A8068,Yes,NO APPARENT INJURY,N/A,LOOKED BUT DID NOT SEE,MD,DD100CB4-52E2-4AB8-AB25-53FEFC8A821D,DISABLING,TWELVE OCLOCK,PASSENGER CAR,MOVING CONSTANT SPEED,North,35,2015,ACUR
MCP30930050,230065224,Montgomery County Police,Property Damage Crash,11/8/2023 18:26,OTHER,4B14B876-D178-420D-B847-60006DE8958D,No,NO APPARENT INJURY,N/A,NOT DISTRACTED,SC,ACEC9225-9FEC-4F7C-BA05-7AF5CF8D7DBC,DISABLING,ELEVEN OCLOCK,PASSENGER CAR,CHANGING LANES,South,35,2006,VOLK
MCP3133004R,230051222,Montgomery County Police,Property Damage Crash,8/25/2023 7:42,HEAD ON LEFT TURN,FA9C0AA2-59B0-4459-BD3A-753871F8A561,No,NO APPARENT INJURY,N/A,NOT DISTRACTED,MD,0FE858A6-D293-4256-B0C1-00158A428EF4,FUNCTIONAL,TWELVE OCLOCK,PASSENGER CAR,MOVING CONSTANT SPEED,North,30,2006,FORD
DM8503000H,220022313,Takoma Park Police Depart,Property Damage Crash,5/25/2022 9:30,SINGLE VEHICLE,FC2B70FC-608B-4F73-87DC-CD2B8173486F,Yes,NO APPARENT INJURY,N/A,UNKNOWN,DC,2654A83C-2CC9-46DB-B9D9-D1EDC870051A,FUNCTIONAL,SEVEN OCLOCK,VAN,OTHER,West,20,2006,FORD
MCP2399007F,230068756,Montgomery County Police,Property Damage Crash,11/28/2023 16:21,OTHER,4187C356-4C7C-4EA4-941E-316C31663D75,Yes,NO APPARENT INJURY,N/A,UNKNOWN,MD,97616145-7010-48B8-9ED5-7B0B54013DA7,SUPERFICIAL,TWO OCLOCK,VAN,MOVING CONSTANT SPEED,North,30,2018,FORD
MCP3256002L,230064755,Montgomery County Police,Property Damage Crash,11/6/2023 16:52,SAME DIR REAR END,580E70D2-D8AB-4171-9ED6-00C467C59372,Yes,NO APPARENT INJURY,N/A,LOOKED BUT DID NOT SEE,MD,0581730E-3C1A-4218-83BC-EE1421BD78F0,SUPERFICIAL,TWELVE OCLOCK,PASSENGER CAR,MAKING LEFT TURN,West,25,2021,TOYOTA
MCP23490010,230058993,Montgomery County Police,Property Damage Crash,10/6/2023 17:30,SINGLE VEHICLE,71C9723D-AC39-4784-B27B-B62EEFC12239,Yes,NO APPARENT INJURY,N/A,NOT DISTRACTED,MD,27ADB657-E3FD-48C9-A51F-272CFF71B6A3,DISABLING,TWO OCLOCK,PASSENGER CAR,MOVING CONSTANT SPEED,South,40,2010,HYUNDAI
MCP31930059,230074045,Montgomery County Police,Injury Crash,12/28/2023 17:55,STRAIGHT MOVEMENT ANGLE,7234CE56-7A65-4007-BCD0-25A7205574D3,Yes,POSSIBLE INJURY,N/A,LOOKED BUT DID NOT SEE,MD,9413855E-3368-4F74-9E40-B850E9CFA784,DESTROYED,TWO OCLOCK,PASSENGER CAR,MAKING LEFT TURN,West,25,2014,HOND
MCP115100DB,230058418,Montgomery County Police,Injury Crash,10/4/2023 6:20,SAME DIRECTION SIDESWIPE,74505194-9B96-4F28-B417-8F8DA8CBAF14,No,POSSIBLE INJURY,N/A,NOT DISTRACTED,MD,9C3EE83D-AD8E-4EFA-9662-15BA40AC3F96,DISABLING,ELEVEN OCLOCK,PASSENGER CAR,MOVING CONSTANT SPEED,South,45,2016,NISS
MCP33480011,230053205,Montgomery County Police,Property Damage Crash,9/5/2023 7:08,OTHER,0E647E07-0AF6-4799-BA58-2E3837967D8F,Yes,NO APPARENT INJURY,N/A,UNKNOWN,,A71459F7-C8F2-4F17-A4D6-171B0566EAA4,SUPERFICIAL,SIX OCLOCK,PASSENGER CAR,PARKING,East,25,2003,HONDA
MCP29320075,230069891,Montgomery County Police,Property Damage Crash,12/4/2023 23:00,HEAD ON LEFT TURN,E076DD9C-0024-4C6C-83A4-611FFE35CE38,Yes,NO APPARENT INJURY,N/A,LOOKED BUT DID NOT SEE,MD,1047487C-4F74-4CD3-B050-6DCB38449590,DISABLING,TWELVE OCLOCK,POLICE VEHICLE/EMERGENCY,MAKING LEFT TURN,South,35,2012,ACURA
MCP23450011,230069667,Montgomery County Police,Property Damage Crash,12/3/2023 19:30,SINGLE VEHICLE,B5353DFB-1DD4-408A-9BE6-5CD2CA174D62,Yes,NO APPARENT INJURY,"SMOG, SMOKE, WET",UNKNOWN,MD,10F0C3AF-6577-4400-B4D9-DB146C1FA56F,DISABLING,TWELVE OCLOCK,PASSENGER CAR,UNKNOWN,South,30,2012,JEEP
MCP31910048,230063119,Montgomery County Police,Property Damage Crash,10/28/2023 20:00,SINGLE VEHICLE,58AB73E2-7D41-40AD-94D2-B252D001EFE8,Yes,NO APPARENT INJURY,N/A,INATTENTIVE OR LOST IN THOUGHT,MD,009E82B0-06F4-42A0-B717-FB4C8B551537,DISABLING,ONE OCLOCK,PASSENGER CAR,MOVING CONSTANT SPEED,South,40,2005,HONDA
DD5567000X,230056779,Rockville Police Departme,Property Damage Crash,9/25/2023 13:19,SAME DIR REAR END,CA91953B-E9A6-4FAC-A0A0-0F5523F69D73,No,NO APPARENT INJURY,N/A,NOT DISTRACTED,MD,24DB8540-0CA7-4E90-8D51-0F57411FC7BE,FUNCTIONAL,SIX OCLOCK,PASSENGER CAR,SLOWING OR STOPPING,South,35,2003,MERCEDES
EJ7809003Y,230060579,Gaithersburg Police Depar,Property Damage Crash,10/14/2023 21:36,SAME DIR REAR END,A1C7C8DC-9BC7-4738-979C-C812B3ABAB5C,Yes,NO APPARENT INJURY,"N/A, WET",UNKNOWN,MD,0158BF15-B5A8-428D-ACFE-4F9AF3939D1F,FUNCTIONAL,TWELVE OCLOCK,(SPORT) UTILITY VEHICLE,SLOWING OR STOPPING,West,35,2007,TOYT
MCP2723007R,230056009,Montgomery County Police,Injury Crash,9/20/2023 20:55,STRAIGHT MOVEMENT ANGLE,479B33F0-8EE0-4A4C-AAA4-957A57A87047,Yes,SUSPECTED SERIOUS INJURY,N/A,UNKNOWN,MD,33F2FDC5-F379-408B-A00A-1580BEFA6A13,DESTROYED,ONE OCLOCK,PICKUP TRUCK,MAKING LEFT TURN,North,35,2008,TOYOTA
MCP3377000K,230053477,Montgomery County Police,Property Damage Crash,9/6/2023 16:30,SINGLE VEHICLE,A2D20122-4D1F-4DC2-A624-A1C76C720D13,Yes,NO APPARENT INJURY,N/A,NOT DISTRACTED,MD,A41B6A3E-07EA-4BDE-BCB3-79E5F3FA809E,FUNCTIONAL,SIX OCLOCK,SCHOOL BUS,BACKING,South,15,2018,THMS
MCP2305002Z,230051751,Montgomery County Police,Property Damage Crash,8/28/2023 4:09,SINGLE VEHICLE,DBE22D3E-F419-46E7-A70E-6E27D46DBA90,Yes,NO APPARENT INJURY,N/A,UNKNOWN,MD,176A6B1E-1331-4CD8-8F68-14DF031AF638,DESTROYED,TWELVE OCLOCK,PASSENGER CAR,UNKNOWN,North,40,2015,LEXUS
MCP3200009Q,230063916,Montgomery County Police,Property Damage Crash,11/2/2023 9:20,OTHER,EAE18FE1-7103-43B9-9327-5710E8AFE979,No,NO APPARENT INJURY,N/A,NOT DISTRACTED,CO,3F5B625D-0F94-455B-B94E-00CFBBA726A3,FUNCTIONAL,SIX OCLOCK,PASSENGER CAR,MAKING LEFT TURN,West,30,2008,SUBARU
DD5662000H,230054526,Rockville Police Departme,Property Damage Crash,9/12/2023 20:18,SAME DIRECTION SIDESWIPE,DF47601E-37FF-4DD8-8E8D-B0015601F472,No,NO APPARENT INJURY,"SLEET, HAIL, FREEZ. RAIN, WET",NOT DISTRACTED,MD,82156DD9-1AD7-4B87-8245-154AD9C27A5E,DESTROYED,FOUR OCLOCK,POLICE VEHICLE/EMERGENCY,MAKING RIGHT TURN,North,35,2021,HOND
DD56580018,230052196,Rockville Police Departme,Property Damage Crash,8/30/2023 11:54,OTHER,79417CC0-AB8E-4379-8E45-AEFE26B74E97,Yes,NO APPARENT INJURY,N/A,UNKNOWN,MD,0C006AF7-77E3-4BA1-9B82-ADFE236CB106,SUPERFICIAL,FIVE OCLOCK,PASSENGER CAR,UNKNOWN,Unknown,25,2007,LEXUS
MCP3109008R,230065130,Montgomery County Police,Injury Crash,11/8/2023 13:05,ANGLE MEETS LEFT TURN,131976EC-026A-4D3E-8252-9D394A3A8980,No,NO APPARENT INJURY,N/A,NOT DISTRACTED,MD,4AE3A51C-0F38-45C0-B202-1979AD289FEE,DISABLING,TWELVE OCLOCK,OTHER BUS,MOVING CONSTANT SPEED,East,35,2012,FORD
MCP25830029,220021735,Montgomery County Police,Injury Crash,5/21/2022 18:36,STRAIGHT MOVEMENT ANGLE,5C57D85C-7797-41BE-B3C6-4905F3D18715,Yes,POSSIBLE INJURY,N/A,UNKNOWN,FL,947AA3C9-ECDF-4CCA-B8B3-ED5FEB569BD8,DESTROYED,TEN OCLOCK,PASSENGER CAR,OTHER,South,35,2016,TOYOTA
MCP3161005Y,230067875,Montgomery County Police,Injury Crash,11/22/2023 19:43,HEAD ON LEFT TURN,5CDC773E-97CE-49FF-8644-5B0A99D8CF90,No,NO APPARENT INJURY,N/A,NOT DISTRACTED,DC,9586D367-5E98-4352-8FCA-6D1C9EED42EE,DISABLING,TWELVE OCLOCK,PASSENGER CAR,MOVING CONSTANT SPEED,South,25,2015,INFINITI
EJ7870006N,230073223,Gaithersburg Police Depar,Injury Crash,12/22/2023 20:55,SAME DIR REAR END,4334DD75-9259-4EAE-9C42-EE22F4F5F5B7,No,POSSIBLE INJURY,"BACKUP DUE TO REGULAR CONGESTION, N/A",NOT DISTRACTED,MD,B3EA057B-25B6-4774-9E8B-C4A18F94A8AE,SUPERFICIAL,SIX OCLOCK,PASSENGER CAR,STOPPED IN TRAFFIC LANE,North,55,2021,MAZD
MCP2850002H,230046289,Montgomery County Police,Property Damage Crash,7/25/2023 4:50,STRAIGHT MOVEMENT ANGLE,FAAF82BE-20C2-4F54-9AC6-067B342B7089,Yes,NO APPARENT INJURY,N/A,LOOKED BUT DID NOT SEE,MD,D40EA427-862E-42A4-9F63-F074A357FC82,DISABLING,TWELVE OCLOCK,PASSENGER CAR,ACCELERATING,South,35,2018,FORD
MCP28880019,180056391,Montgomery County Police,Injury Crash,11/9/2018 22:45,HEAD ON LEFT TURN,D794E7F8-8AC3-4044-806C-B79C80DEA284,Yes,NO APPARENT INJURY,"V WIPERS|W OTHER ENVIRONMENTAL, WET",NOT DISTRACTED,MD,116FF0E7-401D-45FD-A043-8D6590816336,DISABLING,ELEVEN OCLOCK,PASSENGER CAR,MOVING CONSTANT SPEED,North,30,2004,JEEP
MCP2966006Z,230066731,Montgomery County Police,Injury Crash,11/16/2023 15:30,HEAD ON LEFT TURN,B30D4F13-D243-4A2A-BF56-3588D6A8FF88,Yes,NO APPARENT INJURY,N/A,LOOKED BUT DID NOT SEE,MD,CC15266C-EC77-440C-B3FF-2C1A6A74274D,FUNCTIONAL,TWELVE OCLOCK,PASSENGER CAR,MAKING LEFT TURN,North,25,2014,HYUNDAI