Report Number,Local Case Number,Agency Name,ACRS Report Type,Crash Date/Time,Collision Type,Person ID,Driver At Fault,Injury Severity,Circumstance,Driver Distracted By,Drivers License State,Vehicle ID,Vehicle Damage Extent,Vehicle First Impact Location,Vehicle Body Type,Vehicle Movement,Vehicle Going Dir,Speed Limit,Vehicle Year,Vehicle Make
MCP2432000Z,230050186,Montgomery County Police,Property Damage Crash,8/18/2023 22:37,SINGLE VEHICLE,AE120117-F75A-4517-A6EE-815C6E21653D,No,NO APPARENT INJURY,"ANIMAL, N/A",NOT DISTRACTED,MI,338C6DC5-C8A4-4E93-B684-6B96B098AE38,DISABLING,TWELVE OCLOCK,ALL TERRAIN VEHICLE (ATV),MOVING CONSTANT SPEED,South,35,2023,TOYOTA
MCP3258003D,230055275,Montgomery County Police,Property Damage Crash,9/16/2023 18:18,SAME DIR REAR END,087A128C-7AC9-40F5-9A22-AC801B92C718,Yes,NO APPARENT INJURY,N/A,LOOKED BUT DID NOT SEE,MD,78A27428-BE09-44EC-AFD0-2584ADA44886,SUPERFICIAL,SIX OCLOCK,PASSENGER CAR,BACKING,West,25,2015,HOND
MCP2760004C,230062736,Montgomery County Police,Property Damage Crash,10/26/2023 16:50,SAME DIRECTION SIDESWIPE,0641E490-A4D0-42B1-97D9-B61450977783,Yes,NO APPARENT INJURY,N/A,UNKNOWN,,C7E201E8-7933-4B7B-99E5-8695BAD5C856,UNKNOWN,UNKNOWN,,MAKING RIGHT TURN,East,30,0,UNKNOWN
MCP3341002C,230052628,Montgomery County Police,Injury Crash,9/1/2023 13:30,ANGLE MEETS LEFT TURN,F9E6B050-C41C-432D-85E5-07B211477027,Yes,NO APPARENT INJURY,N/A,INATTENTIVE OR LOST IN THOUGHT,MD,C9B1A40A-A707-4989-95FE-16841D0DC411,DISABLING,TWELVE OCLOCK,PASSENGER CAR,MAKING LEFT TURN,North,35,2017,LEXUS
MCP2603005S,230065059,Montgomery County Police,Injury Crash,11/8/2023 8:19,SAME DIR BOTH LEFT TURN,534DB683-C3DB-4C12-94EA-6DE0FCB08AFE,No,NO APPARENT INJURY,N/A,NOT DISTRACTED,MD,06EADF65-B30B-4046-9E70-C53CEE704541,FUNCTIONAL,ONE OCLOCK,PASSENGER CAR,MAKING LEFT TURN,East,45,2009,FORD
EJ7871006H,230047877,Gaithersburg Police Depar,Injury Crash,8/4/2023 22:46,HEAD ON LEFT TURN,EBBA51F6-9311-4C5F-91F0-9AE45D887A65,Yes,POSSIBLE INJURY,N/A,LOOKED BUT DID NOT SEE,MD,1588A4F6-8DE9-4970-923D-6B5C5D2E2A78,DISABLING,TWELVE OCLOCK,PASSENGER CAR,MOVING CONSTANT SPEED,North,35,2015,MAZDA
MCP3191003L,220028561,Montgomery County Police,Property Damage Crash,7/3/2022 15:45,SAME DIR REAR END,A9D72597-15BF-4DE7-B001-1EC52CCFFAFA,Yes,NO APPARENT INJURY,N/A,UNKNOWN,MD,DDF3C785-7B1A-4FF1-8464-B0BCB2F7B6A2,DISABLING,TWELVE OCLOCK,PASSENGER CAR,MOVING CONSTANT SPEED,North,35,2017,CHEV
MCP115100DH,230072497,Montgomery County Police,Property Damage Crash,12/19/2023 7:10,SAME DIR BOTH LEFT TURN,E1CC4848-A0E1-4A17-BAC4-590861F24537,Unknown,NO APPARENT INJURY,N/A,NOT DISTRACTED,MD,43758B52-294C-4A6A-ABAB-A0C9ADCEC04D,SUPERFICIAL,ONE OCLOCK,SCHOOL BUS,MAKING LEFT TURN,South,40,2012,THOM
MCP33250022,230050145,Montgomery County Police,Property Damage Crash,8/18/2023 16:58,ANGLE MEETS LEFT TURN,E58FEB93-3EDD-4A66-BFF6-F37537DC0743,Unknown,NO APPARENT INJURY,N/A,NOT DISTRACTED,MD,71AFD8A6-4956-4093-940A-24673C2AB571,SUPERFICIAL,ONE OCLOCK,PASSENGER CAR,MOVING CONSTANT SPEED,South,35,2008,TOYOTA
DD5637000H,190050099,Rockville Police Departme,Injury Crash,10/18/2019 21:53,STRAIGHT MOVEMENT ANGLE,72FB7EDB-16E0-4F06-B124-8726E9457B92,Yes,NO APPARENT INJURY,N/A,NOT DISTRACTED,MD,9BBFAAF0-2143-4F04-8FBB-20D96898F0E8,DISABLING,TWELVE OCLOCK,PASSENGER CAR,MOVING CONSTANT SPEED,South,30,2011,NISSAN
MCP3279002Z,230074197,Montgomery County Police,Property Damage Crash,12/19/2023 8:40,SAME DIR REAR END,E978CB05-5F43-4289-BD56-DAD13BDBB2DA,No,NO APPARENT INJURY,N/A,NOT DISTRACTED,MD,90A28A56-F451-4FF3-B5E3-BE93E18A62AD,SUPERFICIAL,SIX OCLOCK,PASSENGER CAR,MOVING CONSTANT SPEED,North,30,2012,VOLKSWAGEN
MCP30910048,230063784,Montgomery County Police,Injury Crash,11/1/2023 12:55,STRAIGHT MOVEMENT ANGLE,3F741ADD-CC4B-4714-8133-0EC3F2815716,No,POSSIBLE INJURY,N/A,NOT DISTRACTED,MD,BF1BA8AB-4FB1-4D20-AE5B-B0022247FB31,DISABLING,ELEVEN OCLOCK,PASSENGER CAR,STARTING FROM PARKED,West,40,2013,VOLVO
MCP2622003Z,230068712,Montgomery County Police,Property Damage Crash,11/28/2023 13:14,STRAIGHT MOVEMENT ANGLE,1E897DD9-35AF-46C2-89C5-3A6EDBFB57E7,No,NO APPARENT INJURY,N/A,NOT DISTRACTED,MD,E31B105C-FAF8-4522-AACA-5677D78BED41,DISABLING,TWELVE OCLOCK,PASSENGER CAR,MOVING CONSTANT SPEED,West,25,2017,HYUNDAI
MCP32630041,230065193,Montgomery County Police,Property Damage Crash,11/8/2023 16:26,HEAD ON LEFT TURN,B48287AE-E96B-4347-A159-16D9C48A3305,Yes,NO APPARENT INJURY,N/A,LOOKED BUT DID NOT SEE,MD,10B3FCF5-3EF1-46D1-B0C3-BE8296D6FA00,FUNCTIONAL,TWELVE OCLOCK,PASSENGER CAR,MAKING LEFT TURN,North,25,2022,HYUNDAI
MCP3301001T,230048154,Montgomery County Police,Injury Crash,8/7/2023 1:02,SAME DIRECTION SIDESWIPE,D45E066D-A781-45AE-93D1-D6681A1FD646,Yes,POSSIBLE INJURY,N/A,UNKNOWN,MD,BB3FBA64-4190-49B1-81E4-1C98D33BFBB7,DISABLING,ELEVEN OCLOCK,PASSENGER CAR,MOVING CONSTANT SPEED,North,45,2001,LEXS
MCP22700027,230057477,Montgomery County Police,Property Damage Crash,9/29/2023 12:45,SAME DIR REAR END,554E9083-989E-4F3E-AF35-4E446339A31C,No,NO APPARENT INJURY,N/A,NOT DISTRACTED,MD,37326648-DE5C-44E0-8864-7F2A8ACBD3EC,FUNCTIONAL,SEVEN OCLOCK,PASSENGER CAR,SLOWING OR STOPPING,South,10,2019,SUBARU
MCP2850002P,230066519,Montgomery County Police,Property Damage Crash,11/15/2023 15:24,SAME DIRECTION SIDESWIPE,728BC63B-4F59-4B22-96CE-718B31491975,Yes,NO APPARENT INJURY,N/A,LOOKED BUT DID NOT SEE,MD,D84AE3B4-928C-4CE8-87D3-325F6EB7999E,DISABLING,ELEVEN OCLOCK,PASSENGER CAR,SLOWING OR STOPPING,East,35,2019,AUDI
HA25250003,23001526,Maryland-National Capital,Property Damage Crash,8/6/2023 6:15,SAME DIR REAR END,BAB3B92C-D98D-4C7D-A24E-C7FCA9ACCBF5,No,NO APPARENT INJURY,N/A,NOT DISTRACTED,MD,6F6B8B01-2A94-465D-B79F-FD7691FEBCD9,FUNCTIONAL,SIX OCLOCK,PASSENGER CAR,STOPPED IN TRAFFIC LANE,North,35,2017,TOYT
MCP3038006P,230068573,Montgomery County Police,Property Damage Crash,11/27/2023 17:22,SAME DIRECTION SIDESWIPE,1BB74872-8F6D-4F41-9C8D-877F281B0E49,No,NO APPARENT INJURY,N/A,NOT DISTRACTED,MD,1FD81D5E-A815-4E4E-BCD9-33EC64F8F610,SUPERFICIAL,FOUR OCLOCK,(SPORT) UTILITY VEHICLE,SLOWING OR STOPPING,South,30,2019,MAZDA
MCP3211003H,230001054,Montgomery County Police,Property Damage Crash,1/7/2023 11:44,SAME DIR REAR END,B792012E-62B4-461D-8F67-2A80BF0762A2,Yes,NO APPARENT INJURY,N/A,LOOKED BUT DID NOT SEE,MD,391312B4-2389-472B-8E23-A1AE9853D0E5,FUNCTIONAL,ONE OCLOCK,PASSENGER CAR,MOVING CONSTANT SPEED,South,35,2019,HONDA
MCP24640033,230072140,Montgomery County Police,Property Damage Crash,12/17/2023 2:39,SAME DIRECTION LEFT TURN,7843FCFA-9978-4A89-80E6-A5354DBC6B8A,Yes,NO APPARENT INJURY,N/A,UNKNOWN,MD,9D10AB5F-B55A-460C-B330-5A1F1D534778,DISABLING,NINE OCLOCK,PASSENGER CAR,STARTING FROM PARKED,West,35,2012,ACURA
MCP33090021,230061760,Montgomery County Police,Property Damage Crash,10/21/2023 5:23,SAME DIR REAR END,09643307-2D3A-4575-86C7-7DA7DFAC460E,No,NO APPARENT INJURY,"RAIN, SNOW, WET",NOT DISTRACTED,MD,65187A34-323E-4B45-9B2B-E2C133DD7AA8,FUNCTIONAL,SIX OCLOCK,"CARGO VAN/LIGHT TRUCK 2 AXLES (OVER 10,000LBS (4,536 KG))",STOPPED IN TRAFFIC LANE,West,45,2013,FORD
MCP3244002L,230050669,Montgomery County Police,Property Damage Crash,8/22/2023 10:43,SINGLE VEHICLE,F9A93C59-A090-4C56-A858-D29C90557A4D,Yes,NO APPARENT INJURY,N/A,NOT DISTRACTED,DC,1B2328F0-6CF5-4038-AF19-930F4B926C73,DISABLING,TWELVE OCLOCK,PASSENGER CAR,ACCELERATING,North,30,2019,VOLVO
MCP3377000V,230069033,Montgomery County Police,Injury Crash,11/30/2023 5:15,SAME DIR REAR END,33CE0321-C617-4F30-9540-62E06724E907,No,NO APPARENT INJURY,N/A,NOT DISTRACTED,MD,6F347434-BADD-4E36-B4C9-ACEA5522D6F8,FUNCTIONAL,SIX OCLOCK,PASSENGER CAR,SLOWING OR STOPPING,South,35,2008,TOYT
MCP2203007B,230055199,Montgomery County Police,Property Damage Crash,9/16/2023 8:00,SAME DIRECTION SIDESWIPE,084BDB6D-D1A9-4846-9333-1801782BA078,Yes,NO APPARENT INJURY,N/A,UNKNOWN,MD,5AF6FBF4-F6CB-43DF-9FD6-FAC060C10220,DISABLING,TWELVE OCLOCK,PASSENGER CAR,MOVING CONSTANT SPEED,East,25,2019,HONDA
MCP3161005P,230052063,Montgomery County Police,Property Damage Crash,8/29/2023 18:40,STRAIGHT MOVEMENT ANGLE,C8BA70A9-BA02-4849-9B1C-B12871F5B83A,Yes,NO APPARENT INJURY,N/A,UNKNOWN,MD,C1BD3732-6C8F-4F47-B965-1C7B772F25FD,DISABLING,ELEVEN OCLOCK,PASSENGER CAR,SLOWING OR STOPPING,South,35,2001,FORD
MCP31110079,230058303,Montgomery County Police,Property Damage Crash,10/3/2023 14:39,STRAIGHT MOVEMENT ANGLE,F8C1D860-0CA6-4C78-81AA-5C4796E072B5,Yes,NO APPARENT INJURY,N/A,LOOKED BUT DID NOT SEE,DC,EC661D78-A41C-4416-8B29-194FD000C7C8,DISABLING,THREE OCLOCK,PASSENGER CAR,MAKING LEFT TURN,North,25,2012,TOYOTA
EJ78870031,230057430,Gaithersburg Police Depar,Injury Crash,9/29/2023 8:30,SAME DIR REAR END,23E6267B-D73D-4A57-A381-7494DEE17D37,Yes,NO APPARENT INJURY,N/A,LOOKED BUT DID NOT SEE,MD,370B5421-767E-4F06-AF63-12FA665C3280,FUNCTIONAL,TWELVE OCLOCK,PICKUP TRUCK,MOVING CONSTANT SPEED,South,35,2017,CHEVROLET
MCP31840036,230057779,Montgomery County Police,Property Damage Crash,9/30/2023 22:22,SAME DIRECTION SIDESWIPE,60751155-21BE-4320-843F-8D692B22E8EC,Yes,NO APPARENT INJURY,N/A,UNKNOWN,MD,56B2B7A5-DD3F-401B-A9A6-6A1F161BE417,SUPERFICIAL,ELEVEN OCLOCK,PASSENGER CAR,ACCELERATING,East,35,2005,LEXUS
EJ786600CW,230063486,Gaithersburg Police Depar,Property Damage Crash,10/30/2023 19:20,SAME DIR REAR END,A14AC100-EB1A-4583-939B-83614A2C7948,No,NO APPARENT INJURY,"N/A, WET",NOT DISTRACTED,MD,407D0AE1-E5C3-47FE-A0FF-B37736371515,FUNCTIONAL,SIX OCLOCK,PASSENGER CAR,STOPPED IN TRAFFIC LANE,North,50,2022,HYUN
MCP3017002D,230058393,Montgomery County Police,Property Damage Crash,10/3/2023 22:12,SAME DIR REND LEFT TURN,8C0D2A38-91DB-40EC-8DD1-0B6F078838F9,No,NO APPARENT INJURY,N/A,NOT DISTRACTED,MD,F2A97A65-0961-4537-8172-6AB17126930A,FUNCTIONAL,SIX OCLOCK,PASSENGER CAR,SLOWING OR STOPPING,North,40,2007,TOYT
MCP3334001M,230052275,Montgomery County Police,Property Damage Crash,8/30/2023 16:40,SAME DIRECTION SIDESWIPE,E486373A-B386-4CBE-8FED-CA69F7AAE9F3,No,NO APPARENT INJURY,N/A,NOT DISTRACTED,MD,61B9B8C2-4835-4582-9EBC-6CD552D7EF30,FUNCTIONAL,TEN OCLOCK,PASSENGER CAR,STARTING FROM LANE,East,30,2007,TOYOTA
MCP2764002Y,230072566,Montgomery County Police,Injury Crash,12/19/2023 14:00,STRAIGHT MOVEMENT ANGLE,D70F3DF2-7681-4671-A20C-AA270962986E,No,POSSIBLE INJURY,N/A,NOT DISTRACTED,MD,67D05CDB-B552-4B1A-BF6B-E25AA6AE188A,DISABLING,TWELVE OCLOCK,PASSENGER CAR,MOVING CONSTANT SPEED,North,15,2016,TOYOTA
MCP3193004X,230065622,Montgomery County Police,Property Damage Crash,11/10/2023 15:05,STRAIGHT MOVEMENT ANGLE,FC42F94A-2797-414E-9B88-3B89D9C099F8,Unknown,NO APPARENT INJURY,"SLEET, HAIL, FREEZ. RAIN, WET",LOOKED BUT DID NOT SEE,MD,5ED8517A-65A0-46DB-8560-B27A899BCE69,DISABLING,FIVE OCLOCK,PASSENGER CAR,MOVING CONSTANT SPEED,North,25,2010,HOND
MCP33010020,230071831,Montgomery County Police,Property Damage Crash,12/15/2023 5:15,SAME DIR REAR END,ECCBD612-CD74-47C5-8444-7708842A4FD7,Yes,NO APPARENT INJURY,N/A,UNKNOWN,,566333A7-3880-4D80-86BD-857B5216AB92,DISABLING,TWELVE OCLOCK,PASSENGER CAR,UNKNOWN,South,25,2014,KIA
MCP3256002F,230053978,Montgomery County Police,Injury Crash,9/9/2023 15:00,SAME DIR REAR END,99FB9AB2-1C78-4E9C-B89C-3A69D918F0DA,Yes,NO APPARENT INJURY,"RAIN, SNOW, WET",LOOKED BUT DID NOT SEE,MD,0818681B-641F-452E-94E0-0BDED92BEFEC,SUPERFICIAL,TWELVE OCLOCK,PASSENGER CAR,SLOWING OR STOPPING,West,30,2020,NISSAN
MCP3368001B,230046392,Montgomery County Police,Property Damage Crash,7/26/2023 10:00,SAME DIRECTION SIDESWIPE,C86EE2F0-B0DF-47B8-961B-46D855AD395D,No,NO APPARENT INJURY,N/A,NOT DISTRACTED,MD,C257DFAF-7674-4597-A972-F7EA9412A6EF,SUPERFICIAL,FOUR OCLOCK,PASSENGER CAR,MOVING CONSTANT SPEED,South,40,2016,TOYOTA
MCP263900CT,210037389,Montgomery County Police,Injury Crash,9/22/2021 7:39,HEAD ON LEFT TURN,02D6D18E-01EA-4A20-A8A7-6A5E831FC8D9,Yes,POSSIBLE INJURY,"RAIN, SNOW, WET",LOOKED BUT DID NOT SEE,MD,CBE91CFE-D2EE-4C4C-893A-5D563ACB60D1,DISABLING,ONE OCLOCK,PASSENGER CAR,MAKING LEFT TURN,North,35,2016,TOYOTA
MCP23020009,230051616,Montgomery County Police,Property Damage Crash,8/27/2023 9:15,OTHER,943B90D5-13C7-4434-A0C8-04FCB537A3A9,Yes,NO APPARENT INJURY,N/A,DISTRACTED BY OUTSIDE PERSON OBJECT OR EVENT,MD,E6338653-6984-4BCF-9C21-E20298E6DD07,FUNCTIONAL,NINE OCLOCK,PASSENGER CAR,BACKING,West,0,2020,NISSAN
MCP2962007Z,230046192,Montgomery County Police,Injury Crash,7/26/2023 12:16,STRAIGHT MOVEMENT ANGLE,9C921083-11D3-43BF-ABD3-99CFBE20D40B,No,POSSIBLE INJURY,N/A,NOT DISTRACTED,MD,91F06C01-8395-4341-8AC6-4D595C8482B8,DISABLING,TWELVE OCLOCK,PASSENGER CAR,STARTING FROM LANE,South,35,2003,VOLKSWAGEN
MCP3016004T,230073429,Montgomery County Police,Property Damage Crash,12/24/2023 10:30,SAME DIR REAR END,5956CC57-FCE2-44F7-B905-239B3529F4AE,No,NO APPARENT INJURY,"RAIN, SNOW, WET",NOT DISTRACTED,MD,82B7255E-B603-4D6D-B5C3-29EF3BC521D8,DISABLING,SIX OCLOCK,PASSENGER CAR,STOPPED IN TRAFFIC LANE,South,50,2004,TOYOTA
MCP30800043,230070272,Montgomery County Police,Property Damage Crash,12/6/2023 18:32,SAME DIR REAR END,E2891460-0855-4833-96B5-CE5465720E68,No,NO APPARENT INJURY,N/A,NOT DISTRACTED,MD,720821EE-BC59-498B-B309-8D4AC0B92006,FUNCTIONAL,SIX OCLOCK,PASSENGER CAR,SLOWING OR STOPPING,North,40,2022,HYUN
MCP3263003R,230061862,Montgomery County Police,Property Damage Crash,10/21/2023 19:01,SAME DIR REAR END,7277F289-C5A9-42BE-980B-D99A6A2802C9,No,NO APPARENT INJURY,N/A,NOT DISTRACTED,MD,AE2F02B7-8532-4010-95EF-EAEA119B5167,SUPERFICIAL,SIX OCLOCK,PASSENGER CAR,STOPPED IN TRAFFIC LANE,East,35,2023,TOYOTA
MCP3352001C,230069660,Montgomery County Police,Property Damage Crash,12/3/2023 17:33,SAME DIR REAR END,D03209DD-60C0-4EAB-ADCA-00D837719A3F,No,NO APPARENT INJURY,"N/A, WET",NOT DISTRACTED,MD,C78259FB-060F-488E-A65D-D3DCA79173F0,FUNCTIONAL,SIX OCLOCK,PASSENGER CAR,MOVING CONSTANT SPEED,West,35,2016,MERCEDES
MCP2203007K,230060981,Montgomery County Police,Injury Crash,10/17/2023 6:25,ANGLE MEETS RIGHT TURN,84BBA0D7-C0BA-49C7-8712-2A9D9109121E,No,POSSIBLE INJURY,N/A,NOT DISTRACTED,MD,2E690F7A-1698-4166-BB8E-9152B1D31A61,DISABLING,ONE OCLOCK,MOTORCYCLE,MOVING CONSTANT SPEED,West,35,2001,SUSUKI
DD5652003W,230063735,Rockville Police Departme,Property Damage Crash,11/1/2023 7:59,SAME DIR REAR END,D59E0344-8BEB-482C-81E4-E1898C267648,Yes,NO APPARENT INJURY,N/A,NOT DISTRACTED,MD,5A6CDC8C-E382-437A-9EE2-1940FFDB4944,SUPERFICIAL,TWELVE OCLOCK,PASSENGER CAR,ACCELERATING,West,35,2006,TOYOTA
MCP3220004F,230067684,Montgomery County Police,Injury Crash,11/21/2023 17:50,SAME DIR REAR END,14FFC228-07D3-46FF-82B7-2F6808C4FED7,No,NO APPARENT INJURY,"N/A, WET",NOT DISTRACTED,MD,C5BFDDD5-5B52-4B2B-932D-4168CF784C99,SUPERFICIAL,SIX OCLOCK,PASSENGER CAR,ACCELERATING,West,25,2013,FORD
MCP31070026,230056431,Montgomery County Police,Property Damage Crash,9/23/2023 4:30,STRAIGHT MOVEMENT ANGLE,AB15D109-23F3-4641-B401-07E7673498FD,Yes,NO APPARENT INJURY,"RAIN, SNOW, WET",LOOKED BUT DID NOT SEE,NY,BE272AEB-A9E9-4553-8431-8D67C97387FB,DISABLING,TEN OCLOCK,VAN,MAKING LEFT TURN,East,25,2009,TOYOTA
DD56630007,230061584,Rockville Police Departme,Injury Crash,10/20/2023 10:28,OTHER,7AD9BB75-DE03-43B7-AA0E-5E732C18E123,No,SUSPECTED MINOR INJURY,N/A,NOT DISTRACTED,VA,ED94176F-0B3F-4BB1-A873-C9A531C47951,SUPERFICIAL,SEVEN OCLOCK,PASSENGER CAR,MOVING CONSTANT SPEED,East,25,2017,TOYT
MCP3361000Q,230035031,Montgomery County Police,Property Damage Crash,7/23/2023 9:33,SAME DIR REAR END,7BD6F6A5-3868-47B9-8DA9-132627C7D280,Yes,NO APPARENT INJURY,N/A,UNKNOWN,,3453FEB1-6D66-4F8B-BD16-0B437A3CCCEB,SUPERFICIAL,UNKNOWN,PASSENGER CAR,UNKNOWN,North,15,2002,TOYT
MCP3312003R,230046577,Montgomery County Police,Property Damage Crash,7/28/2023 7:50,SAME DIRECTION LEFT TURN,71D8B9AD-B934-4B03-8431-AD1CDDE1D534,No,NO APPARENT INJURY,N/A,NOT DISTRACTED,MD,625E082C-C3C3-4262-BD91-330157BB8C0C,SUPERFICIAL,ONE OCLOCK,PASSENGER CAR,MOVING CONSTANT SPEED,West,30,2016,HOND
MCP3337001V,230055912,Montgomery County Police,Injury Crash,9/20/2023 12:14,ANGLE MEETS RIGHT TURN,2EC6E2E1-ABB1-46EC-91C8-23481EA69432,No,POSSIBLE INJURY,N/A,NOT DISTRACTED,MD,53679D37-81B7-4BCA-8DE1-BF2CE26385CB,DISABLING,ELEVEN OCLOCK,PASSENGER CAR,MOVING CONSTANT SPEED,South,35,2008,TOYOTA
MCP2069000Y,230064294,Montgomery County Police,Property Damage Crash,11/3/2023 22:29,STRAIGHT MOVEMENT ANGLE,A48BE71B-90E2-4875-BC26-231351131385,No,NO APPARENT INJURY,N/A,NOT DISTRACTED,MD,D4271CE0-27DB-485D-AB82-4B34130AAEEB,FUNCTIONAL,TWELVE OCLOCK,(SPORT) UTILITY VEHICLE,MOVING CONSTANT SPEED,South,35,2019,DODG
MCP33280032,230072719,Montgomery County Police,Property Damage Crash,12/17/2023 0:15,OTHER,ABF16699-C32F-4CD0-B46D-B8510B442A03,Yes,NO APPARENT INJURY,N/A,UNKNOWN,MD,4ECC892A-4DD7-4346-8DCF-3FE2A6E815C8,FUNCTIONAL,TWELVE OCLOCK,PASSENGER CAR,MOVING CONSTANT SPEED,West,25,2020,TOYOTA
MCP3378000N,230054661,Montgomery County Police,Injury Crash,9/13/2023 16:40,SAME DIR REAR END,2F0B0403-4EDF-41EE-8AB3-208DDC911408,No,NO APPARENT INJURY,N/A,NOT DISTRACTED,MD,8C89CFFD-CDC4-462C-93E4-D62DA77E90E7,FUNCTIONAL,SIX OCLOCK,PASSENGER CAR,SLOWING OR STOPPING,South,45,2016,HOND
MCP32900028,230046638,Montgomery County Police,Property Damage Crash,7/28/2023 12:49,SAME DIRECTION SIDESWIPE,30DCD6C4-F41B-4A2E-94E4-90F028150FDF,No,NO APPARENT INJURY,N/A,UNKNOWN,MD,111E63C9-AB13-4717-8B0E-D57CE9AB8CFB,FUNCTIONAL,ONE OCLOCK,TRANSIT BUS,MOVING CONSTANT SPEED,North,35,2013,TBU
MCP28770040,170521080,Montgomery County Police,Property Damage Crash,7/26/2017 15:00,OTHER,7F47F668-D242-4509-B76B-D98F6B076B4B,Unknown,NO APPARENT INJURY,N/A,UNKNOWN,MD,CC7CEC3A-A312-4102-B2CE-40AE1D40D4CC,UNKNOWN,UNKNOWN,PASSENGER CAR,OTHER,Unknown,15,2007,HONDA
MCP2592003C,230063523,Montgomery County Police,Property Damage Crash,11/1/2023 7:26,STRAIGHT MOVEMENT ANGLE,0D80B8E2-DFDA-490B-A1F9-B41936C6BE04,No,NO APPARENT INJURY,N/A,NOT DISTRACTED,MD,8B7A9CFF-453E-4D80-865E-4CEE04BBC83C,SUPERFICIAL,TWELVE OCLOCK,"OTHER LIGHT TRUCKS (10,000LBS (4,536KG) OR LESS)",MOVING CONSTANT SPEED,North,30,2011,FRHT
DM85220015,230073912,Takoma Park Police Depart,Property Damage Crash,12/27/2023 20:50,OTHER,AAE0EA03-B119-4A93-8C72-011818644C3C,No,NO APPARENT INJURY,N/A,NOT DISTRACTED,VA,3C733EC5-171D-492D-92DD-8C3C71C1DA5D,FUNCTIONAL,TWELVE OCLOCK,PASSENGER CAR,PARKED,,30,2016,TOYT
MCP3063004K,230070316,Montgomery County Police,Injury Crash,12/7/2023 6:21,SAME DIR REAR END,F145E0A6-AF84-4574-8014-E1657A254993,Yes,NO APPARENT INJURY,N/A,OTHER DISTRACTION,MD,01A2BC9C-0002-45B6-9CF2-2B53EEC427FA,DISABLING,TWELVE OCLOCK,PASSENGER CAR,SLOWING OR STOPPING,South,35,2008,LEXS
MCP33500029,230070130,Montgomery County Police,Property Damage Crash,12/6/2023 7:18,SAME DIRECTION SIDESWIPE,A20F88C9-8634-4E5B-BBEA-1C3030F769CA,No,NO APPARENT INJURY,N/A,NOT DISTRACTED,MD,5B52277F-A742-4BE9-A7EF-2A2AA95211A5,FUNCTIONAL,ONE OCLOCK,STATION WAGON,MOVING CONSTANT SPEED,North,35,2011,FORD
MCP28000064,230074243,Montgomery County Police,Property Damage Crash,12/30/2023 3:47,SINGLE VEHICLE,BE0A1EE9-5296-46EE-902F-A42E6AEC059C,Yes,NO APPARENT INJURY,N/A,LOOKED BUT DID NOT SEE,MD,7D643EB1-259C-4E40-962B-28AC41F29BC9,FUNCTIONAL,TWELVE OCLOCK,PASSENGER CAR,MOVING CONSTANT SPEED,North,35,1999,JEEP
MCP263900G0,230046232,Montgomery County Police,Injury Crash,7/25/2023 12:51,HEAD ON LEFT TURN,362908C4-A038-4E19-A2D1-D75B67879DB6,No,NO APPARENT INJURY,"BACKUP DUE TO REGULAR CONGESTION, N/A",NOT DISTRACTED,MD,5E556391-B7C5-4111-BB45-40B32E68644A,FUNCTIONAL,ELEVEN OCLOCK,PASSENGER CAR,STOPPED IN TRAFFIC LANE,East,15,2011,FORD
MCP2752001H,16056944,Montgomery County Police,Injury Crash,11/4/2016 18:20,SAME DIR REAR END,9AF80F23-3984-4470-BB20-7B0AA67B5258,Yes,POSSIBLE INJURY,N/A,NOT DISTRACTED,MD,2CA6A406-F170-457E-A5C3-47458DC6611D,DISABLING,TWELVE OCLOCK,PASSENGER CAR,N/A,West,25,2013,TOYOTA
MCP291700CX,230071897,Montgomery County Police,Injury Crash,12/15/2023 13:15,SAME DIRECTION SIDESWIPE,B37EB780-8F46-41DF-B203-02153D029C7C,No,POSSIBLE INJURY,N/A,NOT DISTRACTED,MD,C0EE532E-687B-46F2-BF16-A7753540F3C3,FUNCTIONAL,SIX OCLOCK,PASSENGER CAR,STOPPED IN TRAFFIC LANE,South,35,2015,TOYOTA