Report Number,Local Case Number,Agency Name,ACRS Report Type,Crash Date/Time,Collision Type,Person ID,Driver At Fault,Injury Severity,Circumstance,Driver Distracted By,Drivers License State,Vehicle ID,Vehicle Damage Extent,Vehicle First Impact Location,Vehicle Body Type,Vehicle Movement,Vehicle Going Dir,Speed Limit,Vehicle Year,Vehicle Make
MCP3209004G,230065858,Montgomery County Police,Property Damage Crash,11/11/2023 23:12,OTHER,DE744519-E4F1-47DB-9C88-AADC59B60E5C,Yes,NO APPARENT INJURY,N/A,LOOKED BUT DID NOT SEE,MD,BE9270FC-B497-4CE7-AA2A-3BE132DFDB19,DISABLING,TEN OCLOCK,PASSENGER CAR,MOVING CONSTANT SPEED,North,45,2004,DODGE
MCP2948006C,230047713,Montgomery County Police,Injury Crash,8/3/2023 21:50,HEAD ON LEFT TURN,0C5CD650-32C2-418D-911E-27F366583E36,No,NO APPARENT INJURY,"RAIN, SNOW, WET",NOT DISTRACTED,VA,13087993-F7B1-470B-AE08-C94D65FA8A47,DISABLING,TWELVE OCLOCK,PASSENGER CAR,MOVING CONSTANT SPEED,East,35,2012,NISSAN
MCP2893001F,15042137,MONTGOMERY,Injury Crash,8/22/2015 19:49,HEAD ON LEFT TURN,FF35E4C5-3E2F-4960-A509-786A2353A002,Yes,NO APPARENT INJURY,N/A,LOOKED BUT DID NOT SEE,MD,A9FFA8C8-DD25-47A6-8E6E-52EC18E18104,FUNCTIONAL,ONE OCLOCK,PASSENGER CAR,MAKING LEFT TURN,South,40,2005,CHRYSLER
MCP3256002N,230071180,Montgomery County Police,Property Damage Crash,12/11/2023 20:52,SAME DIR REAR END,CBCD5F18-F2F6-44E5-BB8A-313CA066105A,No,NO APPARENT INJURY,N/A,NOT DISTRACTED,MD,945FC502-20BF-413D-A10B-C0925711448D,FUNCTIONAL,SIX OCLOCK,PASSENGER CAR,SLOWING OR STOPPING,South,55,2012,CHEVY
MCP2708008D,230050302,Montgomery County Police,Property Damage Crash,8/19/2023 21:54,STRAIGHT MOVEMENT ANGLE,F47C5CC8-AA26-40DD-B315-5F747F47E4F7,Yes,NO APPARENT INJURY,N/A,UNKNOWN,,1A66AC3C-ABAC-4613-A3AA-F69B1E20A32A,NO DAMAGE,THREE OCLOCK,"CARGO VAN/LIGHT TRUCK 2 AXLES (OVER 10,000LBS (4,536 KG))",ENTERING TRAFFIC LANE,East,35,2005,CHEVY
MCP913000GP,230054261,Montgomery County Police,Injury Crash,9/11/2023 14:49,SAME DIR REAR END,D049DBA2-6DEA-4FB2-8384-5C52D2A3B651,No,NO APPARENT INJURY,N/A,NOT DISTRACTED,MD,9B2D78A3-39EB-4D3A-9091-FF7257541B6C,DISABLING,SIX OCLOCK,(SPORT) UTILITY VEHICLE,STOPPED IN TRAFFIC LANE,South,40,2018,FORD
MCP26820050,230067040,Montgomery County Police,Property Damage Crash,11/18/2023 6:13,OTHER,AF05BD22-1002-4BA6-A9F8-251FCC7E43AD,Yes,NO APPARENT INJURY,N/A,UNKNOWN,,BEEA31C1-CCC6-4C79-B1F7-5DDC6762A4E0,UNKNOWN,UNKNOWN,,UNKNOWN,North,25,0,UNKNOWN
EJ786600CR,230061661,Gaithersburg Police Depar,Injury Crash,10/20/2023 16:00,HEAD ON LEFT TURN,BBE2BBCA-D498-4551-A19C-6A29E938E36D,Yes,NO APPARENT INJURY,"RAIN, SNOW, WET",UNKNOWN,MD,B4501335-64FF-4666-B121-9C28176B9DA7,FUNCTIONAL,THREE OCLOCK,PICKUP TRUCK,MAKING LEFT TURN,West,25,2000,CHEV
MCP2635008K,230063208,Montgomery County Police,Property Damage Crash,10/29/2023 13:10,SAME DIR REAR END,4AED4DCF-C9B4-42EB-BF44-7F29A115E4E1,Yes,NO APPARENT INJURY,N/A,UNKNOWN,MD,F93F61A2-AE38-43AE-89DB-BDB63A55E03C,DISABLING,TWELVE OCLOCK,PASSENGER CAR,MOVING CONSTANT SPEED,North,30,2022,HYUNDAI
MCP235300C9,230055890,Montgomery County Police,Property Damage Crash,9/20/2023 10:18,STRAIGHT MOVEMENT ANGLE,CC63BE77-6FA5-4E11-93E0-168F08FC2EDD,No,NO APPARENT INJURY,N/A,NOT DISTRACTED,MD,BDF6961A-260D-414E-8703-F47A0A5E7107,SUPERFICIAL,TWELVE OCLOCK,TRANSIT BUS,MOVING CONSTANT SPEED,West,30,2013,GILLIS
MCP30590036,180055271,Montgomery County Police,Property Damage Crash,11/4/2018 3:18,SAME DIR REAR END,FDF339D0-E366-463F-9A10-74DEF9D568B2,No,NO APPARENT INJURY,N/A,NOT DISTRACTED,MD,07D53F6A-0092-4DE6-98B8-D1472D90866A,FUNCTIONAL,SIX OCLOCK,(SPORT) UTILITY VEHICLE,STOPPED IN TRAFFIC LANE,South,35,2010,TOYOTA
MCP291400FD,230074078,Montgomery County Police,Injury Crash,12/28/2023 22:01,SAME DIR REAR END,EA86A7BF-75E4-47C1-A5F5-8F14660266E9,No,POSSIBLE INJURY,N/A,NOT DISTRACTED,MD,DA8A2032-B3B8-471A-BE39-88364D6622E6,FUNCTIONAL,SIX OCLOCK,PASSENGER CAR,STOPPED IN TRAFFIC LANE,North,40,2016,TOYOTA
MCP1563008P,230057068,Montgomery County Police,Injury Crash,9/27/2023 6:49,SAME DIR REAR END,996F2388-FB58-44A5-8EB7-E720E632B5ED,No,SUSPECTED MINOR INJURY,N/A,NOT DISTRACTED,MD,BA3A3087-6A59-4E68-9A1F-C1E30CB2C369,DISABLING,SIX OCLOCK,PASSENGER CAR,MOVING CONSTANT SPEED,South,30,2013,LEXS
MCP3008003W,230055324,Montgomery County Police,Injury Crash,9/17/2023 1:00,STRAIGHT MOVEMENT ANGLE,89031F90-DD3E-430F-9E57-0FE10D29FB8E,Unknown,POSSIBLE INJURY,N/A,LOOKED BUT DID NOT SEE,MD,27D10A69-E6B3-4762-A3E8-B4D3216BA743,DISABLING,THREE OCLOCK,(SPORT) UTILITY VEHICLE,MOVING CONSTANT SPEED,South,25,2016,BMW
DD56120040,230048700,Rockville Police Departme,Property Damage Crash,8/10/2023 8:43,STRAIGHT MOVEMENT ANGLE,972C36B4-CCF4-4538-B923-5B14D33FF8F1,No,NO APPARENT INJURY,N/A,NOT DISTRACTED,MD,B5646C29-C163-4EBD-8E49-7BC065B522B0,FUNCTIONAL,ELEVEN OCLOCK,PASSENGER CAR,STARTING FROM PARKED,East,0,2014,FORD
MCP3037005J,230066552,Montgomery County Police,Property Damage Crash,11/15/2023 17:56,SAME DIR REAR END,D0F2BC76-CBC8-48F8-88E1-B091B46EA7DC,No,NO APPARENT INJURY,N/A,NOT DISTRACTED,MD,F7E927F4-8C58-4901-A3AE-62904E171079,FUNCTIONAL,SIX OCLOCK,(SPORT) UTILITY VEHICLE,STOPPED IN TRAFFIC LANE,South,35,2017,ACURA
MCP209400MP,230059093,Montgomery County Police,Property Damage Crash,10/7/2023 9:56,SINGLE VEHICLE,082D345A-A637-4D69-9E1E-19A1D6428816,Yes,NO APPARENT INJURY,"RAIN, SNOW, WET",UNKNOWN,MD,CF338B66-4C96-4A1E-BFAB-A222C7E14DB0,DISABLING,TWELVE OCLOCK,(SPORT) UTILITY VEHICLE,ACCELERATING,West,40,1999,ISUZU
MCP2776004W,230060115,Montgomery County Police,Property Damage Crash,10/12/2023 15:58,SAME DIR REAR END,11E119A7-33E7-4E42-ACB5-F87C7BFA6A04,No,NO APPARENT INJURY,N/A,NOT DISTRACTED,MD,57A4A3BD-B34A-49D2-9C65-0147F6952CA8,FUNCTIONAL,SIX OCLOCK,PICKUP TRUCK,STOPPED IN TRAFFIC LANE,West,30,2019,TOYT
MCP3339002T,230061761,Montgomery County Police,Injury Crash,10/21/2023 6:17,SAME DIR REAR END,6C7AB1B6-27AB-4BE9-85AE-5A62B41FDD66,No,NO APPARENT INJURY,N/A,NOT DISTRACTED,MD,CADC8E87-A75F-4EE0-A4B4-0B3738D28E79,DISABLING,ELEVEN OCLOCK,(SPORT) UTILITY VEHICLE,MOVING CONSTANT SPEED,South,35,2013,HONDA
MCP28460094,230064972,Montgomery County Police,Injury Crash,11/7/2023 18:10,SINGLE VEHICLE,23D4CF00-D8CD-4291-B28E-17AFAC8C68EB,Yes,NO APPARENT INJURY,N/A,LOOKED BUT DID NOT SEE,DC,CE5767EF-E067-4C31-8917-FA2E9BA43025,SUPERFICIAL,TWELVE OCLOCK,PASSENGER CAR,MOVING CONSTANT SPEED,East,35,2022,TOYT
MCP2948006C,230047713,Montgomery County Police,Injury Crash,8/3/2023 21:50,HEAD ON LEFT TURN,7DDA3049-BDCF-4B7A-9B02-4FD4B6B895AC,Yes,NO APPARENT INJURY,"RAIN, SNOW, WET",UNKNOWN,MD,00888E8A-C6E3-4E62-BAA7-4627D099B6E5,DISABLING,ONE OCLOCK,PASSENGER CAR,MAKING LEFT TURN,West,35,2021,TOYOTA
MCP31290084,230063761,Montgomery County Police,Property Damage Crash,11/1/2023 10:03,SAME DIRECTION SIDESWIPE,9FBCDD30-42C6-4FF0-A5EC-4E62D5D9A6E9,Yes,NO APPARENT INJURY,N/A,LOOKED BUT DID NOT SEE,MD,433A98CE-32C5-450E-BA83-693EA5BD6C0B,SUPERFICIAL,TWO OCLOCK,PASSENGER CAR,ACCELERATING,South,30,2024,ACUR
MCP2385002X,230060599,Montgomery County Police,Property Damage Crash,10/15/2023 0:25,HEAD ON LEFT TURN,E1E18A85-8927-4705-A05B-904FEF48FEF4,No,NO APPARENT INJURY,"N/A, RAIN, SNOW",NOT DISTRACTED,NY,8E7A40E2-0045-42D3-AA63-E9EA1EF82B60,DISABLING,TWELVE OCLOCK,PASSENGER CAR,MOVING CONSTANT SPEED,West,40,2015,AUDI
MCP2286005M,230061286,Montgomery County Police,Injury Crash,10/18/2023 17:20,SAME DIR REAR END,D3E6F7C2-4E33-4090-905A-86923B0822E9,No,SUSPECTED MINOR INJURY,N/A,NOT DISTRACTED,VA,81FBCC08-9625-47A3-A575-9B683A832C08,DESTROYED,SIX OCLOCK,PASSENGER CAR,STOPPED IN TRAFFIC LANE,North,40,2014,HONDA
MCP3280004D,230071412,Montgomery County Police,Injury Crash,12/13/2023 7:00,SAME DIR REAR END,009A17A3-22D8-4144-B521-187F9A5C4DDA,Yes,NO APPARENT INJURY,N/A,OTHER DISTRACTION,MD,44964205-C684-4C5C-B445-4FA7E8A79D96,DESTROYED,TWELVE OCLOCK,VAN,MOVING CONSTANT SPEED,South,40,2016,NISSAN
DM8504001K,230073211,Takoma Park Police Depart,Property Damage Crash,12/22/2023 19:00,SAME DIRECTION SIDESWIPE,96FAA20B-37E8-47B5-8590-B61C57C78168,Yes,NO APPARENT INJURY,N/A,UNKNOWN,MD,C652C211-6109-4524-96F0-2252C67BEA29,SUPERFICIAL,TWO OCLOCK,PASSENGER CAR,MOVING CONSTANT SPEED,South,25,2010,TOYOTA
MCP29660070,230071937,Montgomery County Police,Injury Crash,12/15/2023 15:50,HEAD ON,57A2419A-72B5-4A1A-802E-D0D6A2C08CF0,Yes,NO APPARENT INJURY,N/A,NOT DISTRACTED,MD,70EC33C5-36EE-4F27-BBAB-0D2E33C5C601,DISABLING,TWELVE OCLOCK,PASSENGER CAR,MOVING CONSTANT SPEED,South,35,2015,TOYOTA
MCP2800005Z,230053911,Montgomery County Police,Property Damage Crash,9/9/2023 2:42,SINGLE VEHICLE,CB89EE14-2DF1-4E72-B5E5-AFE18190B87D,Yes,NO APPARENT INJURY,"RAIN, SNOW, WET",UNKNOWN,,086F2097-C1BE-478A-9364-9A6A7DA41332,FUNCTIONAL,TWELVE OCLOCK,PASSENGER CAR,MOVING CONSTANT SPEED,East,35,2017,HYUN
MCP31090080,230023258,Montgomery County Police,Property Damage Crash,5/15/2023 12:40,SAME DIR REND RIGHT TURN,23070437-2351-40DB-A4C1-20DC88972394,Yes,NO APPARENT INJURY,N/A,LOOKED BUT DID NOT SEE,MD,4D70FE7B-7591-4828-B642-0CDE178E2348,SUPERFICIAL,SEVEN OCLOCK,PASSENGER CAR,BACKING,West,25,2022,MERZ
MCP3208004V,230064794,Montgomery County Police,Property Damage Crash,11/6/2023 2:45,SAME DIR REAR END,19981684-08ED-45C5-99C8-7E16F1FC1DD0,No,NO APPARENT INJURY,N/A,NOT DISTRACTED,MD,3B8BC6F7-26BA-450F-81F2-31D23D41FB40,SUPERFICIAL,SIX OCLOCK,PASSENGER CAR,PARKED,,30,2010,INFINITI
MCP3084006Z,230067689,Montgomery County Police,Property Damage Crash,11/21/2023 18:23,SAME DIR BOTH LEFT TURN,63032764-53B0-4EFC-AA74-DFE4B6E7992D,Yes,NO APPARENT INJURY,"N/A, RAIN, SNOW",LOOKED BUT DID NOT SEE,MD,F278ED2F-4254-407D-BF29-E7EFCFC4F496,SUPERFICIAL,ONE OCLOCK,TRANSIT BUS,MAKING LEFT TURN,West,30,2013,OTHR
MCP2686006P,230058370,Montgomery County Police,Property Damage Crash,10/3/2023 19:44,SAME DIR REAR END,4CCEC333-2D54-4E02-A2FF-18C116031FF4,Yes,NO APPARENT INJURY,N/A,UNKNOWN,MD,D16F40BC-334C-4EE6-B74B-6CAD90C27925,DISABLING,TWELVE OCLOCK,(SPORT) UTILITY VEHICLE,MOVING CONSTANT SPEED,South,40,2013,LNDR
MCP2552006B,230047506,Montgomery County Police,Injury Crash,8/2/2023 18:27,HEAD ON LEFT TURN,08A79FBD-D44D-4FCF-945F-3EBD273DFD28,No,POSSIBLE INJURY,N/A,NOT DISTRACTED,MD,EC0AB1BD-1CF0-40D0-A056-D1796B0BE8D2,DISABLING,TWELVE OCLOCK,PASSENGER CAR,MOVING CONSTANT SPEED,South,35,2017,LEXUS
MCP1099000N,16007442,Montgomery County Police,Property Damage Crash,2/13/2016 13:50,SAME DIR REAR END,AD25DEDB-2699-488E-9775-6104FCCC5C99,Yes,NO APPARENT INJURY,N/A,NOT DISTRACTED,MA,0B9CB1F3-7229-401B-ACE8-5A647F2098C8,SUPERFICIAL,ONE OCLOCK,PASSENGER CAR,MOVING CONSTANT SPEED,West,35,2005,MAZDA
DD5665001Q,230065045,Rockville Police Departme,Property Damage Crash,11/8/2023 7:20,STRAIGHT MOVEMENT ANGLE,BFE12310-6156-44FF-89A2-D0AB2DBD296A,Yes,NO APPARENT INJURY,N/A,NOT DISTRACTED,MD,E5093034-8060-4DB1-8D31-96D470445325,DISABLING,ONE OCLOCK,PASSENGER CAR,MOVING CONSTANT SPEED,West,25,2010,TOYT
MCP102200HF,230057088,Montgomery County Police,Property Damage Crash,9/27/2023 8:58,HEAD ON LEFT TURN,1C4A4ECF-C8FE-4E78-ACEC-85BE9E780FE6,Yes,NO APPARENT INJURY,N/A,NOT DISTRACTED,MD,94A2DCD1-A09B-4C20-B083-4823E42856B1,SUPERFICIAL,TWELVE OCLOCK,PASSENGER CAR,STARTING FROM LANE,South,40,2023,VOLKSWAGEN
MCP30370059,230052079,Montgomery County Police,Injury Crash,8/29/2023 20:09,HEAD ON LEFT TURN,ED485BBA-97D2-4937-81B6-5C7220D55DDB,Yes,SUSPECTED MINOR INJURY,N/A,LOOKED BUT DID NOT SEE,MD,1E0519F1-6EEF-441A-B1B2-2EFB69610704,DISABLING,TWELVE OCLOCK,(SPORT) UTILITY VEHICLE,MAKING LEFT TURN,North,35,2020,NISSAN
MCP3051006Y,230051531,Montgomery County Police,Property Damage Crash,8/26/2023 18:35,SINGLE VEHICLE,2C5561F6-BBFD-4AFD-AF40-DA29507C731C,Yes,NO APPARENT INJURY,N/A,UNKNOWN,MD,C79E36B1-24B9-405D-8A8C-C477B9DE7E57,DISABLING,TWELVE OCLOCK,PASSENGER CAR,MOVING CONSTANT SPEED,South,55,2005,CHEVROLET
MCP32800049,230069257,Montgomery County Police,Injury Crash,12/1/2023 9:30,ANGLE MEETS RIGHT TURN,32D9A8F0-6F64-4F00-BEEE-9D4460366E01,Yes,SUSPECTED MINOR INJURY,N/A,NOT DISTRACTED,MD,F8A769A7-7965-40F2-A71A-62A3B3B7D537,DISABLING,TEN OCLOCK,PICKUP TRUCK,MAKING RIGHT TURN,East,30,2022,RAM
MCP3277003B,230059315,Montgomery County Police,Property Damage Crash,10/8/2023 15:25,OTHER,F5E277DB-7B3A-424B-A70D-50562B1A7244,Yes,NO APPARENT INJURY,N/A,UNKNOWN,MD,2FAA58A8-6540-41CD-8DCC-796C129F9D88,SUPERFICIAL,EIGHT OCLOCK,PASSENGER CAR,BACKING,Unknown,10,2012,TOYOTA
MCP137800V9,200044248,Montgomery County Police,Injury Crash,11/9/2020 15:07,SAME DIR REAR END,56384BA9-C15B-4539-8610-D302A344BC56,No,POSSIBLE INJURY,N/A,NOT DISTRACTED,MD,51AFC270-9957-4FAE-ACF4-1D66DA45CA2E,SUPERFICIAL,SIX OCLOCK,PICKUP TRUCK,STOPPED IN TRAFFIC LANE,South,30,2008,DODG
MCP3267001S,230034991,Montgomery County Police,Injury Crash,7/23/2023 1:10,STRAIGHT MOVEMENT ANGLE,721887D1-FCAA-440B-9A86-372E3DE17461,Yes,SUSPECTED MINOR INJURY,N/A,NOT DISTRACTED,MD,BD01B04E-6249-4DD6-A7E3-8652EE97409A,DISABLING,TWELVE OCLOCK,PASSENGER CAR,MOVING CONSTANT SPEED,North,35,2011,MAZDA
MCP31380066,230072622,Montgomery County Police,Injury Crash,12/19/2023 17:23,SAME DIR REAR END,D38FDCF5-ABC5-45CD-A6E5-03505AC0D671,Yes,POSSIBLE INJURY,N/A,LOOKED BUT DID NOT SEE,MD,5A112AC9-F10E-4BFE-80DE-4225C5BE4A51,DISABLING,TWELVE OCLOCK,PASSENGER CAR,SLOWING OR STOPPING,South,30,2010,NISSAN
MCP2440001G,230053760,Montgomery County Police,Injury Crash,9/8/2023 9:40,SAME DIR REAR END,8FB0CED5-CC8B-4236-B991-1091FA7EFFDC,No,POSSIBLE INJURY,N/A,NOT DISTRACTED,MD,DF3BB114-ED2A-4672-BFF6-4E4D4B72570C,DISABLING,SIX OCLOCK,"CARGO VAN/LIGHT TRUCK 2 AXLES (OVER 10,000LBS (4,536 KG))",STOPPED IN TRAFFIC LANE,East,35,2015,NISSAN
EJ7826001R,17013672,Gaithersburg Police Depar,Property Damage Crash,3/17/2017 8:40,OTHER,93BEA1F0-B57A-44A0-825B-DACB4E706CD1,Yes,NO APPARENT INJURY,N/A,LOOKED BUT DID NOT SEE,MD,65BD3629-D3BE-437E-B4D3-B0C4E410CF23,FUNCTIONAL,ONE OCLOCK,PASSENGER CAR,PARKING,South,15,2009,GMC
EJ78950046,230048513,Gaithersburg Police Depar,Property Damage Crash,8/9/2023 9:00,SAME DIRECTION RIGHT TURN,620DDAFF-DEC1-4F99-963C-02BE9B1558C9,Yes,NO APPARENT INJURY,N/A,NOT DISTRACTED,XX,B90303F4-4356-41DB-B56D-C24A18A88642,SUPERFICIAL,TWO OCLOCK,(SPORT) UTILITY VEHICLE,PASSING,West,30,2022,TOYOTA
EJ7898001T,230068177,Gaithersburg Police Depar,Injury Crash,11/25/2023 11:40,SAME DIR REAR END,4AAEFBE2-8B51-4219-B6E3-528D9B7C1051,No,POSSIBLE INJURY,N/A,NOT DISTRACTED,MD,100D9529-ACEE-483E-BDB1-312B2AFA4B27,SUPERFICIAL,ELEVEN OCLOCK,OTHER,MAKING LEFT TURN,South,15,2023,GATOR
MCP2116001W,15021032,Montgomery County Police,Property Damage Crash,5/4/2015 7:30,SAME DIR REAR END,BF545D70-0BF8-4450-B0FC-2570EFDD86D2,No,NO APPARENT INJURY,N/A,NOT DISTRACTED,MD,1C311047-E0E7-48F2-828D-5584881569D6,SUPERFICIAL,SIX OCLOCK,PASSENGER CAR,PARKED,,35,2009,BMW
MCP3038006N,230067687,Montgomery County Police,Property Damage Crash,11/21/2023 17:37,OTHER,96ADB6E7-8830-40E1-977A-E91374FCDEEB,Yes,NO APPARENT INJURY,N/A,LOOKED BUT DID NOT SEE,MD,8933FA73-324B-4C26-A48A-92E1CBC61B7F,SUPERFICIAL,FOUR OCLOCK,CROSS COUNTRY BUS,PARKING,West,15,2010,MCI
MCP3356000S,230059362,Montgomery County Police,Injury Crash,10/8/2023 20:34,SINGLE VEHICLE,1626D4B5-1BBE-4E67-B37D-20FABFDB97EB,Yes,SUSPECTED MINOR INJURY,N/A,UNKNOWN,MD,5932B773-3DF9-4385-A4D4-5D5F5B61034A,DISABLING,ONE OCLOCK,PASSENGER CAR,MOVING CONSTANT SPEED,North,45,2023,CHEVROLET
MCP24870039,230054462,Montgomery County Police,Injury Crash,9/12/2023 13:50,HEAD ON LEFT TURN,E085E38F-EB14-4ECA-ABEF-00E1619D928E,No,SUSPECTED MINOR INJURY,N/A,NOT DISTRACTED,MD,E1641CD2-3849-492E-9B55-087D8A97C8C5,FUNCTIONAL,TWELVE OCLOCK,PASSENGER CAR,MOVING CONSTANT SPEED,East,50,2019,HYN
MCP22910070,230054647,Montgomery County Police,Property Damage Crash,9/13/2023 15:50,STRAIGHT MOVEMENT ANGLE,972C04C8-3E62-49CB-B258-E65DCCBC2471,Yes,NO APPARENT INJURY,N/A,NOT DISTRACTED,MD,3923ED65-E334-4473-9E16-4F3AE8EF2C47,DISABLING,TWELVE OCLOCK,PASSENGER CAR,ACCELERATING,West,30,2007,BMW
MCP26410037,230047568,Montgomery County Police,Property Damage Crash,8/3/2023 6:55,SINGLE VEHICLE,53656732-93DE-4420-871B-DE18D86B6320,Yes,NO APPARENT INJURY,N/A,UNKNOWN,MD,939BA56E-01D7-4F2F-B256-CFC3AAB3E3F2,DESTROYED,TWELVE OCLOCK,PICKUP TRUCK,MOVING CONSTANT SPEED,West,35,2001,FORD
MCP32140026,230057376,Montgomery County Police,Injury Crash,9/28/2023 19:32,SINGLE VEHICLE,28136DC5-4722-4C02-8BED-BCC2160306C2,Yes,POSSIBLE INJURY,N/A,NOT DISTRACTED,VA,4BB60A9A-68D1-4A39-AAD6-759248C9AE80,DISABLING,TWELVE OCLOCK,PICKUP TRUCK,MOVING CONSTANT SPEED,West,30,2015,NISSAN
MCP29870084,230065947,Montgomery County Police,Property Damage Crash,11/12/2023 15:03,SAME DIR REAR END,B552B5B2-286D-4128-A003-93BA341BC669,Yes,NO APPARENT INJURY,N/A,INATTENTIVE OR LOST IN THOUGHT,MD,D644A823-5D85-4DCE-85D1-4BBF02735F8C,DESTROYED,TWELVE OCLOCK,PASSENGER CAR,MOVING CONSTANT SPEED,North,50,2005,TOYOTA
MCP27220051,230071931,Montgomery County Police,Property Damage Crash,12/15/2023 15:55,SAME DIRECTION SIDESWIPE,9411E8F2-09F1-4BE3-B90A-6EB8AC5BA7D7,Yes,NO APPARENT INJURY,N/A,NOT DISTRACTED,DC,5BA1347A-ED2C-44DF-8AFF-FF7BADFC9DA2,DISABLING,ELEVEN OCLOCK,PASSENGER CAR,MAKING RIGHT TURN,South,15,2014,HONDA
MCP2861005Z,230034963,Montgomery County Police,Injury Crash,7/22/2023 18:58,SINGLE VEHICLE,479C9725-0B68-4459-AF6B-D98156E58298,Yes,NO APPARENT INJURY,N/A,NOT DISTRACTED,MD,A4865501-90DF-44AA-8731-C68B255EC0BD,NO DAMAGE,FOUR OCLOCK,PASSENGER CAR,ACCELERATING,North,25,2022,VOLVO
MCP3238002R,230055381,Montgomery County Police,Injury Crash,9/17/2023 13:42,HEAD ON LEFT TURN,E72722A7-F8A9-44D2-9AC0-EFF2054D8009,Yes,NO APPARENT INJURY,N/A,NOT DISTRACTED,MD,136FCA55-E0B6-4572-A6DE-66C5B05A8241,DISABLING,TWELVE OCLOCK,PASSENGER CAR,MOVING CONSTANT SPEED,South,35,2004,CHEV
MCP9429000F,230063656,Montgomery County Police,Property Damage Crash,10/31/2023 17:33,OTHER,8A062EAA-CFC8-4A92-8215-02445E9AA789,No,NO APPARENT INJURY,N/A,NOT DISTRACTED,MD,9F5BD372-ECF7-4F41-BDC9-E01767E9FD33,SUPERFICIAL,TEN OCLOCK,VAN,MOVING CONSTANT SPEED,North,25,1992,GM
MCP3200008Y,230048950,Montgomery County Police,Injury Crash,8/11/2023 13:10,OTHER,365E78CF-7C4E-4EDF-A8E6-9FAEEC5843F4,Unknown,NO APPARENT INJURY,N/A,UNKNOWN,,B4E83DE9-C59D-4814-8847-CDDE4DAF28DA,UNKNOWN,UNKNOWN,,UNKNOWN,Unknown,5,0,UNKNOWN
MCP271700Y9,230068779,Montgomery County Police,Injury Crash,11/28/2023 17:30,OTHER,42CFA032-7964-4BB0-850E-9998A3072C3B,No,NO APPARENT INJURY,N/A,NOT DISTRACTED,MD,763F6CA4-1BE0-4815-AA0C-D8643B85CD60,DISABLING,TWELVE OCLOCK,(SPORT) UTILITY VEHICLE,STOPPED IN TRAFFIC LANE,South,35,2010,HONDA
MCP2347004K,230071049,Montgomery County Police,Injury Crash,12/11/2023 10:07,SAME DIR REAR END,ABA15930-AD9E-49C5-9EEB-A9AB3FBA99EB,Yes,NO APPARENT INJURY,"RAIN, SNOW, WET",NOT DISTRACTED,MD,71C34DB9-884F-4F65-AECC-9C49B836E4D4,NO DAMAGE,TWELVE OCLOCK,PASSENGER CAR,SLOWING OR STOPPING,South,35,2008,KIA
MCP3294001N,230051518,Montgomery County Police,Injury Crash,8/26/2023 17:00,HEAD ON LEFT TURN,2BF0AD87-6A53-4CE7-9762-D429EB8E8F0B,No,POSSIBLE INJURY,N/A,NOT DISTRACTED,MD,E0EF38A3-EA17-4DA2-9468-7DBB58BBCD0F,DISABLING,TWELVE OCLOCK,POLICE VEHICLE/EMERGENCY,MOVING CONSTANT SPEED,North,35,2022,ACUR
MCP3313001N,230062997,Montgomery County Police,Injury Crash,10/28/2023 2:18,STRAIGHT MOVEMENT ANGLE,B609030E-1317-4D77-837C-E2122C8F5714,No,POSSIBLE INJURY,N/A,NOT DISTRACTED,MD,CAC49851-EFCA-4F46-813C-098E7DEF4C5F,DESTROYED,THREE OCLOCK,PASSENGER CAR,MOVING CONSTANT SPEED,West,35,2014,FORD
MCP25070022,230056391,Montgomery County Police,Property Damage Crash,9/22/2023 20:37,OTHER,9B0377EC-05E5-40D3-AF8C-187F4F643949,No,NO APPARENT INJURY,N/A,NOT DISTRACTED,MD,7864ED70-0B80-4B9F-9109-A7A887199AB9,FUNCTIONAL,SEVEN OCLOCK,(SPORT) UTILITY VEHICLE,MAKING U TURN,East,40,2020,LANDROVER
MCP285900F7,230067611,Montgomery County Police,Injury Crash,11/21/2023 12:50,STRAIGHT MOVEMENT ANGLE,1149ACCE-3E54-48A0-992A-ADDA1982AC27,No,POSSIBLE INJURY,"N/A, RAIN, SNOW",NOT DISTRACTED,MD,7137290C-505F-453E-8AC3-02DD4D9E1935,DESTROYED,TWELVE OCLOCK,PASSENGER CAR,MAKING LEFT TURN,North,30,2019,JEEP
MCP3161005R,230058120,Montgomery County Police,Property Damage Crash,10/2/2023 16:20,SAME DIR REAR END,20044C09-004B-42DF-B655-9FD76DF98EF9,Yes,NO APPARENT INJURY,N/A,UNKNOWN,MD,211F35AF-8F6F-40D8-9E0D-24C2815A5459,DISABLING,TWELVE OCLOCK,PASSENGER CAR,MOVING CONSTANT SPEED,West,25,2010,TOYT