Report Number,Local Case Number,Agency Name,ACRS Report Type,Crash Date/Time,Collision Type,Person ID,Driver At Fault,Injury Severity,Circumstance,Driver Distracted By,Drivers License State,Vehicle ID,Vehicle Damage Extent,Vehicle First Impact Location,Vehicle Body Type,Vehicle Movement,Vehicle Going Dir,Speed Limit,Vehicle Year,Vehicle Make
MCP3258003M,230070784,Montgomery County Police,Property Damage Crash,12/9/2023 15:07,SAME DIR REND LEFT TURN,6210012C-5CD4-461F-B5B9-BDD2F616364B,No,NO APPARENT INJURY,N/A,NOT DISTRACTED,US,312E7BCB-6ACA-428D-9A91-AFC68C87D484,SUPERFICIAL,EIGHT OCLOCK,PASSENGER CAR,OTHER,North,5,2016,MAZDA
MCP3016004Q,230071722,Montgomery County Police,Property Damage Crash,12/14/2023 14:15,STRAIGHT MOVEMENT ANGLE,86AB8083-EBDF-4BF1-8EA0-5EA2DC04C6E8,No,NO APPARENT INJURY,N/A,NOT DISTRACTED,MD,89573FF1-387B-41BF-84F4-B1DCBE05EBF5,DISABLING,TWELVE OCLOCK,PASSENGER CAR,MOVING CONSTANT SPEED,East,35,1997,GMC
MCP2641003G,230064889,Montgomery County Police,Injury Crash,11/7/2023 12:30,SAME DIR REAR END,A567FD8D-1300-4025-939D-3EF1FD460E9A,Yes,NO APPARENT INJURY,N/A,NOT DISTRACTED,MD,3BFCC72D-1923-463C-BBB8-B8B623A0624E,FUNCTIONAL,TWELVE OCLOCK,PASSENGER CAR,SLOWING OR STOPPING,South,35,2021,BMW
MCP2965007P,230062830,Montgomery County Police,Property Damage Crash,10/27/2023 9:00,SAME DIR REND RIGHT TURN,F7C37F6F-D20E-414F-A4D9-AD33C79393FA,No,NO APPARENT INJURY,N/A,NOT DISTRACTED,MD,92A94FC4-5188-4D52-A70C-1370B197310C,FUNCTIONAL,SIX OCLOCK,PASSENGER CAR,STOPPED IN TRAFFIC LANE,East,35,2021,TOYT
MCP29660071,230071958,Montgomery County Police,Property Damage Crash,12/15/2023 17:40,SAME DIR REAR END,FEA526A1-1C5A-4C3C-98D5-F79A393B430B,No,NO APPARENT INJURY,N/A,NOT DISTRACTED,MD,CA8D4557-5568-4FEE-B925-CCC3C2E83E1D,FUNCTIONAL,SIX OCLOCK,PASSENGER CAR,SLOWING OR STOPPING,West,45,2021,TOYT
MCP3280003Z,230054376,Montgomery County Police,Injury Crash,9/12/2023 7:50,HEAD ON LEFT TURN,BB3FC8E3-837C-4371-8E2D-04CE3C3C45B6,No,SUSPECTED MINOR INJURY,N/A,NOT DISTRACTED,MD,B41D94D0-3952-44CE-9D13-A093DB267E93,DISABLING,NINE OCLOCK,PASSENGER CAR,MOVING CONSTANT SPEED,West,35,2018,HONDA
MCP3348001Z,230073772,Montgomery County Police,Property Damage Crash,12/27/2023 5:51,SINGLE VEHICLE,E9D92FF4-E19B-4770-9ACF-134D367387C0,Unknown,NO APPARENT INJURY,"RAIN, SNOW, WET",NOT DISTRACTED,MD,5811ABDB-1100-4765-ABE1-6841DBC4D050,DISABLING,ELEVEN OCLOCK,PASSENGER CAR,MOVING CONSTANT SPEED,East,45,2013,HONDA
MCP2082002V,230053731,Montgomery County Police,Injury Crash,9/8/2023 0:15,SINGLE VEHICLE,D2E2ACB7-B3D7-48FA-B786-9CD006DAA740,Yes,SUSPECTED MINOR INJURY,N/A,NOT DISTRACTED,MD,44E0758D-13B2-4D3F-B381-7520FE7236D3,DESTROYED,TWELVE OCLOCK,PASSENGER CAR,MOVING CONSTANT SPEED,North,25,1997,FORD
MCP3284001Q,230067034,Montgomery County Police,Property Damage Crash,11/18/2023 3:26,SAME DIRECTION SIDESWIPE,D3E9B6B1-A70D-4194-AF89-0672D20F3C6D,Yes,NO APPARENT INJURY,"N/A, WET",INATTENTIVE OR LOST IN THOUGHT,MD,053AB5E2-DE84-465E-83A0-E0BB85DE4D87,DISABLING,ONE OCLOCK,PASSENGER CAR,MOVING CONSTANT SPEED,North,25,2007,TOYOTA
MCP2850002M,230055453,Montgomery County Police,Property Damage Crash,9/18/2023 5:38,SINGLE VEHICLE,CFF2A655-27CF-4DD5-8E85-779DC5F67A4C,Unknown,NO APPARENT INJURY,"N/A, WET",NOT DISTRACTED,MD,40A21ECC-1187-4834-A698-5A58C830CC66,DISABLING,ONE OCLOCK,PASSENGER CAR,SLOWING OR STOPPING,North,35,2022,CHEV
MCP26870045,230060456,Montgomery County Police,Injury Crash,10/14/2023 10:01,STRAIGHT MOVEMENT ANGLE,B8F1D001-7FC7-4B8B-BB08-5B7822E83643,Yes,NO APPARENT INJURY,"N/A, WET",LOOKED BUT DID NOT SEE,MD,E2AB6F61-923B-49C5-886E-482477E6F7C3,DISABLING,EIGHT OCLOCK,PASSENGER CAR,ACCELERATING,East,25,2023,LEXUS
MCP2380000F,230068331,Montgomery County Police,Property Damage Crash,11/26/2023 11:40,OTHER,5EC7E663-4BC9-4B77-AD0F-11CCC2020298,Yes,NO APPARENT INJURY,N/A,UNKNOWN,,524337F1-E481-4F00-80B6-3BD2E65FC213,UNKNOWN,SIX OCLOCK,PASSENGER CAR,BACKING,Unknown,10,2016,TOYOTA
MCP2835003B,230073403,Montgomery County Police,Property Damage Crash,12/23/2023 23:27,SAME DIRECTION SIDESWIPE,0D44E716-7C61-4CA3-9263-847F18EC30FD,Yes,NO APPARENT INJURY,N/A,NOT DISTRACTED,MD,293C214B-5A74-4465-B798-267532144073,SUPERFICIAL,FOUR OCLOCK,PASSENGER CAR,MAKING LEFT TURN,West,30,2012,NWFL
MCP32330047,230048434,Montgomery County Police,Injury Crash,8/8/2023 17:07,SINGLE VEHICLE,5C58E509-3682-483A-96EB-7A5E3480DAD0,No,NO APPARENT INJURY,N/A,NOT DISTRACTED,MD,EA05C358-A0B2-4E46-8A6A-427A86460932,DESTROYED,TWELVE OCLOCK,PASSENGER CAR,MOVING CONSTANT SPEED,South,35,2006,FORD
MCP3180003N,230049652,Montgomery County Police,Property Damage Crash,8/15/2023 20:25,HEAD ON LEFT TURN,52986862-12D2-42E6-B13A-53C1DCC01EDE,Yes,NO APPARENT INJURY,"N/A, WET",LOOKED BUT DID NOT SEE,MD,FA76D56E-5658-4D96-8E0F-2ED2111FC669,DISABLING,ONE OCLOCK,PASSENGER CAR,MAKING LEFT TURN,South,35,2018,CHEVY
MCP2937002N,180042961,Montgomery County Police,Property Damage Crash,8/28/2018 22:30,SAME DIR REAR END,4D702F29-FCFF-420B-AA5C-47035BA6E014,No,NO APPARENT INJURY,N/A,NOT DISTRACTED,MD,79350D5E-99D2-43AD-B41F-B588E0F57FAD,FUNCTIONAL,SIX OCLOCK,PASSENGER CAR,STOPPED IN TRAFFIC LANE,North,25,2018,NISSAN
MCP33680019,230046353,Montgomery County Police,Injury Crash,7/25/2023 10:00,HEAD ON LEFT TURN,CD7A33EA-F5DF-4EE2-BF49-C437B365DBAB,No,NO APPARENT INJURY,N/A,NOT DISTRACTED,MD,0BCD659A-FECB-4F46-8AE9-C3CA6DA1B610,DISABLING,TWELVE OCLOCK,PASSENGER CAR,MOVING CONSTANT SPEED,South,35,2020,PORSCHE
MCP3039002P,180032500,Montgomery County Police,Injury Crash,7/1/2018 22:41,SAME DIR REAR END,36412FE1-B109-415D-A1F2-86CAA6CC8B91,Yes,SUSPECTED MINOR INJURY,N/A,INATTENTIVE OR LOST IN THOUGHT,MD,7016DF56-51A6-432E-B4D1-7108A54DDF67,DISABLING,TWELVE OCLOCK,PASSENGER CAR,MOVING CONSTANT SPEED,North,40,1998,HONDA
MCP2687003Z,230030943,Montgomery County Police,Property Damage Crash,6/8/2023 20:00,SAME DIRECTION SIDESWIPE,28B36980-1167-41E0-A25E-2B8090D5660B,No,NO APPARENT INJURY,N/A,NO DRIVER PRESENT,MD,3C39EED3-FC9A-4EEB-A3DF-139F643B924B,SUPERFICIAL,EIGHT OCLOCK,PASSENGER CAR,PARKED,,15,2015,VOLK
MCP3262003Q,230070953,Montgomery County Police,Injury Crash,12/10/2023 16:25,SAME DIR REAR END,4EB9D752-79A7-4C54-89C4-413CF5D7C42E,Yes,POSSIBLE INJURY,"N/A, WET",OTHER DISTRACTION,MD,5B40BF80-6053-4D81-B88B-77AB11C49AE1,DISABLING,TWELVE OCLOCK,PASSENGER CAR,SLOWING OR STOPPING,South,45,2007,CHRY
MCP2932006K,230056413,Montgomery County Police,Property Damage Crash,9/23/2023 0:27,STRAIGHT MOVEMENT ANGLE,59EDCDDF-3C09-414C-B192-3D8B5F817E57,No,NO APPARENT INJURY,"RAIN, SNOW, WET",UNKNOWN,,117FDBBE-E3D2-4428-85BE-53B9D40AE4F8,FUNCTIONAL,NINE OCLOCK,,MOVING CONSTANT SPEED,East,35,0,UNKNOWN
MCP2187001R,230063369,Montgomery County Police,Injury Crash,10/30/2023 11:45,STRAIGHT MOVEMENT ANGLE,308835D3-2062-49E0-A855-BCDE598B2602,No,POSSIBLE INJURY,N/A,NOT DISTRACTED,MD,B35867E2-09EC-4785-87F0-6D6BFDEFAF5D,DISABLING,TWELVE OCLOCK,PASSENGER CAR,MOVING CONSTANT SPEED,North,35,2007,HOND
MCP3161005M,230050157,Montgomery County Police,Injury Crash,8/18/2023 18:30,SAME DIR REAR END,31955BF5-80FE-47A1-9900-A7AE05EB6DBC,No,POSSIBLE INJURY,N/A,NOT DISTRACTED,MD,E8EBDBE5-1DA0-42CF-8FCD-2749859CAEEF,FUNCTIONAL,SIX OCLOCK,PASSENGER CAR,SLOWING OR STOPPING,East,35,2018,AUDI
MCP3330001D,230059909,Montgomery County Police,Property Damage Crash,10/11/2023 13:00,OTHER,6DCCBF4B-A8D6-46AC-BDE6-34F5BA6ECE2D,Yes,NO APPARENT INJURY,N/A,UNKNOWN,MD,7517B4A2-C204-4AEB-AF8D-27DBB7A51069,FUNCTIONAL,ONE OCLOCK,PASSENGER CAR,PARKING,Unknown,5,2011,TOYT
MCP2039008S,230034579,Montgomery County Police,Injury Crash,7/20/2023 14:34,ANGLE MEETS RIGHT TURN,18B531D2-8808-44FC-9047-E39C75E9DDF9,Yes,NO APPARENT INJURY,N/A,LOOKED BUT DID NOT SEE,MD,609CC444-23C2-4F42-9F5A-97331BB5DFAD,DESTROYED,ELEVEN OCLOCK,PASSENGER CAR,MAKING RIGHT TURN,East,35,2018,CHRYSLER
MCP2686006R,230069145,Montgomery County Police,Property Damage Crash,11/30/2023 15:36,SAME DIRECTION RIGHT TURN,B55D8D3A-68E5-494D-8CD4-39472642D486,Yes,NO APPARENT INJURY,N/A,LOOKED BUT DID NOT SEE,MD,7134F41C-E55D-4047-B04F-38BC9C55E603,FUNCTIONAL,TWO OCLOCK,(SPORT) UTILITY VEHICLE,MAKING RIGHT TURN,North,25,2021,LEXS
MCP3280003R,230048079,Montgomery County Police,Property Damage Crash,8/6/2023 12:46,OTHER,1CC136E6-CB13-41F3-A1EF-B5F8211920E6,Yes,NO APPARENT INJURY,N/A,NOT DISTRACTED,,B0208D5E-B4A1-4D01-BD7C-A19ADDA7FF2D,UNKNOWN,ONE OCLOCK,PICKUP TRUCK,OTHER,West,5,2016,FORD
MCP3268003H,230070934,Montgomery County Police,Property Damage Crash,12/10/2023 14:21,SINGLE VEHICLE,0F469A5C-2168-4E28-8486-8046785D65CF,Yes,NO APPARENT INJURY,"RAIN, SNOW, WET",NOT DISTRACTED,MD,645766CD-7060-45D4-9F76-AF7A9AF58842,DISABLING,TWELVE OCLOCK,PASSENGER CAR,MOVING CONSTANT SPEED,South,50,2009,TOYOTA
MCP23990074,230054468,Montgomery County Police,Property Damage Crash,9/12/2023 15:15,SAME DIR REAR END,F48023B6-C333-4FFA-8A89-1C5BAD115FF1,Yes,NO APPARENT INJURY,N/A,NOT DISTRACTED,MD,A5F81F9C-7D5F-43EE-A8D4-CF7CEC22A00D,SUPERFICIAL,TWELVE OCLOCK,POLICE VEHICLE/NON EMERGENCY,SLOWING OR STOPPING,North,35,2016,FORD
MCP3126004S,230054702,Montgomery County Police,Property Damage Crash,9/13/2023 17:56,STRAIGHT MOVEMENT ANGLE,4070349F-C5DB-4065-AC91-639687505976,No,NO APPARENT INJURY,N/A,NOT DISTRACTED,MD,7C0162E7-B6DA-437A-8BFA-171D5E39D9D8,DISABLING,TWELVE OCLOCK,PASSENGER CAR,MOVING CONSTANT SPEED,South,40,2018,TOYOTA
MCP3348000T,230049119,Montgomery County Police,Property Damage Crash,8/12/2023 15:41,OPPOSITE DIRECTION SIDESWIPE,4978CC77-3FDB-452B-A7A9-B2C849659761,Yes,NO APPARENT INJURY,N/A,UNKNOWN,,C7AA9A02-026B-4737-884B-D105F5834CB8,SUPERFICIAL,ELEVEN OCLOCK,PASSENGER CAR,ACCELERATING,South,10,2014,HONDA
MCP3145004L,230074187,Montgomery County Police,Property Damage Crash,12/29/2023 17:00,STRAIGHT MOVEMENT ANGLE,D28AAC6F-C3D9-4BC5-9AD6-F5A7066A28DA,No,NO APPARENT INJURY,N/A,NOT DISTRACTED,MD,7788EC33-B74E-4A4F-8245-B1185C2962BD,DISABLING,TWELVE OCLOCK,PASSENGER CAR,MOVING CONSTANT SPEED,North,35,2018,CHEV
MCP3109008J,230061382,Montgomery County Police,Property Damage Crash,10/19/2023 9:20,SAME DIRECTION RIGHT TURN,9A28B49B-70AE-4723-BEB6-E2299B8BD714,No,NO APPARENT INJURY,N/A,NOT DISTRACTED,MD,AF74088C-C606-4ECE-9741-BDC67BFAFAD5,SUPERFICIAL,ELEVEN OCLOCK,TRANSIT BUS,STARTING FROM LANE,East,35,2016,GILLIG
MCP28710098,230061856,Montgomery County Police,Injury Crash,10/21/2023 17:51,STRAIGHT MOVEMENT ANGLE,CA651F92-2941-4067-82DD-96755E7316D4,Yes,POSSIBLE INJURY,N/A,NOT DISTRACTED,MD,2836C8B8-7156-4842-AFB0-2FF3679E1BF9,DISABLING,THREE OCLOCK,PASSENGER CAR,MAKING LEFT TURN,East,40,2009,HOND
MCP3372001Q,230062351,Montgomery County Police,Property Damage Crash,10/24/2023 16:58,SAME DIRECTION SIDESWIPE,04C04136-0686-4EC7-B8D9-DA63F3B42E00,Yes,NO APPARENT INJURY,N/A,UNKNOWN,,134E83EE-4449-47A8-B8F2-C4D02AC05858,FUNCTIONAL,ELEVEN OCLOCK,PASSENGER CAR,MOVING CONSTANT SPEED,North,35,2010,DODGE
MCP3330001G,230062867,Montgomery County Police,Property Damage Crash,10/27/2023 11:54,OTHER,B7E8FDFE-F142-4E1E-B7A3-1E59A4423436,Yes,NO APPARENT INJURY,N/A,UNKNOWN,MD,8442467D-778E-43E3-96FA-A79B8537542D,DISABLING,ELEVEN OCLOCK,PASSENGER CAR,STARTING FROM PARKED,East,5,2021,HONDA
MCP12100038,190012222,Montgomery County Police,Property Damage Crash,3/16/2019 17:55,OTHER,D103AE70-B53F-4919-BBFA-301C63E78981,No,NO APPARENT INJURY,N/A,NOT DISTRACTED,VA,4CE070F2-2770-46F7-959A-0639F1FA9A52,SUPERFICIAL,SIX OCLOCK,PASSENGER CAR,PARKED,,0,2011,TOYOTA
MCP3129007M,230048247,Montgomery County Police,Property Damage Crash,8/7/2023 14:04,SAME DIR REAR END,7EC4716D-B1D9-48B4-8FA9-E4D34ADA3FB4,No,NO APPARENT INJURY,N/A,NOT DISTRACTED,MD,01A9E419-C986-43B4-A0A4-92327AF7417B,FUNCTIONAL,SIX OCLOCK,OTHER,STOPPED IN TRAFFIC LANE,East,35,2022,TOYT
MCP24550068,230067698,Montgomery County Police,Injury Crash,11/21/2023 18:19,SAME DIR REAR END,1F7ECD7B-AC31-4685-90BB-893CD4F3E337,Yes,NO APPARENT INJURY,"RAIN, SNOW, WET",UNKNOWN,MD,C98B341B-EBFF-4E54-82FE-19786626EB9F,DISABLING,TWELVE OCLOCK,PICKUP TRUCK,MOVING CONSTANT SPEED,East,50,2022,CHEV
MCP33670015,230052826,Montgomery County Police,Property Damage Crash,9/2/2023 17:18,OTHER,34256514-F3AB-4A63-9782-9201F8ABD859,No,NO APPARENT INJURY,N/A,NOT DISTRACTED,MD,0219A378-BF50-423A-B4FC-8EB9160AD614,FUNCTIONAL,NINE OCLOCK,PASSENGER CAR,MAKING LEFT TURN,North,0,2011,FORD
MCP2905005Z,230056083,Montgomery County Police,Property Damage Crash,9/21/2023 11:37,HEAD ON,56F0BB8E-1C02-4428-A63E-56FC733A128B,Unknown,NO APPARENT INJURY,N/A,LOOKED BUT DID NOT SEE,MD,2A269141-1B93-4F1C-B7AF-67C5C75EBF27,SUPERFICIAL,ELEVEN OCLOCK,PASSENGER CAR,MAKING RIGHT TURN,East,25,2023,MNNI
MCP3153004R,230030556,Montgomery County Police,Property Damage Crash,6/26/2023 13:58,SAME DIR REAR END,717903C9-3FC4-4B28-870C-38574E85733A,No,NO APPARENT INJURY,N/A,NOT DISTRACTED,MD,123ECE91-5781-4F77-BDFA-9EE660E03FD2,NO DAMAGE,SIX OCLOCK,PASSENGER CAR,STARTING FROM LANE,South,35,1997,LEXUS
MCP9390002M,230066562,Montgomery County Police,Property Damage Crash,11/15/2023 18:05,SAME DIR REAR END,29D86BA5-3E84-4073-AEA0-EA834E4E063B,No,NO APPARENT INJURY,N/A,NOT DISTRACTED,MD,7BCE2219-2677-4CB9-A141-676197210F26,FUNCTIONAL,TWELVE OCLOCK,PASSENGER CAR,MOVING CONSTANT SPEED,South,55,2022,LEXUS
MCP21070018,170526622,Montgomery County Police,Injury Crash,8/24/2017 14:22,STRAIGHT MOVEMENT ANGLE,ACC8F6BE-D074-4A2E-8CE4-D6D1BE16D46D,No,POSSIBLE INJURY,N/A,NOT DISTRACTED,MD,8D75B3C5-10AA-4A4B-9C67-C97A6A2EBA91,DISABLING,TWELVE OCLOCK,POLICE VEHICLE/EMERGENCY,MOVING CONSTANT SPEED,East,40,2009,HYUNDAI
MCP3259003V,230069156,Montgomery County Police,Property Damage Crash,11/30/2023 16:20,SAME DIR REAR END,D9B93001-8547-4EE3-928E-D6D439B6B757,No,NO APPARENT INJURY,N/A,NOT DISTRACTED,MD,CA549F72-28C9-48B2-9565-057D0AA7E95B,SUPERFICIAL,SIX OCLOCK,SCHOOL BUS,SLOWING OR STOPPING,West,40,2018,THOMAS
MCP295200DW,230051782,Montgomery County Police,Injury Crash,8/28/2023 9:54,SAME DIR REAR END,A69295BD-716F-43C4-BEAE-4CA148712A88,Yes,POSSIBLE INJURY,N/A,NOT DISTRACTED,MD,0365AB3E-6290-4154-B1D2-377F1AE81479,DESTROYED,TWELVE OCLOCK,PASSENGER CAR,SLOWING OR STOPPING,North,35,2011,HONDA
MCP2513003D,230061906,Montgomery County Police,Injury Crash,10/22/2023 0:52,SAME DIR REAR END,0C18FD08-4FA3-485F-90BA-239348D88584,Unknown,SUSPECTED MINOR INJURY,N/A,UNKNOWN,MD,D1F0A7F9-BCD3-45B4-A4FC-4BD5FCEF8467,FUNCTIONAL,ELEVEN OCLOCK,PASSENGER CAR,MOVING CONSTANT SPEED,South,50,2018,HONDA
MCP93790050,230067378,Montgomery County Police,Property Damage Crash,11/20/2023 10:50,SAME DIR REAR END,D602F802-27BA-47CB-BA95-CA8383C358A5,No,NO APPARENT INJURY,N/A,NOT DISTRACTED,MD,EB304251-6EAD-4180-B030-4D096DA1C069,SUPERFICIAL,SIX OCLOCK,POLICE VEHICLE/NON EMERGENCY,STOPPED IN TRAFFIC LANE,West,30,2017,FORD
MCP292300B4,230065938,Montgomery County Police,Property Damage Crash,11/12/2023 14:15,OTHER,8EE76097-D9FE-4F7C-96CC-E205820EAA78,Yes,NO APPARENT INJURY,N/A,LOOKED BUT DID NOT SEE,MD,1ED221B1-5C89-4B04-9077-187B6287017F,DISABLING,ELEVEN OCLOCK,PICKUP TRUCK,MAKING LEFT TURN,South,25,2017,NISSAN
EJ78870035,230061978,Gaithersburg Police Depar,Property Damage Crash,10/22/2023 15:00,SAME DIR REAR END,7274AC3F-653D-4E1D-9697-7A361E3F691B,No,NO APPARENT INJURY,N/A,NOT DISTRACTED,MD,4BE9E1BD-797C-48DF-B13B-95E5AC811127,FUNCTIONAL,SIX OCLOCK,PASSENGER CAR,MOVING CONSTANT SPEED,South,35,2022,NISS
MCP2799004J,180042926,Montgomery County Police,Injury Crash,8/28/2018 10:29,SAME DIR REAR END,1F525D78-0277-4F8A-8C1F-C7C4905CC65D,No,SUSPECTED MINOR INJURY,N/A,NOT DISTRACTED,MD,3D5D2E9C-E4B8-4551-8321-042521573E54,SUPERFICIAL,SIX OCLOCK,PASSENGER CAR,SLOWING OR STOPPING,West,35,2018,HYUN
MCP3372001Z,230067985,Montgomery County Police,Injury Crash,11/23/2023 21:49,OPPOSITE DIRECTION SIDESWIPE,A1AF0B8B-8372-464F-B6F5-636CA4B88091,No,SUSPECTED MINOR INJURY,N/A,NOT DISTRACTED,MD,E129A2B3-1A4C-4CA8-9D04-AE70262091B7,FUNCTIONAL,ELEVEN OCLOCK,PASSENGER CAR,MOVING CONSTANT SPEED,South,25,2014,CHEV
MCP3262003C,230054276,Montgomery County Police,Property Damage Crash,9/11/2023 16:38,STRAIGHT MOVEMENT ANGLE,0C5BFB54-889F-419A-9F20-CBA7E22AB8CB,Yes,NO APPARENT INJURY,N/A,LOOKED BUT DID NOT SEE,MD,9CB40530-9C46-49E0-A3C3-A71C70129F5C,DISABLING,THREE OCLOCK,PASSENGER CAR,ACCELERATING,West,35,2012,ACUR
MCP2934005Q,230057740,Montgomery County Police,Property Damage Crash,9/30/2023 18:47,SAME DIRECTION RIGHT TURN,F8025F11-9E94-49B5-8130-3E748A57BA0A,Yes,NO APPARENT INJURY,N/A,UNKNOWN,MD,398560F3-B804-40C3-A0E7-6BFC71482A79,FUNCTIONAL,THREE OCLOCK,(SPORT) UTILITY VEHICLE,MAKING RIGHT TURN,Unknown,0,2023,TOYOTA
MCP13780155,230048270,Montgomery County Police,Injury Crash,8/7/2023 16:55,SAME DIR REAR END,512A8495-B49A-4743-8518-8E035589D772,No,NO APPARENT INJURY,N/A,NOT DISTRACTED,MD,452B740C-8638-49A7-B01E-AC96C8A2AA14,FUNCTIONAL,SIX OCLOCK,(SPORT) UTILITY VEHICLE,STOPPED IN TRAFFIC LANE,East,30,2011,TOYT
MCP3068004Z,230057363,Montgomery County Police,Property Damage Crash,9/28/2023 18:30,SAME DIRECTION SIDESWIPE,A20E9718-CE7D-44F1-B196-077E43F50667,Yes,NO APPARENT INJURY,N/A,NOT DISTRACTED,,CE3FB594-1A4B-4E77-87B5-00552561262A,UNKNOWN,UNKNOWN,,MOVING CONSTANT SPEED,East,35,0,UNKNOWN
MCP285900DM,230050094,Montgomery County Police,Property Damage Crash,8/18/2023 12:30,HEAD ON LEFT TURN,4C2634EF-BA2B-4BC5-B359-94F4955196A6,Yes,NO APPARENT INJURY,N/A,UNKNOWN,MD,A2702E06-A7BA-42AE-BA7A-A7342A926140,DISABLING,TWELVE OCLOCK,(SPORT) UTILITY VEHICLE,MAKING LEFT TURN,South,35,2013,NISS
MCP29320076,230071204,Montgomery County Police,Injury Crash,12/12/2023 5:00,SINGLE VEHICLE,346A84C4-4BEC-44F2-9843-028F823948E9,No,SUSPECTED MINOR INJURY,"ICY OR SNOW-COVERED, V WIPERS|W OTHER ENVIRONMENTAL",NOT DISTRACTED,MD,DF900028-39FE-4615-83A0-5959F02AFBF0,DISABLING,ELEVEN OCLOCK,PASSENGER CAR,MOVING CONSTANT SPEED,North,40,2022,NISSAN
MCP2904002Y,17006785,Montgomery County Police,Property Damage Crash,2/7/2017 23:15,SAME DIRECTION RIGHT TURN,A367A18C-A659-482F-854F-544A5F6E3D08,No,NO APPARENT INJURY,N/A,NOT DISTRACTED,MD,B8575911-0A44-4D0F-869D-9FA7CA7A9B84,DISABLING,ELEVEN OCLOCK,PASSENGER CAR,MOVING CONSTANT SPEED,South,40,2009,LEXUS
MCP3182002B,230051135,Montgomery County Police,Property Damage Crash,8/24/2023 17:02,HEAD ON LEFT TURN,EAD267FE-EBE2-4BA5-93D3-AB4D66C2FCF9,Yes,NO APPARENT INJURY,N/A,NOT DISTRACTED,MD,F1F0F273-1258-4555-9D8D-473A1BA4AE5F,DISABLING,TWO OCLOCK,PASSENGER CAR,MAKING LEFT TURN,South,35,2013,FORD
MCP28710033,16031382,Montgomery County Police,Property Damage Crash,6/21/2016 15:53,SAME DIR REAR END,2F4D2440-C414-4B67-9CD3-0D2F21EC959D,Yes,NO APPARENT INJURY,"N/A, WET",NOT DISTRACTED,VA,9A777C79-D3F6-42EB-B234-CBD03D9DDC5D,FUNCTIONAL,TWELVE OCLOCK,PASSENGER CAR,MOVING CONSTANT SPEED,North,35,2002,HONDA
MCP3230004Q,230058179,Montgomery County Police,Property Damage Crash,10/2/2023 14:15,OTHER,C9DF0D80-E629-4985-86A8-9CA3D5D0E10D,Yes,NO APPARENT INJURY,N/A,NOT DISTRACTED,,5605020B-DE98-4515-82B0-5C6E358CCBD9,UNKNOWN,SIX OCLOCK,PASSENGER CAR,BACKING,North,25,0,CHEVY
DD5612004H,230063051,Rockville Police Departme,Property Damage Crash,10/28/2023 12:37,SAME DIR REAR END,D02CDA73-90F0-48A2-AEFB-4616DC1BB48C,No,NO APPARENT INJURY,N/A,NOT DISTRACTED,MD,DD449D0D-D74D-470A-8E43-2169589DCD98,FUNCTIONAL,FIVE OCLOCK,PASSENGER CAR,STOPPED IN TRAFFIC LANE,South,30,2015,CHEVY
MCP2586006G,230049960,Montgomery County Police,Property Damage Crash,8/17/2023 16:18,SAME DIR REAR END,1638FB82-3884-44D8-A352-24A774600F0D,Yes,NO APPARENT INJURY,"BACKUP DUE TO REGULAR CONGESTION, N/A",UNKNOWN,MD,9F0687EF-0974-47CB-A6E6-E738E8A84805,DISABLING,TWELVE OCLOCK,PASSENGER CAR,MOVING CONSTANT SPEED,West,40,2017,INFINITI
EJ78860038,230061362,Gaithersburg Police Depar,Property Damage Crash,10/19/2023 7:22,SAME DIR REAR END,4C32F401-650B-45CC-89F7-CF76AF675CD2,Yes,NO APPARENT INJURY,N/A,UNKNOWN,MD,887C3581-0884-42C9-983E-A5B6AAF14646,FUNCTIONAL,SIX OCLOCK,PASSENGER CAR,STOPPED IN TRAFFIC LANE,East,25,2012,NISSA
MCP33760016,230062163,Montgomery County Police,Property Damage Crash,10/23/2023 16:45,SAME DIRECTION SIDESWIPE,D638988F-F290-4C87-B816-4EA5CD825012,Yes,NO APPARENT INJURY,N/A,LOOKED BUT DID NOT SEE,MD,D1A7AFDB-3EC5-4F25-BADF-1F4C8F4C23A6,DISABLING,FOUR OCLOCK,PASSENGER CAR,CHANGING LANES,West,35,2019,TOYOTA
MCP3129007P,230052800,Montgomery County Police,Property Damage Crash,9/2/2023 13:12,SAME DIR REAR END,EDE6CD0F-D0DA-449D-B901-CDF79C45E169,No,NO APPARENT INJURY,N/A,NOT DISTRACTED,MD,57BD018C-E9D4-4E58-8DE4-7F8A94884FD4,SUPERFICIAL,SIX OCLOCK,PASSENGER CAR,STOPPED IN TRAFFIC LANE,North,45,2014,TOYT