Report Number,Local Case Number,Agency Name,ACRS Report Type,Crash Date/Time,Collision Type,Person ID,Driver At Fault,Injury Severity,Circumstance,Driver Distracted By,Drivers License State,Vehicle ID,Vehicle Damage Extent,Vehicle First Impact Location,Vehicle Body Type,Vehicle Movement,Vehicle Going Dir,Speed Limit,Vehicle Year,Vehicle Make
MCP25910013,190032981,Montgomery County Police,Property Damage Crash,7/11/2019 16:30,SAME DIRECTION SIDESWIPE,BAD8FC8F-CD8D-44C8-803D-8CCA07F3A07D,Yes,NO APPARENT INJURY,"RAIN, SNOW, WET",NOT DISTRACTED,MD,E6C97ADD-5A97-4816-B61F-AAC6FE0598E7,FUNCTIONAL,ONE OCLOCK,PASSENGER CAR,ACCELERATING,North,45,2002,TOYT
MCP28710099,230067717,Montgomery County Police,Property Damage Crash,11/21/2023 21:18,OTHER,C1630C49-BA44-429A-B9D6-3882BBDFE692,No,NO APPARENT INJURY,N/A,NOT DISTRACTED,MD,528C629F-BCD5-43B2-BE19-0B7D6B9EE534,SUPERFICIAL,ELEVEN OCLOCK,PASSENGER CAR,PARKED,,0,2018,MERZ
MCP31450042,230055958,Montgomery County Police,Property Damage Crash,9/20/2023 16:20,SAME DIRECTION LEFT TURN,14D48780-18A2-4CDB-9587-A423BABB3EBD,No,NO APPARENT INJURY,N/A,NOT DISTRACTED,MD,930AAEB0-CCD6-4298-A23B-B7653DA409F0,SUPERFICIAL,TEN OCLOCK,PASSENGER CAR,SLOWING OR STOPPING,South,35,2016,MAZD
MCP3174004K,230060462,Montgomery County Police,Property Damage Crash,10/14/2023 10:50,HEAD ON LEFT TURN,7E042706-ABDA-4A31-B721-689958CE8116,Yes,NO APPARENT INJURY,N/A,NOT DISTRACTED,WV,87FE0F22-2133-4AD7-AAA7-B74DA1B95195,FUNCTIONAL,TWELVE OCLOCK,PASSENGER CAR,MAKING LEFT TURN,North,35,2002,TOYOTA
MCP3372001H,230058829,Montgomery County Police,Property Damage Crash,10/5/2023 21:00,STRAIGHT MOVEMENT ANGLE,E244F061-721B-49A5-903E-3A8681661220,No,NO APPARENT INJURY,N/A,UNKNOWN,MD,BCFB1F04-AAFA-41FA-AFDD-DB279E1B69B0,DISABLING,TEN OCLOCK,PASSENGER CAR,MOVING CONSTANT SPEED,South,25,2007,HOND
MCP2102004G,230065799,Montgomery County Police,Injury Crash,11/11/2023 14:48,SAME DIR REAR END,41A27C43-B63F-40D4-A966-4249C46FCE28,No,POSSIBLE INJURY,N/A,NOT DISTRACTED,MD,C8903AA1-5457-4A6B-B733-C92896F289B4,FUNCTIONAL,SIX OCLOCK,(SPORT) UTILITY VEHICLE,SLOWING OR STOPPING,South,40,2014,HONDA
MCP32750021,230061310,Montgomery County Police,Property Damage Crash,10/15/2023 19:25,SAME DIR REAR END,BFE1101A-BB7F-4AA2-AD3C-F2A64E61DB39,Yes,NO APPARENT INJURY,N/A,UNKNOWN,,53EEE504-9AF8-4E4C-A24F-32C10ADA46B2,SUPERFICIAL,TWELVE OCLOCK,POLICE VEHICLE/EMERGENCY,MOVING CONSTANT SPEED,North,40,2016,ACURA
MCP29320073,230066407,Montgomery County Police,Property Damage Crash,11/15/2023 2:51,STRAIGHT MOVEMENT ANGLE,59BB51D9-69C9-43C7-B45A-375F6C8FA0BB,Unknown,NO APPARENT INJURY,N/A,NOT DISTRACTED,VA,745DEA1E-6958-41E5-A228-44233B2CBEDD,DISABLING,ONE OCLOCK,PASSENGER CAR,ACCELERATING,South,35,2022,KIA
MCP3009006Z,230063751,Montgomery County Police,Property Damage Crash,11/1/2023 9:40,SAME DIR REAR END,137F5F76-BC32-4ED7-8AD7-7B6579A82349,No,NO APPARENT INJURY,N/A,NOT DISTRACTED,PA,028356EA-4714-4537-B860-B4FD9CA1A37F,SUPERFICIAL,SIX OCLOCK,VAN,STOPPED IN TRAFFIC LANE,South,45,2010,GMC
MCP3350002F,230072300,Montgomery County Police,Injury Crash,12/18/2023 5:56,STRAIGHT MOVEMENT ANGLE,84408472-236E-47EA-8DFE-853CE63E826B,No,POSSIBLE INJURY,N/A,NOT DISTRACTED,MD,5CA06DF3-4080-47A4-A0FB-709A9B0E7651,DESTROYED,TWELVE OCLOCK,STATION WAGON,MOVING CONSTANT SPEED,South,35,2006,TOYOTA
MCP1378016K,230066753,Montgomery County Police,Injury Crash,11/16/2023 17:26,SAME DIR REAR END,6F46A8CB-254C-4BB8-BC4B-51A21F73B7BC,No,POSSIBLE INJURY,N/A,NOT DISTRACTED,MD,BEFB92E0-E8D0-47D9-99B3-A9DBAC618B4F,FUNCTIONAL,SIX OCLOCK,(SPORT) UTILITY VEHICLE,SLOWING OR STOPPING,East,50,2021,SUBA
MCP3148005F,230061710,Montgomery County Police,Property Damage Crash,10/20/2023 18:13,HEAD ON LEFT TURN,00B189EE-88CF-42AB-A400-451FD51F10CD,No,NO APPARENT INJURY,"RAIN, SNOW, WET",NOT DISTRACTED,MD,57A846BD-B54B-4AAC-92B3-9F734DCDA572,SUPERFICIAL,TWELVE OCLOCK,(SPORT) UTILITY VEHICLE,MOVING CONSTANT SPEED,South,25,2018,VOLKSWAGEN
MCP3163006C,230069672,Montgomery County Police,Property Damage Crash,12/3/2023 18:47,SAME DIR REAR END,B594A18D-31B5-4EC5-ACAC-121AE0EE3293,No,NO APPARENT INJURY,"N/A, WET",NOT DISTRACTED,MD,53474A40-DBAF-43EE-ACB1-DCB4AFBFDB05,DISABLING,SIX OCLOCK,(SPORT) UTILITY VEHICLE,SLOWING OR STOPPING,South,35,2017,HYUN
MCP2921004R,230052720,Montgomery County Police,Property Damage Crash,9/1/2023 20:00,OTHER,DD7B447D-AD14-4B5B-AF00-BD3ABD0A4E70,Yes,NO APPARENT INJURY,N/A,UNKNOWN,MD,2409FADB-AB15-4B95-B19A-82DF4E43F2E0,SUPERFICIAL,TWELVE OCLOCK,PASSENGER CAR,PARKING,Unknown,5,2004,LINCOLN
MCP2703003J,230070496,Montgomery County Police,Property Damage Crash,12/7/2023 19:54,SAME DIRECTION SIDESWIPE,68816B25-4C42-4136-9E06-3458DA04C055,No,NO APPARENT INJURY,N/A,NOT DISTRACTED,MD,2E28F7F4-1DEB-43E7-8B9C-87049B6EB78D,UNKNOWN,ELEVEN OCLOCK,PASSENGER CAR,MOVING CONSTANT SPEED,West,35,2014,CHEV
MCP3280004C,230071287,Montgomery County Police,Property Damage Crash,11/24/2023 17:50,OTHER,BD2D6F0D-6195-43BC-96D2-A55345A71588,Unknown,NO APPARENT INJURY,N/A,UNKNOWN,,81593A15-838C-42E8-922F-940DA2AFDFBB,UNKNOWN,UNKNOWN,UNKNOWN,MAKING RIGHT TURN,East,40,0,UNKNOWN
MCP32700027,230062221,Montgomery County Police,Injury Crash,10/23/2023 22:06,SAME DIR REAR END,FA7F69EF-B295-4D91-9AD6-0FC6324149AD,No,POSSIBLE INJURY,N/A,NOT DISTRACTED,MD,A147357E-6785-426B-8642-3EA1A6C3DD4D,DISABLING,ELEVEN OCLOCK,PASSENGER CAR,STARTING FROM LANE,West,35,2021,CHEV
MCP32610017,230034668,Montgomery County Police,Property Damage Crash,7/20/2023 23:40,OTHER,840FFC93-537C-49CF-AEEF-B92A23DF58D8,Yes,NO APPARENT INJURY,N/A,UNKNOWN,,A662BAD0-AA0B-41B5-8E16-2C139098AE43,UNKNOWN,FOUR OCLOCK,PASSENGER CAR,MAKING RIGHT TURN,East,45,2016,BMW
MCP2552006V,230070885,Montgomery County Police,Property Damage Crash,12/10/2023 8:51,STRAIGHT MOVEMENT ANGLE,DA3CEEE0-B466-43EE-A559-87BC78DF886E,Yes,NO APPARENT INJURY,"RAIN, SNOW, WET",BY OTHER OCCUPANTS,MD,3B11D65A-327A-47D7-B5AB-13838650F4A8,FUNCTIONAL,TWELVE OCLOCK,PASSENGER CAR,MOVING CONSTANT SPEED,South,40,2014,RAM
MCP30210078,230072967,Montgomery County Police,Injury Crash,12/21/2023 14:20,STRAIGHT MOVEMENT ANGLE,26D74FD3-0E03-4136-95B1-13D005290DAE,Yes,SUSPECTED MINOR INJURY,N/A,LOOKED BUT DID NOT SEE,MD,6C07533B-D64B-4F06-B5AC-F37970B1130D,SUPERFICIAL,EIGHT OCLOCK,PASSENGER CAR,MOVING CONSTANT SPEED,South,0,2004,TOYT
HA24830018,23002065,Maryland-National Capital,Injury Crash,10/27/2023 15:52,SINGLE VEHICLE,BDE00DA2-0E4B-4CE8-8C8B-5F2F4E502516,Yes,SUSPECTED MINOR INJURY,N/A,UNKNOWN,MD,C0A8D74F-79D1-4446-BAE7-31B81A3442FC,DISABLING,TWELVE OCLOCK,PASSENGER CAR,MOVING CONSTANT SPEED,South,25,2022,TOYOTA
MCP33720020,230068953,Montgomery County Police,Property Damage Crash,11/29/2023 16:05,SAME DIR REAR END,D6369195-48F0-4599-B492-3C844CFAFD81,No,NO APPARENT INJURY,N/A,UNKNOWN,MD,8BF72616-0EC3-444A-BBB8-EB94F048B0A9,SUPERFICIAL,SIX OCLOCK,PASSENGER CAR,STOPPED IN TRAFFIC LANE,South,35,2010,TOYOTA
MCP29860008,16001239,Montgomery County Police,Injury Crash,1/7/2016 19:09,STRAIGHT MOVEMENT ANGLE,364070DC-7089-45B7-A451-CFAA893C8518,No,SUSPECTED SERIOUS INJURY,N/A,NOT DISTRACTED,MD,218DDD25-CE4B-442E-AA38-4A4238B085B1,DISABLING,ELEVEN OCLOCK,PASSENGER CAR,MOVING CONSTANT SPEED,South,35,2001,ACURA
MCP3170003N,230067494,Montgomery County Police,Property Damage Crash,11/20/2023 16:00,OTHER,55A300D8-2EC5-48F0-BEB8-A6B6D3B24629,Yes,NO APPARENT INJURY,N/A,UNKNOWN,,23B532DF-502E-4F2B-A44C-B96407E21A59,UNKNOWN,UNKNOWN,PASSENGER CAR,BACKING,Unknown,0,2012,LEXUS
MCP27530060,230054808,Montgomery County Police,Property Damage Crash,9/14/2023 11:08,OTHER,EF67EE1C-0E6C-4BA9-BAC2-CA7ACBC05CFC,Yes,NO APPARENT INJURY,N/A,INATTENTIVE OR LOST IN THOUGHT,MD,4806A6A2-B52D-4C7F-B5A7-43876A524679,DISABLING,TWELVE OCLOCK,PASSENGER CAR,MOVING CONSTANT SPEED,South,15,2012,AUDI
MCP3305002K,230052540,Montgomery County Police,Property Damage Crash,9/1/2023 1:33,SAME DIRECTION SIDESWIPE,2121E200-6A8E-40CD-9470-6B3120275F35,No,NO APPARENT INJURY,N/A,NOT DISTRACTED,PA,20F18980-229C-410D-9ADE-7B56F8D4EEAA,SUPERFICIAL,ELEVEN OCLOCK,AMBULANCE/NON EMERGENCY,PARKED,,45,2016,FRHT
MCP33290024,230060738,Montgomery County Police,Property Damage Crash,10/15/2023 19:00,SAME DIRECTION SIDESWIPE,EE8118A6-07A0-4F20-89F6-96AA627DA0DB,No,NO APPARENT INJURY,N/A,NOT DISTRACTED,MD,8DEA2BFA-C35F-4373-BDA0-FCA60004DDE1,SUPERFICIAL,NINE OCLOCK,TRANSIT BUS,ACCELERATING,West,35,2020,NOVA
MCP9432003Z,230056629,Montgomery County Police,Injury Crash,9/24/2023 13:40,SAME DIR REAR END,19F7732B-E52E-4AF1-AA44-4AB4597B3054,No,NO APPARENT INJURY,"RAIN, SNOW, WET",NOT DISTRACTED,MD,6601FA45-C94F-4592-9AA0-2A0F7D3560B3,DISABLING,TWELVE OCLOCK,(SPORT) UTILITY VEHICLE,MOVING CONSTANT SPEED,North,30,2023,ACURA
MCP3353001J,230049886,Montgomery County Police,Property Damage Crash,8/17/2023 9:32,STRAIGHT MOVEMENT ANGLE,DB5082A9-1E2F-48FC-AEDD-A325158F6639,Yes,NO APPARENT INJURY,N/A,UNKNOWN,MD,3A77559D-7B6D-4BBA-9E6D-2F8C44FC7B17,DISABLING,TWELVE OCLOCK,PASSENGER CAR,ACCELERATING,North,40,2023,SUBA
MCP3322001T,230046088,Montgomery County Police,Injury Crash,7/25/2023 22:02,SAME DIRECTION LEFT TURN,0C7A16B3-E13A-4DE6-8379-31B5732AC217,No,POSSIBLE INJURY,N/A,NOT DISTRACTED,MD,501107A2-5031-4E08-BA8A-8107F9BC4F59,DISABLING,TWO OCLOCK,PASSENGER CAR,MAKING LEFT TURN,West,35,2019,HONDA
MCP3339002C,230048540,Montgomery County Police,Property Damage Crash,8/9/2023 11:04,SAME DIR REAR END,4669FD40-F541-4313-B847-ED0C292DCB19,Yes,NO APPARENT INJURY,N/A,NOT DISTRACTED,MD,43C825DC-1C2E-48DC-AC39-0EA7F5950603,DISABLING,TWELVE OCLOCK,(SPORT) UTILITY VEHICLE,SLOWING OR STOPPING,West,35,2012,MERCEDES
MCP2760003Z,230050746,Montgomery County Police,Property Damage Crash,8/22/2023 17:20,SAME DIR REAR END,81672B11-9A51-44F3-B845-6E38C1F4E03A,No,NO APPARENT INJURY,N/A,NOT DISTRACTED,NC,4B9C52F8-3590-48C8-AF92-712CC1FA9C77,FUNCTIONAL,SIX OCLOCK,PASSENGER CAR,SLOWING OR STOPPING,South,35,2018,TOYOTA
MCP3312004J,230071688,Montgomery County Police,Property Damage Crash,12/14/2023 11:15,SAME DIRECTION SIDESWIPE,278F237B-F008-4445-881B-842059A1BDCD,No,NO APPARENT INJURY,N/A,NOT DISTRACTED,MD,8BADA4FA-3D30-4857-915B-6B92DBAC5C4F,SUPERFICIAL,SEVEN OCLOCK,PASSENGER CAR,MOVING CONSTANT SPEED,South,50,2022,ACUR
MCP24450050,230046634,Montgomery County Police,Property Damage Crash,7/28/2023 12:53,SAME DIR REAR END,3FEDDECC-A1F7-44F7-9FE2-D3FC11353BD8,No,NO APPARENT INJURY,N/A,NOT DISTRACTED,MD,C3FBAD09-4836-4990-B0C3-439BA9B2A034,FUNCTIONAL,SIX OCLOCK,PASSENGER CAR,SLOWING OR STOPPING,West,45,2022,GENISIS
MCP2586006Q,230058129,Montgomery County Police,Property Damage Crash,10/2/2023 16:50,SAME DIR REAR END,823CF2AF-F422-4B23-9D2B-B2308665D3AE,Yes,NO APPARENT INJURY,N/A,UNKNOWN,,3BEDDE36-4247-479C-BA5C-7BB983FEE6DC,FUNCTIONAL,SIX OCLOCK,,SLOWING OR STOPPING,South,40,0,UNKNOWN
MCP2631000V,16040666,Montgomery County Police,Injury Crash,8/11/2016 5:12,SINGLE VEHICLE,D05B0458-7781-4A07-A0FA-CF8D7282E3CD,Yes,SUSPECTED MINOR INJURY,N/A,INATTENTIVE OR LOST IN THOUGHT,MD,B4D0568D-0D6A-4BFB-AF0C-7FADAF923C7E,DESTROYED,TWELVE OCLOCK,PASSENGER CAR,MOVING CONSTANT SPEED,West,25,2011,FORD
MCP2974004R,230051767,Montgomery County Police,Property Damage Crash,8/28/2023 7:53,SAME DIR REAR END,535E7C6C-BB53-4880-A98A-98FE7BAB7C03,No,NO APPARENT INJURY,"BACKUP DUE TO REGULAR CONGESTION, N/A",NOT DISTRACTED,MD,198BA3EA-D25B-4DA5-9CBB-3ACEBA1042B3,FUNCTIONAL,SIX OCLOCK,SCHOOL BUS,SLOWING OR STOPPING,South,35,2021,FRHT
MCP31760028,230055184,Montgomery County Police,Property Damage Crash,9/16/2023 4:24,SAME DIR REAR END,43653A48-0C91-43A2-9783-0D2DF069DCD4,Unknown,NO APPARENT INJURY,N/A,UNKNOWN,MD,DECD669F-6BE9-401F-9866-C3EE1FE59C24,FUNCTIONAL,ELEVEN OCLOCK,PASSENGER CAR,MOVING CONSTANT SPEED,East,45,2018,AUDI
MCP2921004T,230057387,Montgomery County Police,Property Damage Crash,9/28/2023 20:42,SAME DIR REAR END,BFEFFC4B-898B-4876-A727-DB1BA9FC3C9B,No,NO APPARENT INJURY,"RAIN, SNOW, WET",NOT DISTRACTED,MD,EEB0A5E6-A3F3-478D-85CC-E1558AD8C7E2,DESTROYED,SIX OCLOCK,PASSENGER CAR,STOPPED IN TRAFFIC LANE,East,35,2012,TOYT
MCP3214002D,230065478,Montgomery County Police,Property Damage Crash,10/19/2023 2:27,OTHER,429640F3-7151-4E9D-ABAA-3D82090A1485,Yes,NO APPARENT INJURY,N/A,LOOKED BUT DID NOT SEE,,9A2E6F01-926C-4117-9EE5-4D1ED652C474,SUPERFICIAL,SIX OCLOCK,PICKUP TRUCK,PARKING,East,25,2007,CADI
EJ7888005K,230072404,Gaithersburg Police Depar,Property Damage Crash,12/18/2023 14:35,SAME DIRECTION SIDESWIPE,D4ED3C12-A646-45BD-8FBD-885F008ABC95,Yes,NO APPARENT INJURY,N/A,LOOKED BUT DID NOT SEE,MD,B198DFAF-D760-47B9-A9B9-95799B7332D7,SUPERFICIAL,THREE OCLOCK,FIRE VEHICLE/EMERGENCY,MOVING CONSTANT SPEED,North,25,2021,PIRC
MCP2948006F,230054062,Montgomery County Police,Property Damage Crash,9/10/2023 3:43,SINGLE VEHICLE,F62D03B1-A28B-44D8-8611-897CE837E6F9,Yes,NO APPARENT INJURY,N/A,UNKNOWN,MD,9C5B986C-C2A9-4295-B8C8-0388E5D067A9,DESTROYED,TWELVE OCLOCK,PASSENGER CAR,SKIDDING,North,45,2012,CHEVROLET
HA24830017,23001668,Maryland-National Capital,Property Damage Crash,8/26/2023 14:33,SAME DIR REND LEFT TURN,49459806-0E25-4C8B-AFA1-32D3A164D7C5,No,NO APPARENT INJURY,N/A,NOT DISTRACTED,DC,6921DCB9-3A21-4CAF-B10F-4D54CAA76EF1,DISABLING,SIX OCLOCK,PASSENGER CAR,MAKING LEFT TURN,West,50,2014,NISSAN
MCP24110005,15026385,Montgomery County Police,Injury Crash,6/1/2015 8:36,STRAIGHT MOVEMENT ANGLE,A29BC1A1-8C21-42C7-B937-73ACC904C087,Yes,NO APPARENT INJURY,N/A,NOT DISTRACTED,MD,C6DFCADB-7C46-49AB-B8DA-1A1A9D4A7156,NO DAMAGE,TWELVE OCLOCK,VAN,MAKING RIGHT TURN,North,5,2013,GMC
MCP3038006K,230059683,Montgomery County Police,Property Damage Crash,10/10/2023 15:27,SAME DIRECTION SIDESWIPE,651642D9-70A3-468F-9F5A-AE320CF12EBF,Yes,NO APPARENT INJURY,N/A,UNKNOWN,,3CDB9EF2-377E-4805-B1EA-4E84130D6F29,SUPERFICIAL,THREE OCLOCK,,MOVING CONSTANT SPEED,East,25,0,UNKNOWN
DM8497001V,230050833,Takoma Park Police Depart,Property Damage Crash,8/23/2023 4:21,OTHER,F44D2E11-F27B-4465-8E8A-FC9633C13E16,Yes,NO APPARENT INJURY,N/A,UNKNOWN,,778084CB-6D8A-46B2-BDA6-8B38E4E50AE5,UNKNOWN,SEVEN OCLOCK,PASSENGER CAR,BACKING,South,0,2017,SUBARU
MCP2516003W,220044786,Montgomery County Police,Property Damage Crash,10/13/2022 8:16,SAME DIRECTION RIGHT TURN,27E00328-8B98-4612-835F-43EE10126CEC,No,NO APPARENT INJURY,N/A,NOT DISTRACTED,DC,966817B2-B047-4DA8-BBCE-9273E35DB902,NO DAMAGE,SEVEN OCLOCK,OTHER,PARKED,,25,2021,GILG
DM85220015,230073912,Takoma Park Police Depart,Property Damage Crash,12/27/2023 20:50,OTHER,1262B966-EA36-4467-8150-576521853963,Yes,NO APPARENT INJURY,N/A,UNKNOWN,,4698989D-EF6D-4DFE-9437-16B790878D28,UNKNOWN,SIX OCLOCK,PASSENGER CAR,BACKING,East,30,2018,LAND ROVER
MCP2516004L,230069724,Montgomery County Police,Property Damage Crash,12/4/2023 7:49,SAME DIR REAR END,8F65B95C-89E3-414D-B07B-0DC118E8CA3A,Yes,NO APPARENT INJURY,N/A,NOT DISTRACTED,MD,BB0A0243-604E-4445-A6F8-C2125541AED0,NO DAMAGE,TWELVE OCLOCK,OTHER,SLOWING OR STOPPING,East,25,2020,GILG
MCP1433000X,17009404,Montgomery County Police,Property Damage Crash,2/21/2017 18:49,SAME DIR REAR END,628E4648-BE80-46AC-B54C-25FFCD999AD3,Yes,NO APPARENT INJURY,N/A,LOOKED BUT DID NOT SEE,MD,160371D9-0E3E-45B0-9F72-3F4F5098263B,DISABLING,TWELVE OCLOCK,STATION WAGON,MOVING CONSTANT SPEED,North,40,2013,SUBA
MCP27600048,230058529,Montgomery County Police,Injury Crash,10/4/2023 16:39,SAME DIR REAR END,8C88D3D2-EC74-4CC4-B571-6D72E6CF284A,No,NO APPARENT INJURY,N/A,NOT DISTRACTED,MD,FB036982-207E-402E-813D-905D2116091A,SUPERFICIAL,SIX OCLOCK,PASSENGER CAR,SLOWING OR STOPPING,North,35,2008,HOND
MCP3330001L,230065360,Montgomery County Police,Property Damage Crash,11/9/2023 12:53,SAME DIR REAR END,96151EC6-84E3-43C6-A72D-6F3AAD640E47,Yes,NO APPARENT INJURY,N/A,UNKNOWN,MD,0C7D2BAD-F32E-4F3D-81F5-9DCABA7360E6,DISABLING,TWELVE OCLOCK,PASSENGER CAR,MOVING CONSTANT SPEED,South,25,2014,TOYOTA
MCP115100DD,230067551,Montgomery County Police,Injury Crash,11/21/2023 7:57,SAME DIRECTION LEFT TURN,FC880037-72BC-4E0C-9DCD-9922E123FFCE,Yes,POSSIBLE INJURY,"RAIN, SNOW, WET",LOOKED BUT DID NOT SEE,MD,D4556633-1170-45FD-9D8C-669709C2CCBD,DISABLING,ELEVEN OCLOCK,PASSENGER CAR,MAKING U TURN,West,25,2022,MAZD
MCP1425001F,230059042,Montgomery County Police,Property Damage Crash,10/6/2023 23:11,STRAIGHT MOVEMENT ANGLE,F3992821-B5AB-4877-9842-749CC31B5E1B,No,NO APPARENT INJURY,N/A,NOT DISTRACTED,MD,B2EE4566-B191-4F58-A344-C0AC9E706F2C,DESTROYED,TWELVE OCLOCK,(SPORT) UTILITY VEHICLE,MOVING CONSTANT SPEED,West,40,2016,TOYOTA
MCP2930003Q,230056373,Montgomery County Police,Injury Crash,9/22/2023 19:56,SAME DIR REAR END,B2C02DC6-D168-4FCB-B096-3378BEA02E27,No,SUSPECTED MINOR INJURY,N/A,NOT DISTRACTED,MD,5E902764-47FA-440B-A2F4-6EC550BC9F94,DISABLING,SIX OCLOCK,PASSENGER CAR,PARKED,,35,2009,DODG
DD5653002T,230062567,Rockville Police Departme,Property Damage Crash,10/25/2023 18:45,OTHER,3F514E3B-6594-442A-B9A8-7BA480E9DAFB,No,NO APPARENT INJURY,N/A,NOT DISTRACTED,MD,3FD4643F-2662-464A-B8DD-641A0872CBC1,SUPERFICIAL,ONE OCLOCK,POLICE VEHICLE/EMERGENCY,MOVING CONSTANT SPEED,East,25,2019,CHEVROLET
MCP243600DY,210045063,Montgomery County Police,Injury Crash,11/7/2021 9:10,STRAIGHT MOVEMENT ANGLE,DB07C30C-B2B8-4D89-9F02-E483B98CC0D7,No,POSSIBLE INJURY,N/A,NOT DISTRACTED,MD,9D834FDC-E4FE-4DB0-B4A0-E3E0FD1A1867,DISABLING,ELEVEN OCLOCK,PASSENGER CAR,MAKING LEFT TURN,East,35,2014,FORD
MCP2780007M,230072446,Montgomery County Police,Property Damage Crash,12/18/2023 18:10,SAME DIR REAR END,9D6A38F2-B9B9-42E0-823A-8083CCB3AB0C,Yes,NO APPARENT INJURY,N/A,NOT DISTRACTED,MD,7167F865-F5CD-4EEF-97D5-9710FC56912F,FUNCTIONAL,TWO OCLOCK,(SPORT) UTILITY VEHICLE,MOVING CONSTANT SPEED,West,15,2013,TOYT
MCP00360067,170504054,Montgomery County Police,Property Damage Crash,4/25/2017 7:42,SAME DIR REAR END,422C62EB-6FF1-42B4-AE6D-6F275835EE9B,No,NO APPARENT INJURY,"N/A, WET",NOT DISTRACTED,MD,B0228A45-2883-430D-9D01-78B64228ABB5,FUNCTIONAL,SIX OCLOCK,PASSENGER CAR,STOPPED IN TRAFFIC LANE,East,30,2005,VOLKSWAGON
MCP2962008N,230070207,Montgomery County Police,Injury Crash,12/6/2023 13:09,HEAD ON LEFT TURN,A239DB07-945B-4E87-8A3D-C5D87AA6BE73,Yes,POSSIBLE INJURY,N/A,LOOKED BUT DID NOT SEE,MD,7A7A7DFF-B45C-4635-A06A-9963DBAD99AE,DISABLING,ONE OCLOCK,PASSENGER CAR,MAKING U TURN,South,40,2017,HYUNDAI
MCP1550004L,230048208,Montgomery County Police,Property Damage Crash,8/7/2023 12:30,SAME DIRECTION SIDESWIPE,980C4CDF-9A91-435E-B480-3DB387628E99,Unknown,NO APPARENT INJURY,N/A,UNKNOWN,MD,84DD04BC-B613-4680-8CC4-19ECE35986BC,FUNCTIONAL,NINE OCLOCK,TRANSIT BUS,MOVING CONSTANT SPEED,East,25,2016,GILL
MCP3109008R,230065130,Montgomery County Police,Injury Crash,11/8/2023 13:05,ANGLE MEETS LEFT TURN,5069DADA-0A6C-48F7-A994-E756D8DAE1F0,Yes,NO APPARENT INJURY,N/A,NOT DISTRACTED,MD,0BD79A6D-7796-47D9-9740-CD6586609D06,DESTROYED,FOUR OCLOCK,PASSENGER CAR,MAKING LEFT TURN,West,35,2013,SUBARU
EJ7852008Y,230063110,Gaithersburg Police Depar,Injury Crash,10/28/2023 19:28,STRAIGHT MOVEMENT ANGLE,3C263911-EF24-44D5-99B7-02EDB71123FC,Yes,NO APPARENT INJURY,N/A,UNKNOWN,MD,2A312CAD-35AD-423A-821B-251A07B1FFFF,DISABLING,TWELVE OCLOCK,PASSENGER CAR,MOVING CONSTANT SPEED,East,45,2017,TOYOTA
MCP20010023,230046753,Montgomery County Police,Fatal Crash,7/29/2023 5:49,SINGLE VEHICLE,48FBA1CC-0C4E-42A0-9CB0-7CCDE4F7832A,Yes,FATAL INJURY,N/A,UNKNOWN,VA,153804A1-305D-4822-B46D-D006DE39C6EA,DESTROYED,TWELVE OCLOCK,PASSENGER CAR,MOVING CONSTANT SPEED,East,45,2012,HONDA
MCP2450004N,230055638,Montgomery County Police,Property Damage Crash,9/18/2023 20:30,SAME DIRECTION SIDESWIPE,AB46715B-CD90-45A2-9FC3-1FBEAC88DEC2,Yes,NO APPARENT INJURY,N/A,UNKNOWN,,570FA0C3-75A3-46BE-81F8-37FA8AE506F1,UNKNOWN,UNKNOWN,PASSENGER CAR,CHANGING LANES,North,55,2014,BMW
MCP2877007D,190042540,Montgomery County Police,Property Damage Crash,9/5/2019 12:40,SAME DIRECTION SIDESWIPE,3BED6C5B-AC55-47C0-A389-9BD95A4F767A,Unknown,NO APPARENT INJURY,N/A,NOT DISTRACTED,MD,3EC5D454-6E3E-42C5-AC97-BC84ED408F01,FUNCTIONAL,TEN OCLOCK,PASSENGER CAR,MOVING CONSTANT SPEED,North,40,2016,TOYOTA
MCP3209003W,230001976,Montgomery County Police,Property Damage Crash,1/12/2023 19:34,STRAIGHT MOVEMENT ANGLE,C56D1AE6-48C5-4D74-AA8A-95B2B406EC37,No,NO APPARENT INJURY,N/A,NOT DISTRACTED,DC,E1437CCA-6210-4DF7-9F60-A5CECDFC6E24,DISABLING,ONE OCLOCK,PASSENGER CAR,STARTING FROM LANE,East,25,2010,INFINITI