Report Number,Local Case Number,Agency Name,ACRS Report Type,Crash Date/Time,Collision Type,Person ID,Driver At Fault,Injury Severity,Circumstance,Driver Distracted By,Drivers License State,Vehicle ID,Vehicle Damage Extent,Vehicle First Impact Location,Vehicle Body Type,Vehicle Movement,Vehicle Going Dir,Speed Limit,Vehicle Year,Vehicle Make
MCP32700025,230058209,Montgomery County Police,Property Damage Crash,10/3/2023 5:35,SAME DIR REAR END,6CD52065-0E7B-4023-90D9-D9478B3454C8,Yes,NO APPARENT INJURY,N/A,LOOKED BUT DID NOT SEE,MD,276B9634-E2F8-4398-98AB-01F68FB06E0D,SUPERFICIAL,SIX OCLOCK,PASSENGER CAR,CHANGING LANES,South,40,2010,TOYOTA
MCP28950035,230065676,Montgomery County Police,Property Damage Crash,11/10/2023 15:21,SAME DIRECTION SIDESWIPE,C840A14D-DBE8-4125-99FE-69516F5DC2EC,Yes,NO APPARENT INJURY,N/A,UNKNOWN,,0D81B97E-C5EB-499B-BEF0-1ED02258F250,SUPERFICIAL,TWO OCLOCK,PASSENGER CAR,PASSING,South,25,2006,TOYOTA
HA2386001P,23002339,Maryland-National Capital,Property Damage Crash,12/11/2023 10:20,SAME DIR REAR END,2D5C048C-CDDF-406D-A2A1-30D8C31BDAAC,No,NO APPARENT INJURY,"N/A, WET",NOT DISTRACTED,NC,E44CF1F7-F7DF-4308-8487-4D6E9048FBD3,FUNCTIONAL,SIX OCLOCK,PASSENGER CAR,MOVING CONSTANT SPEED,South,55,2016,TOYO
MCP3263003X,230063645,Montgomery County Police,Property Damage Crash,10/31/2023 17:28,OTHER,20EB7EF4-5D4A-4562-8AA3-A6E54A564F56,Yes,NO APPARENT INJURY,N/A,UNKNOWN,,08D0243D-D749-4ADB-B193-5BDA01ACCCF9,UNKNOWN,TWO OCLOCK,UNKNOWN,MAKING RIGHT TURN,South,25,0,UNKNOWN
DD56120042,230049588,Rockville Police Departme,Injury Crash,8/15/2023 14:26,STRAIGHT MOVEMENT ANGLE,865DEA78-521D-4754-82F0-CAD87EC0243F,Yes,POSSIBLE INJURY,N/A,UNKNOWN,MD,1ADF2B0C-6405-4B5A-A5B6-5CD74B7D019B,DISABLING,TWELVE OCLOCK,PASSENGER CAR,MOVING CONSTANT SPEED,South,35,2018,VOLK
MCP29050060,230056894,Montgomery County Police,Injury Crash,9/26/2023 7:06,SAME DIR REAR END,581FA410-425E-4B78-BF94-83B195B56210,No,POSSIBLE INJURY,"RAIN, SNOW, WET",NOT DISTRACTED,MD,3E34A640-532C-4FA9-90FD-51BD173DBF8B,SUPERFICIAL,SIX OCLOCK,PASSENGER CAR,MAKING LEFT TURN,North,30,2023,HYUN
MCP3208004W,230065850,Montgomery County Police,Property Damage Crash,11/11/2023 22:44,SAME DIR REAR END,F9A043EE-2601-4D11-8368-673506687480,No,NO APPARENT INJURY,N/A,NOT DISTRACTED,DC,F1F9B438-4075-43D1-BAA1-F8AB1C32F7A5,FUNCTIONAL,SIX OCLOCK,PASSENGER CAR,STOPPED IN TRAFFIC LANE,North,35,2018,HONDA
MCP3059005P,210006853,Montgomery County Police,Injury Crash,2/22/2021 17:59,HEAD ON LEFT TURN,ABCECB5A-7A1F-41FA-A0E5-44CB61BE4101,No,NO APPARENT INJURY,N/A,NOT DISTRACTED,MD,C0C657EC-A079-4EA0-A095-54A357276D1B,DISABLING,TWELVE OCLOCK,(SPORT) UTILITY VEHICLE,MOVING CONSTANT SPEED,North,45,2012,SUBARU
MCP2665000X,15016667,Montgomery County Police,Injury Crash,4/10/2015 18:20,STRAIGHT MOVEMENT ANGLE,64410639-BF4F-46B0-86AD-B848391A1C73,No,POSSIBLE INJURY,N/A,NOT DISTRACTED,MD,8CB6B197-1467-4E82-9FEE-392A6E0495E8,DISABLING,ONE OCLOCK,PASSENGER CAR,MOVING CONSTANT SPEED,West,30,2007,TOYOTA
EJ7888004Y,230052977,Gaithersburg Police Depar,Property Damage Crash,9/3/2023 16:00,SAME DIR REAR END,F0B56585-3719-4EE1-BFA2-34AE87731451,No,NO APPARENT INJURY,N/A,NOT DISTRACTED,MD,3D3268B5-3173-4875-85A0-555CFC31A068,FUNCTIONAL,SIX OCLOCK,(SPORT) UTILITY VEHICLE,STOPPED IN TRAFFIC LANE,Unknown,5,2012,GMC
MCP28570043,230064470,Montgomery County Police,Injury Crash,11/5/2023 0:58,SAME DIRECTION SIDESWIPE,ED698675-0CBA-4CFC-925B-66E03F5130C8,No,SUSPECTED MINOR INJURY,N/A,NOT DISTRACTED,MD,297A2869-5C75-4B6F-909B-BFFA4B7E9FAB,DISABLING,ELEVEN OCLOCK,PASSENGER CAR,MOVING CONSTANT SPEED,South,50,2009,TOYOTA
MCP3010004Y,190062269,Montgomery County Police,Property Damage Crash,12/27/2019 5:50,OTHER,BAD7141F-18C2-41D8-BC3C-2D487ED49A00,Yes,NO APPARENT INJURY,N/A,UNKNOWN,,525AA85D-DF61-4DE8-88A6-E0E266FBF5CA,UNKNOWN,UNKNOWN,PASSENGER CAR,BACKING,North,20,2016,TOYOTA
MCP2667008S,230057460,Montgomery County Police,Injury Crash,9/29/2023 11:55,HEAD ON LEFT TURN,C023935A-876B-4507-93BD-586DF9639730,No,POSSIBLE INJURY,N/A,NOT DISTRACTED,MD,7366E5E9-F969-4A47-81FF-1C9AD9BE00FF,DESTROYED,TWELVE OCLOCK,PASSENGER CAR,MOVING CONSTANT SPEED,North,35,2003,TOYOTA
DD5614000S,16032195,Rockville Police Departme,Property Damage Crash,6/25/2016 14:00,OTHER,F9F9CA71-472F-42C3-91CE-0674E8039192,Yes,NO APPARENT INJURY,N/A,UNKNOWN,,BB509E9F-BF86-4E57-8A5F-E150A7018BE4,UNKNOWN,UNKNOWN,,UNKNOWN,Unknown,15,0,UNKNOWN
MCP241100CC,230063316,Montgomery County Police,Property Damage Crash,10/30/2023 7:35,SAME DIRECTION RIGHT TURN,4E7638E6-0835-48B0-A3D0-82613B1C1814,Yes,NO APPARENT INJURY,N/A,UNKNOWN,,13E04E47-5881-486C-B11E-2B96D0356743,FUNCTIONAL,FIVE OCLOCK,PASSENGER CAR,ENTERING TRAFFIC LANE,South,30,2022,TOYOTA
MCP3022001W,180026081,Montgomery County Police,Property Damage Crash,5/27/2018 17:58,SAME DIR REAR END,38EE960A-670B-460B-8A0A-8D108AE375A2,Yes,NO APPARENT INJURY,N/A,UNKNOWN,MD,61BDEE57-3A70-45EA-80FD-FF25E485DDDD,SUPERFICIAL,TWELVE OCLOCK,PASSENGER CAR,SLOWING OR STOPPING,South,15,2017,TOYOTA
MCP2829004M,180019863,Montgomery County Police,Property Damage Crash,4/23/2018 14:12,SAME DIRECTION RIGHT TURN,E98B4733-B290-4B80-8187-966FBB9BC46F,No,NO APPARENT INJURY,N/A,NOT DISTRACTED,MD,06756F30-A251-4C66-A099-BA5C0735194A,DISABLING,TWELVE OCLOCK,"OTHER LIGHT TRUCKS (10,000LBS (4,536KG) OR LESS)",MOVING CONSTANT SPEED,South,40,2005,CHEVROLET
MCP1550004X,230069801,Montgomery County Police,Property Damage Crash,12/4/2023 13:48,SAME DIRECTION SIDESWIPE,920D8424-5765-4D44-A41E-795671127816,Yes,NO APPARENT INJURY,N/A,UNKNOWN,MD,90539219-7124-4221-A5C5-4251985945C4,SUPERFICIAL,ONE OCLOCK,(SPORT) UTILITY VEHICLE,MOVING CONSTANT SPEED,South,20,2017,JEEP
DD5630002P,200004801,Rockville Police Departme,Injury Crash,1/29/2020 15:09,STRAIGHT MOVEMENT ANGLE,5C65D9C5-AA42-4C32-9275-4630B281AB29,Yes,NO APPARENT INJURY,N/A,LOOKED BUT DID NOT SEE,MD,BDDF0890-C691-4E42-A13A-C9847FFB1298,DISABLING,TWELVE OCLOCK,PASSENGER CAR,MAKING LEFT TURN,North,25,2011,BMW
MCP33760013,230050165,Montgomery County Police,Injury Crash,8/18/2023 19:32,HEAD ON LEFT TURN,97995EEE-B3DC-45E8-9B50-B27250FCEC2F,Yes,SUSPECTED MINOR INJURY,N/A,NOT DISTRACTED,NH,EFAEAF2F-715D-4083-AFD2-1CC12A57FD79,DISABLING,TWELVE OCLOCK,PASSENGER CAR,MAKING LEFT TURN,West,35,2015,SUBA
MCP271700Y4,230059948,Montgomery County Police,Injury Crash,10/11/2023 19:15,SAME DIR REAR END,A63511C0-720B-4052-9658-8C626D25A496,Yes,NO APPARENT INJURY,N/A,UNKNOWN,MD,68622E20-73AF-4C62-A352-3C98469B19DE,FUNCTIONAL,TWELVE OCLOCK,(SPORT) UTILITY VEHICLE,MOVING CONSTANT SPEED,North,40,2015,HONDA
MCP32080052,230072282,Montgomery County Police,Property Damage Crash,12/18/2023 0:07,SINGLE VEHICLE,6BF80C76-A454-46D7-B7CC-0A9605B1C65D,Unknown,NO APPARENT INJURY,"RAIN, SNOW, WET",NOT DISTRACTED,VA,A82164DE-8310-4BC1-B866-EDC9A3841442,DISABLING,TWELVE OCLOCK,PASSENGER CAR,MOVING CONSTANT SPEED,West,55,2016,HYUNDAI
MCP32950031,230048965,Montgomery County Police,Property Damage Crash,8/7/2023 23:24,OTHER,4C558DB4-5B95-405A-BFC7-D9F77DE00C15,Yes,NO APPARENT INJURY,N/A,UNKNOWN,,0AC22E4E-A36A-4F65-9091-82159E726A4E,UNKNOWN,FIVE OCLOCK,PASSENGER CAR,BACKING,West,25,2016,TOYOTA
MCP2752005P,230049601,Montgomery County Police,Property Damage Crash,8/15/2023 16:00,SAME DIRECTION RIGHT TURN,010BAA4F-30E7-4DAA-887A-433E09E52585,No,NO APPARENT INJURY,N/A,NOT DISTRACTED,MD,6E55B21F-48F5-44FE-80EB-E4CB44510209,DISABLING,TWO OCLOCK,PASSENGER CAR,MOVING CONSTANT SPEED,North,35,2022,HYUNDAI
MCP3301001Y,230065853,Montgomery County Police,Property Damage Crash,11/11/2023 23:11,SAME DIR REAR END,43DB84B2-A37B-4F78-9456-A9259A1AF1D4,Unknown,NO APPARENT INJURY,N/A,UNKNOWN,MD,7FADF6C1-3B74-4A2E-B2A0-B7ED06BA85BD,SUPERFICIAL,SIX OCLOCK,PASSENGER CAR,SLOWING OR STOPPING,North,35,2015,HOND
MCP1291003S,230002529,Montgomery County Police,Property Damage Crash,1/16/2023 19:00,UNKNOWN,E3AC017E-08B9-41AF-82AB-5286E9AE828E,No,NO APPARENT INJURY,N/A,UNKNOWN,MD,4244A304-CD46-4E43-9F57-D0954CA478AB,UNKNOWN,UNDERSIDE,POLICE VEHICLE/EMERGENCY,UNKNOWN,Unknown,0,2019,DODGE
MCP3274001S,230034541,Montgomery County Police,Property Damage Crash,7/20/2023 12:14,HEAD ON LEFT TURN,E203A8EA-99D5-4590-87A6-8D0604206A8E,Yes,NO APPARENT INJURY,N/A,NOT DISTRACTED,MD,1469EB1B-CFE1-487D-BCBF-D6D2932867F6,SUPERFICIAL,ELEVEN OCLOCK,PASSENGER CAR,ACCELERATING,North,35,2017,KIA
DD55270050,230065472,Rockville Police Departme,Property Damage Crash,11/9/2023 21:00,OTHER,8FBBC00E-55CE-4161-AFD1-596A2C36337E,No,NO APPARENT INJURY,N/A,NOT DISTRACTED,MD,E6083EF0-A982-4F9A-88A1-12205E8E7CC5,DISABLING,TEN OCLOCK,PASSENGER CAR,MOVING CONSTANT SPEED,South,40,2019,HONDA
MCP28230044,230066876,Montgomery County Police,Injury Crash,11/17/2023 11:14,STRAIGHT MOVEMENT ANGLE,CF390D37-CCCE-4970-A188-B29722781109,No,NO APPARENT INJURY,N/A,NOT DISTRACTED,MD,24C3DB25-1B40-4D1F-B4E4-8BFE48C435BB,DISABLING,TWELVE OCLOCK,PASSENGER CAR,MOVING CONSTANT SPEED,South,40,2019,TOYOTA
DM8370001Y,230065035,Takoma Park Police Depart,Property Damage Crash,11/12/2023 4:12,SINGLE VEHICLE,CB923FEF-C452-4F6B-A000-BDE98285B727,Yes,NO APPARENT INJURY,N/A,NOT DISTRACTED,MD,F0966DE1-EA47-432F-AA99-DADCF8DBC710,DISABLING,TWELVE OCLOCK,PASSENGER CAR,MOVING CONSTANT SPEED,South,35,2015,DODGE
MCP33090025,230072145,Montgomery County Police,Injury Crash,12/17/2023 4:09,SINGLE VEHICLE,88617A40-C3D7-4359-9805-428C4CDCB69D,Yes,SUSPECTED SERIOUS INJURY,"N/A, WET",NOT DISTRACTED,MD,7B154C60-E72C-4CC8-9DC1-BAB086821050,DESTROYED,TWELVE OCLOCK,PASSENGER CAR,MOVING CONSTANT SPEED,North,35,2020,TOYT
EJ7888004T,230051121,Gaithersburg Police Depar,Injury Crash,8/24/2023 16:30,HEAD ON LEFT TURN,5641DF11-B121-45E7-AC59-1EEE7F0869F1,Yes,SUSPECTED MINOR INJURY,N/A,LOOKED BUT DID NOT SEE,DC,0D45FBC7-6B63-4882-B71F-18564A77AE05,DISABLING,ELEVEN OCLOCK,(SPORT) UTILITY VEHICLE,MAKING LEFT TURN,West,35,2019,HONDA
MCP1564007M,230062102,Montgomery County Police,Property Damage Crash,10/23/2023 12:08,OTHER,42A802B3-03DD-4F04-BED6-DF5F6F0CF25D,Yes,NO APPARENT INJURY,N/A,UNKNOWN,,EF9DDEFD-F6E3-4E91-8072-08D5FA93E9B9,FUNCTIONAL,TWELVE OCLOCK,PASSENGER CAR,PARKING,North,15,2017,HONDA
MCP2970001N,16024116,Montgomery County Police,Injury Crash,5/15/2016 11:44,SAME DIRECTION RIGHT TURN,92AE750E-A375-4BB7-B7A0-7C4B0242A31B,Yes,NO APPARENT INJURY,N/A,LOOKED BUT DID NOT SEE,MD,CED0A717-FC23-4A2B-A4EB-8F2F5F380987,DISABLING,FOUR OCLOCK,PASSENGER CAR,CHANGING LANES,East,40,2014,ACUR
MCP3350002C,230071929,Montgomery County Police,Property Damage Crash,12/15/2023 15:11,SAME DIRECTION SIDESWIPE,4FE0892C-2609-48B1-B656-602D70DDBFBA,No,NO APPARENT INJURY,N/A,NOT DISTRACTED,MD,22AC2434-D6C8-495E-B940-FF643D7142C1,SUPERFICIAL,ONE OCLOCK,VAN,ACCELERATING,West,30,2023,RAM
MCP3160004T,230046222,Montgomery County Police,Property Damage Crash,7/26/2023 14:00,SAME DIRECTION SIDESWIPE,DF3319CE-0BD3-416F-8D4A-1CF51F54CC9C,Yes,NO APPARENT INJURY,N/A,LOOKED BUT DID NOT SEE,MD,257EEBC1-233A-40B8-9C61-B45C582834F3,SUPERFICIAL,TWO OCLOCK,PASSENGER CAR,MOVING CONSTANT SPEED,East,35,2023,FORD
MCP2881005X,230058918,Montgomery County Police,Injury Crash,10/6/2023 12:15,STRAIGHT MOVEMENT ANGLE,81CA44FB-E17F-467F-890F-4C1082B296A0,No,POSSIBLE INJURY,N/A,NOT DISTRACTED,MD,574C75C5-046B-446F-8B9E-F0952F839952,FUNCTIONAL,TEN OCLOCK,PASSENGER CAR,MAKING LEFT TURN,South,40,2012,SUBA
MCP3337001X,230057382,Montgomery County Police,Property Damage Crash,9/28/2023 20:03,SAME DIR REAR END,EB5529C9-1666-4C08-8AB1-CFB5C9DCA191,No,NO APPARENT INJURY,N/A,NOT DISTRACTED,MD,9967ABE6-869D-4134-B091-22C6F9F75B35,DISABLING,SIX OCLOCK,PASSENGER CAR,SLOWING OR STOPPING,North,30,2005,BMW
MCP2760004G,230066367,Montgomery County Police,Property Damage Crash,11/14/2023 20:00,ANGLE MEETS LEFT TURN,15FF0D24-1FA2-4F26-8824-73B816DB4E1A,No,NO APPARENT INJURY,N/A,NOT DISTRACTED,MD,BD5C93EF-9EF2-47C0-956D-67342FCB0F01,SUPERFICIAL,TWELVE OCLOCK,"CARGO VAN/LIGHT TRUCK 2 AXLES (OVER 10,000LBS (4,536 KG))",MOVING CONSTANT SPEED,South,35,2021,ISU
DD559500FC,230066545,Rockville Police Departme,Injury Crash,11/15/2023 17:42,OTHER,F08228E6-1375-4926-8CDD-133F60D8AA80,Yes,NO APPARENT INJURY,N/A,LOOKED BUT DID NOT SEE,MD,3D70FD0D-20B9-41EB-AA94-91358731D215,NO DAMAGE,TWELVE OCLOCK,PASSENGER CAR,MAKING LEFT TURN,North,40,2019,NISSAN
MCP26740047,230051529,Montgomery County Police,Injury Crash,8/26/2023 18:34,SINGLE VEHICLE,F9EF6112-1588-4E4F-A9EC-E1AB65F6B781,Yes,POSSIBLE INJURY,N/A,UNKNOWN,MD,178C55C9-1094-43DF-A851-7C5869795E1B,DISABLING,TWELVE OCLOCK,PASSENGER CAR,ACCELERATING,North,25,2013,CHEVY
MCP31840037,230061921,Montgomery County Police,Property Damage Crash,10/22/2023 5:51,SINGLE VEHICLE,BB56AF51-D4C1-4793-8FEA-9389DBC7F7D7,Yes,NO APPARENT INJURY,N/A,NOT DISTRACTED,MD,3C739153-2842-47B1-91A2-052F272E859F,FUNCTIONAL,TWELVE OCLOCK,PASSENGER CAR,MOVING CONSTANT SPEED,West,35,2015,MAZDA
MCP2797001R,180001321,Montgomery County Police,Property Damage Crash,1/9/2018 15:24,SAME DIRECTION LEFT TURN,7E3958D2-063F-4C95-8ADF-A3EDD1045F87,No,NO APPARENT INJURY,N/A,NOT DISTRACTED,MD,6380E225-1486-4B30-8EE8-E43342B37852,SUPERFICIAL,ELEVEN OCLOCK,TRANSIT BUS,MAKING LEFT TURN,East,35,2013,NEW FLYER
EJ7885003V,230067707,Gaithersburg Police Depar,Property Damage Crash,11/21/2023 20:16,SAME DIRECTION SIDESWIPE,002E6C87-6CA9-40BC-889D-D69E653E3063,No,NO APPARENT INJURY,N/A,NOT DISTRACTED,MD,FD446AF7-92E3-46DD-A186-B7B2D33846D1,FUNCTIONAL,TEN OCLOCK,PASSENGER CAR,MOVING CONSTANT SPEED,North,35,2015,FORD
MCP24560084,230069744,Montgomery County Police,Property Damage Crash,12/4/2023 9:45,SAME DIRECTION SIDESWIPE,83E12048-C6B7-4890-83C5-362AB315B9E7,No,NO APPARENT INJURY,N/A,NOT DISTRACTED,MD,CA144DCA-AEFC-41E3-9AD2-4EE1CB036D56,SUPERFICIAL,TEN OCLOCK,PICKUP TRUCK,MOVING CONSTANT SPEED,South,35,2017,TOYOTA
MCP2633003C,230056383,Montgomery County Police,Property Damage Crash,9/22/2023 20:29,OTHER,DDAE9AC5-F02C-4992-9F73-421F41742D5A,Yes,NO APPARENT INJURY,N/A,UNKNOWN,MD,45887D75-2BD0-4C91-A3B3-9470718F4A25,DISABLING,TWELVE OCLOCK,PASSENGER CAR,MAKING U TURN,South,35,2016,TOYT
MCP235800C1,230066432,Montgomery County Police,Property Damage Crash,11/15/2023 8:30,SAME DIRECTION LEFT TURN,73A4F644-D786-48BF-A410-C229B85EAC52,Unknown,NO APPARENT INJURY,N/A,NOT DISTRACTED,MD,4C505D6F-7E5D-4B80-8B7D-FEED4B4C3CF2,SUPERFICIAL,EIGHT OCLOCK,TRANSIT BUS,MAKING LEFT TURN,South,35,2020,GILG
MCP3300002H,230065252,Montgomery County Police,Property Damage Crash,11/8/2023 21:30,HEAD ON LEFT TURN,DB038C65-FB60-4CF0-9D27-49F9C0997EF6,No,NO APPARENT INJURY,N/A,NOT DISTRACTED,MD,5887BDFB-60BB-43DC-B1D9-2BCD81E2FDCD,SUPERFICIAL,TEN OCLOCK,PASSENGER CAR,MOVING CONSTANT SPEED,North,35,2008,CHEV
MCP93650028,230069308,Montgomery County Police,Property Damage Crash,12/1/2023 13:31,SAME DIR REAR END,FDD2BDC2-7A33-4010-8189-E6C8FF63F6A1,Yes,NO APPARENT INJURY,"RAIN, SNOW, WET",UNKNOWN,MD,4EB55101-84F0-41EC-B0D6-B2120B569AC2,NO DAMAGE,TWELVE OCLOCK,SCHOOL BUS,SLOWING OR STOPPING,West,15,2013,THOMAS
MCP2760004H,230066932,Montgomery County Police,Injury Crash,11/17/2023 16:10,OTHER,AD7641C3-56AE-48F0-AD27-D40054026D26,No,NO APPARENT INJURY,N/A,NOT DISTRACTED,MD,A1F76693-BD2B-4E4D-B8E4-E196EBE38433,FUNCTIONAL,TWELVE OCLOCK,PASSENGER CAR,MOVING CONSTANT SPEED,West,35,2009,TOYT
MCP2456008B,230074353,Montgomery County Police,Injury Crash,12/31/2023 9:30,SINGLE VEHICLE,0C80A645-7748-4DA4-A0CF-10E3E7401EE1,Yes,POSSIBLE INJURY,N/A,UNKNOWN,MD,567651CB-BAE5-4DDD-A707-3E491B35EF09,DISABLING,FOUR OCLOCK,PASSENGER CAR,MOVING CONSTANT SPEED,North,40,2023,HOND
MCP3044006W,230060175,Montgomery County Police,Property Damage Crash,10/12/2023 21:07,STRAIGHT MOVEMENT ANGLE,D950582E-D180-44C9-B21F-0556C00EF43C,No,NO APPARENT INJURY,N/A,NOT DISTRACTED,MD,F0EBCED9-9F71-472D-9BAF-B3AD44DBE6BC,FUNCTIONAL,TWELVE OCLOCK,SCHOOL BUS,MOVING CONSTANT SPEED,South,30,2022,THOMAS
MCP3170003V,240000438,Montgomery County Police,Property Damage Crash,1/3/2024 14:55,OPPOSITE DIRECTION SIDESWIPE,D651C16B-F61D-49D4-9F27-A3513DD40A1C,Yes,NO APPARENT INJURY,N/A,LOOKED BUT DID NOT SEE,MD,904F2114-2B56-46D9-B105-356073FA1D8A,NO DAMAGE,EIGHT OCLOCK,SCHOOL BUS,MOVING CONSTANT SPEED,North,0,2015,FRHT
EJ7837006Z,230050232,Gaithersburg Police Depar,Property Damage Crash,8/19/2023 10:10,SAME DIRECTION SIDESWIPE,12F3B27F-B96B-4B7C-AAC6-59731EE47607,Yes,NO APPARENT INJURY,N/A,DISTRACTED BY OUTSIDE PERSON OBJECT OR EVENT,MD,D2E78AC1-BF42-4722-9A0C-8E7290B7BDD3,DISABLING,ELEVEN OCLOCK,PASSENGER CAR,CHANGING LANES,West,35,2022,KIA
MCP2286005F,230054709,Montgomery County Police,Injury Crash,9/13/2023 18:30,HEAD ON LEFT TURN,24AC39B1-71B7-46B2-A3B0-16D57C8F5B1F,Unknown,NO APPARENT INJURY,N/A,LOOKED BUT DID NOT SEE,MD,4D383DE7-E957-4B78-AE25-949BCCF2E637,FUNCTIONAL,TWELVE OCLOCK,PASSENGER CAR,MAKING LEFT TURN,South,40,2007,NISSAN
MCP3090002Y,190041546,Montgomery County Police,Property Damage Crash,8/30/2019 10:39,OTHER,6E8A3D53-8D89-4E3D-8001-156E8F322EBD,Yes,NO APPARENT INJURY,N/A,UNKNOWN,MD,173C4C72-E173-4EDF-A4BC-CA61D056ABB2,SUPERFICIAL,SIX OCLOCK,(SPORT) UTILITY VEHICLE,BACKING,South,5,2013,HONDA
MCP2603005M,230063559,Montgomery County Police,Property Damage Crash,10/31/2023 10:24,SAME DIR REAR END,C35E9378-BC03-4A4C-AAD8-C304F9E83779,Yes,NO APPARENT INJURY,N/A,NOT DISTRACTED,MD,CBCE9E53-9CB9-4185-B62D-7C43647D7898,FUNCTIONAL,TWELVE OCLOCK,PASSENGER CAR,MOVING CONSTANT SPEED,South,35,2012,HOND
MCP13780162,230060121,Montgomery County Police,Injury Crash,10/12/2023 16:25,SAME DIR REAR END,68166C71-20F1-41BE-A552-3CF9B822A2C2,No,NO APPARENT INJURY,N/A,NOT DISTRACTED,PA,757002A1-FB24-44E5-860B-3FF504B35023,FUNCTIONAL,SIX OCLOCK,VAN,SLOWING OR STOPPING,North,55,2017,CHEVROLET
MCP2723007N,230053526,Montgomery County Police,Injury Crash,9/6/2023 20:00,SINGLE VEHICLE,CBAAEAF8-91D0-4E7C-A141-79B634BDB83A,No,NO APPARENT INJURY,N/A,LOOKED BUT DID NOT SEE,XX,BCE8BA5C-0B5E-4762-B122-538E4CCD2B31,NO DAMAGE,TWELVE OCLOCK,PASSENGER CAR,MAKING RIGHT TURN,West,30,2011,NISSAN
DD5657001J,230069793,Rockville Police Departme,Property Damage Crash,12/4/2023 13:20,SAME DIR REAR END,B79DE42E-B18B-458B-B8A3-0EE1ACF572FD,Yes,NO APPARENT INJURY,N/A,NOT DISTRACTED,MD,AD03083F-D439-4BE9-9B2D-4F88A1287453,SUPERFICIAL,ONE OCLOCK,PASSENGER CAR,STOPPED IN TRAFFIC LANE,East,15,2000,TOYT
MCP3322000C,220006397,Montgomery County Police,Injury Crash,2/14/2022 11:00,STRAIGHT MOVEMENT ANGLE,4C4F76A9-4EE2-400E-A7AD-A7E3C8B5E4C9,No,POSSIBLE INJURY,N/A,NOT DISTRACTED,MD,5A977E69-25E1-47B6-879F-3F5D924C9F76,SUPERFICIAL,TEN OCLOCK,PASSENGER CAR,MOVING CONSTANT SPEED,East,40,2018,HYUN
MCP2000001R,230060604,Montgomery County Police,Property Damage Crash,10/15/2023 1:34,SAME DIR REAR END,4B668626-7D8C-41C7-8AC8-42EF71B15E1F,No,NO APPARENT INJURY,"N/A, WET",NOT DISTRACTED,MD,0B2C3AD5-BAF4-4694-97D4-CA6DBD9661E6,FUNCTIONAL,SIX OCLOCK,PASSENGER CAR,PARKED,,40,2014,MITSUBISHI
MCP2848003K,16060897,Montgomery County Police,Property Damage Crash,11/27/2016 10:36,SAME DIR REAR END,DA7B7DFD-2E54-416F-BB34-6912F41015F8,No,NO APPARENT INJURY,N/A,NOT DISTRACTED,MD,D76D1960-7DB8-4396-8CCF-51A49B08153B,FUNCTIONAL,SIX OCLOCK,PASSENGER CAR,SLOWING OR STOPPING,East,40,2013,CHEVROLET
MCP31070025,230056412,Montgomery County Police,Injury Crash,9/23/2023 0:12,SINGLE VEHICLE,A5E13735-C78D-4C44-90CC-95BD6ED6206C,Yes,SUSPECTED MINOR INJURY,"RAIN, SNOW, WET",NOT DISTRACTED,MD,09743024-2DA3-43D7-AF05-63E6B3675D95,DESTROYED,ONE OCLOCK,PASSENGER CAR,PASSING,North,25,2007,NISSAN
MCP241100C8,230059855,Montgomery County Police,Property Damage Crash,10/11/2023 12:48,HEAD ON LEFT TURN,8EDC4F7E-AFE4-40DD-A348-D0A650856E54,No,NO APPARENT INJURY,N/A,NOT DISTRACTED,MD,70091B30-9176-4F1F-8882-3308A09FF3AF,DISABLING,TWELVE OCLOCK,PASSENGER CAR,MOVING CONSTANT SPEED,East,40,2007,TOYOTA
MCP3263003P,230052815,Montgomery County Police,Injury Crash,9/2/2023 15:45,OTHER,4187DAB6-9C1C-4BBA-9362-307C5C766E3C,Yes,NO APPARENT INJURY,N/A,LOOKED BUT DID NOT SEE,MD,2FDFEE97-4164-4A3F-A6F3-D8A7D8EFFAE7,NO DAMAGE,TWELVE OCLOCK,PASSENGER CAR,MAKING RIGHT TURN,West,25,2021,VOLVO
EJ7893002X,230053722,Gaithersburg Police Depar,Injury Crash,9/7/2023 21:46,STRAIGHT MOVEMENT ANGLE,F6290910-A8F6-4920-8F45-731C065CB37A,No,SUSPECTED MINOR INJURY,N/A,NOT DISTRACTED,MD,A73520B9-E0E2-4C36-A95E-C9358C37A247,DISABLING,TWELVE OCLOCK,PASSENGER CAR,MOVING CONSTANT SPEED,West,25,2018,MAZDA