Report Number,Local Case Number,Agency Name,ACRS Report Type,Crash Date/Time,Collision Type,Person ID,Driver At Fault,Injury Severity,Circumstance,Driver Distracted By,Drivers License State,Vehicle ID,Vehicle Damage Extent,Vehicle First Impact Location,Vehicle Body Type,Vehicle Movement,Vehicle Going Dir,Speed Limit,Vehicle Year,Vehicle Make
MCP1174006H,230057350,Montgomery County Police,Property Damage Crash,9/28/2023 17:16,SAME DIRECTION RIGHT TURN,3CBA1DBF-2E05-430D-A228-AA8F7EA926D7,Yes,NO APPARENT INJURY,N/A,NOT DISTRACTED,MD,FBA2D12B-211A-407C-83DB-870A85B30E0D,SUPERFICIAL,FOUR OCLOCK,PASSENGER CAR,MOVING CONSTANT SPEED,West,25,2020,TOYOTA
MCP22700024,230052181,Montgomery County Police,Property Damage Crash,8/30/2023 11:15,ANGLE MEETS LEFT TURN,4ACCBBAF-D12C-47AE-9F43-0BC3B54CA9B6,Yes,NO APPARENT INJURY,N/A,LOOKED BUT DID NOT SEE,MD,71B2D424-6AD8-4D66-A91C-38089F11E9D4,FUNCTIONAL,TEN OCLOCK,VAN,MAKING LEFT TURN,West,30,2018,DODGE
MCP31620043,220024591,Montgomery County Police,Injury Crash,6/8/2022 14:45,SAME DIRECTION SIDESWIPE,BC34BF58-2D86-4665-A97D-821431B7D239,No,POSSIBLE INJURY,N/A,NOT DISTRACTED,VA,478AF74B-9453-47D1-A7C9-706D7C79F1A0,SUPERFICIAL,TEN OCLOCK,TRANSIT BUS,MOVING CONSTANT SPEED,North,35,2013,NEW FLYER
MCP9419004W,230063984,Montgomery County Police,Property Damage Crash,11/2/2023 12:29,SINGLE VEHICLE,B6035A9A-08B7-4A87-8368-788F812FD315,Yes,NO APPARENT INJURY,N/A,LOOKED BUT DID NOT SEE,MD,BE1B8C9C-147A-41BE-B268-786ED09DFDCB,NO DAMAGE,ROOF TOP,"CARGO VAN/LIGHT TRUCK 2 AXLES (OVER 10,000LBS (4,536 KG))",STARTING FROM PARKED,West,0,2023,FREIGHTLINER
MCP1205009X,230062485,Montgomery County Police,Property Damage Crash,10/25/2023 12:01,STRAIGHT MOVEMENT ANGLE,61305B30-3FBA-4436-8DBA-9A02FC1D3F5D,Yes,NO APPARENT INJURY,N/A,NOT DISTRACTED,MD,E7379F5C-3C55-4522-B9AA-A84C14B66A25,DISABLING,TWELVE OCLOCK,VAN,MAKING LEFT TURN,North,30,2013,TOTOTA
DD561500FM,230049238,Rockville Police Departme,Property Damage Crash,8/13/2023 12:55,STRAIGHT MOVEMENT ANGLE,55CB90F4-5C69-4D44-93CB-C06124297E44,Yes,NO APPARENT INJURY,N/A,LOOKED BUT DID NOT SEE,MD,5E12922F-17DB-4534-8975-36733B3549C0,FUNCTIONAL,TWELVE OCLOCK,PASSENGER CAR,MOVING CONSTANT SPEED,South,40,2016,MERCEDES
MCP2855004Z,230068811,Montgomery County Police,Property Damage Crash,11/28/2023 15:30,SAME DIR REAR END,ADFE4190-E7D6-4D54-BAD8-E7EBBE130850,Yes,NO APPARENT INJURY,N/A,UNKNOWN,XX,823A1612-8EA1-4814-82FD-7CF59F9C6E96,NO DAMAGE,TWELVE OCLOCK,PASSENGER CAR,SLOWING OR STOPPING,South,40,1994,TOYT
MCP3347001L,230071966,Montgomery County Police,Property Damage Crash,12/15/2023 18:12,HEAD ON LEFT TURN,EE52D7DB-34CB-4409-A441-1D52259287E6,Yes,NO APPARENT INJURY,N/A,UNKNOWN,,38BA3CBD-FC56-44AC-88EA-780B71BE8D23,UNKNOWN,TWELVE OCLOCK,,MAKING LEFT TURN,South,35,0,UNKNOWN
MCP3339002G,230050681,Montgomery County Police,Property Damage Crash,8/22/2023 11:48,SAME DIR REAR END,D88F51EA-63FB-4C4D-B1C6-3A8E27D721B8,Yes,NO APPARENT INJURY,N/A,NOT DISTRACTED,MD,87F48FB7-96E2-4C69-89EC-DB4902529551,DISABLING,TWELVE OCLOCK,PASSENGER CAR,SLOWING OR STOPPING,North,35,2019,HYUNDAI
MCP2881005T,230053276,Montgomery County Police,Property Damage Crash,9/5/2023 13:08,SAME DIRECTION SIDESWIPE,B980E4C7-0765-4144-A1E4-C07FF55D603A,Yes,NO APPARENT INJURY,N/A,NOT DISTRACTED,MD,B745CD9F-755E-4C09-8D02-C34B98145D34,DISABLING,ONE OCLOCK,PASSENGER CAR,MOVING CONSTANT SPEED,North,40,2012,HOND
MCP3368001H,230050109,Montgomery County Police,Injury Crash,8/18/2023 13:51,HEAD ON LEFT TURN,BA684C9E-5D3D-42BD-AE50-0C40C509F8EC,No,NO APPARENT INJURY,N/A,NOT DISTRACTED,MD,AD042246-7324-45D3-ABAC-9ED8679AB640,SUPERFICIAL,ELEVEN OCLOCK,OTHER BUS,MAKING LEFT TURN,East,35,2022,FORD
MCP29910094,230073787,Montgomery County Police,Property Damage Crash,12/27/2023 9:30,STRAIGHT MOVEMENT ANGLE,1CA9DE50-89A7-486A-9C57-ED7BCA547863,No,NO APPARENT INJURY,"N/A, WET",NOT DISTRACTED,MD,304A9448-78D8-4F84-B247-3922CFCD0A0D,DISABLING,TWELVE OCLOCK,PASSENGER CAR,MOVING CONSTANT SPEED,East,20,2002,FORD
MCP2866008M,230058951,Montgomery County Police,Property Damage Crash,10/6/2023 14:55,SAME DIR REAR END,72F731DE-4653-44AF-B533-E371E0BD021A,No,NO APPARENT INJURY,N/A,NOT DISTRACTED,MD,ACFE8174-D6D6-4C24-B3DA-0805E2F8EBF2,SUPERFICIAL,SIX OCLOCK,PASSENGER CAR,STOPPED IN TRAFFIC LANE,North,45,2012,HONDA
MCP1213008J,230059499,Montgomery County Police,Injury Crash,10/9/2023 16:24,SINGLE VEHICLE,08EA0E06-2960-483A-9F8C-AF94324E483E,Yes,POSSIBLE INJURY,N/A,OTHER DISTRACTION,MD,3E0C784A-4210-49C6-8FD6-73BD3297169D,DISABLING,ELEVEN OCLOCK,PASSENGER CAR,MOVING CONSTANT SPEED,East,40,2005,TOYOTA
MCP31920047,230053465,Montgomery County Police,Property Damage Crash,9/6/2023 16:03,SAME DIRECTION SIDESWIPE,ADAC3DF1-D1A8-412C-93E1-21B423144CA5,No,NO APPARENT INJURY,N/A,NOT DISTRACTED,MD,82CD977C-009A-48C0-A173-49698CBD84DD,FUNCTIONAL,TWELVE OCLOCK,PASSENGER CAR,SLOWING OR STOPPING,South,25,2014,ACUR
DD561500FK,230047438,Rockville Police Departme,Injury Crash,8/2/2023 10:05,SAME DIR REAR END,4199839C-2BBB-47F6-A473-EABAADEC73A3,No,POSSIBLE INJURY,N/A,NOT DISTRACTED,MD,B1716681-F752-43E4-95D2-DB2689A3A79A,FUNCTIONAL,SIX OCLOCK,PASSENGER CAR,STOPPED IN TRAFFIC LANE,East,35,2023,KIA
MCP3080003L,230048626,Montgomery County Police,Injury Crash,8/9/2023 17:26,SAME DIR REAR END,D8741B47-C390-41BC-931C-D82EE5F363FB,Yes,NO APPARENT INJURY,N/A,UNKNOWN,MD,7D3E6593-909D-4945-A05D-476CE01E7FFB,FUNCTIONAL,TWELVE OCLOCK,PASSENGER CAR,SLOWING OR STOPPING,South,40,2017,FORD
MCP32630042,230066775,Montgomery County Police,Property Damage Crash,11/16/2023 17:54,SAME DIRECTION RIGHT TURN,D55330EC-416A-4CA4-83FC-D5C93ED908E9,No,NO APPARENT INJURY,N/A,NOT DISTRACTED,MD,D88CF6A2-FF04-4D65-8643-76E43B1E3B8C,DISABLING,TWELVE OCLOCK,PASSENGER CAR,MOVING CONSTANT SPEED,West,35,2013,HYUNDAI
MCP3158004P,230072862,Montgomery County Police,Injury Crash,12/20/2023 22:42,SINGLE VEHICLE,B94EB41C-B194-434D-B210-462E91314FC5,Yes,POSSIBLE INJURY,N/A,UNKNOWN,MD,A6CB5997-BB8D-44EB-BEEC-DC9E73E581FB,DISABLING,TWELVE OCLOCK,PASSENGER CAR,MOVING CONSTANT SPEED,South,30,1998,DODGE
DD5663000J,230073691,Rockville Police Departme,Injury Crash,12/26/2023 14:34,SAME DIR REAR END,7DD5D600-A591-4D47-8D01-435D7A082C2D,Yes,POSSIBLE INJURY,N/A,NOT DISTRACTED,MD,8DFBA4ED-DCA5-416B-A330-8F9A4EB8E4E4,DISABLING,TWELVE OCLOCK,PASSENGER CAR,MOVING CONSTANT SPEED,North,40,2001,ACUR
MCP3271003M,230048424,Montgomery County Police,Property Damage Crash,8/2/2023 10:20,SAME DIR REAR END,76FE5928-48E1-47C8-BA6B-33024CF99724,Yes,NO APPARENT INJURY,N/A,UNKNOWN,MD,363B5A68-C873-4E8C-B2F3-0DC8C2C8EF6D,SUPERFICIAL,TWELVE OCLOCK,PASSENGER CAR,SLOWING OR STOPPING,South,35,2015,BMW
MCP2399007B,230066546,Montgomery County Police,Property Damage Crash,11/15/2023 17:22,SAME DIR REAR END,CD3D15DA-CB69-4B4D-80EB-5D43C50A1510,Yes,NO APPARENT INJURY,N/A,NOT DISTRACTED,MD,A8E3DE73-1D9F-495B-8084-4566DE981ED6,DISABLING,TWELVE OCLOCK,PASSENGER CAR,MOVING CONSTANT SPEED,West,40,2008,CHEV
MCP2347004J,230070605,Montgomery County Police,Property Damage Crash,12/8/2023 13:15,SAME DIRECTION LEFT TURN,ECF1304B-2978-42E3-BE34-DA16E4D2F46C,No,NO APPARENT INJURY,N/A,NOT DISTRACTED,MD,AA7E1FAE-1647-465D-8F5D-8C75DA6E761F,DISABLING,TWO OCLOCK,PASSENGER CAR,MOVING CONSTANT SPEED,East,35,2022,HONDA
MCP2039008T,230047312,Montgomery County Police,Injury Crash,8/1/2023 14:48,STRAIGHT MOVEMENT ANGLE,D291E80F-CF9E-4F0F-BAD4-759086F09968,Yes,NO APPARENT INJURY,N/A,LOOKED BUT DID NOT SEE,MD,7D991476-2807-42C2-8251-7079B50ADCDD,DISABLING,TWO OCLOCK,PASSENGER CAR,STARTING FROM LANE,North,25,2018,BMW
MCP32640040,230053217,Montgomery County Police,Injury Crash,9/5/2023 9:00,OTHER,0FC04E1F-AB95-4FBA-A956-51AD099C27A9,Yes,NO APPARENT INJURY,N/A,LOOKED BUT DID NOT SEE,DC,AE6C9FF9-5762-4553-9B2B-55447413519F,NO DAMAGE,TWELVE OCLOCK,PASSENGER CAR,MOVING CONSTANT SPEED,East,25,2019,TOYOTA
MCP2603005D,230052798,Montgomery County Police,Property Damage Crash,9/2/2023 13:11,SINGLE VEHICLE,CB357F5A-7FB0-43A1-8FDF-A4535A15FB44,Yes,NO APPARENT INJURY,N/A,UNKNOWN,MD,945D3D87-D6E8-40DE-A660-95CA702E1DCA,SUPERFICIAL,TWELVE OCLOCK,PASSENGER CAR,PARKING,North,0,2012,HYUN
MCP91180044,230050807,Montgomery County Police,Property Damage Crash,8/23/2023 1:19,SAME DIRECTION SIDESWIPE,479D6844-C1DA-496D-B9C9-54C6AAA6AF29,Yes,NO APPARENT INJURY,N/A,UNKNOWN,CA,BA8E8BD5-ED4B-4753-8583-D6C77D0F1578,DISABLING,TWELVE OCLOCK,PASSENGER CAR,MAKING RIGHT TURN,West,35,2013,FORD
DD5643003C,230073348,Rockville Police Departme,Property Damage Crash,12/23/2023 17:02,OTHER,7FBAED92-E59B-4FF8-BF75-AA04AD96D16B,Yes,NO APPARENT INJURY,N/A,LOOKED BUT DID NOT SEE,MD,637F0176-415C-4628-9131-12792726D67D,FUNCTIONAL,ELEVEN OCLOCK,PASSENGER CAR,RIGHT TURN ON RED,North,25,2013,BMW
MCP32390034,230056453,Montgomery County Police,Property Damage Crash,9/23/2023 10:07,SAME DIRECTION LEFT TURN,77EC8288-A5FF-4F3B-9D05-AAB63E3411B4,No,NO APPARENT INJURY,"SLEET, HAIL, FREEZ. RAIN, WET",NOT DISTRACTED,MD,A0F9B9B3-E1BA-4B94-BCF8-C09266273D41,DISABLING,ONE OCLOCK,VAN,MOVING CONSTANT SPEED,West,50,2010,HONDA
MCP1354001X,230053464,Montgomery County Police,Injury Crash,9/6/2023 15:55,STRAIGHT MOVEMENT ANGLE,E9D04CF8-2E13-45F6-AB2D-F5C5E1C52038,No,POSSIBLE INJURY,N/A,NOT DISTRACTED,MD,36D23403-6659-4C5C-BB7F-4343F74428A2,FUNCTIONAL,ELEVEN OCLOCK,PASSENGER CAR,MOVING CONSTANT SPEED,East,30,2008,VOLK
MCP94320043,230068252,Montgomery County Police,Property Damage Crash,11/25/2023 19:50,SAME DIR REAR END,47F22D87-23DB-4275-BFEA-F3210C33AE3C,No,NO APPARENT INJURY,"ANIMAL, DEBRIS OR OBSTRUCTION",NOT DISTRACTED,MD,9C06CD7C-F4DB-4572-A275-0953D1771A87,DISABLING,SIX OCLOCK,PASSENGER CAR,STOPPED IN TRAFFIC LANE,West,40,2019,BMW
MCP1083000D,15048387,MONTGOMERY,Injury Crash,9/24/2015 8:54,SAME DIR REND LEFT TURN,21D3BC76-4CD4-4503-ADB7-0D8B081C2D56,Yes,SUSPECTED MINOR INJURY,N/A,NOT DISTRACTED,MD,AF12F866-3EFF-4463-84D3-7E4B5E4D018B,UNKNOWN,TWELVE OCLOCK,MOTORCYCLE,MOVING CONSTANT SPEED,West,35,2013,TRIUMPH
MCP2552006H,230057765,Montgomery County Police,Injury Crash,9/30/2023 21:10,OTHER,025B5151-0F79-4D41-B9B5-D7D95020D77B,No,NO APPARENT INJURY,N/A,NOT DISTRACTED,MD,F4477042-CFE3-43A8-9785-41E65D4B5C6B,SUPERFICIAL,SIX OCLOCK,PASSENGER CAR,STOPPED IN TRAFFIC LANE,North,35,2018,HYUNDAI
DD55830085,230035194,Rockville Police Departme,Injury Crash,7/24/2023 10:52,SAME DIR REAR END,4B1A7E9C-5622-4A23-A9A8-89EAFB0133E2,Yes,NO APPARENT INJURY,N/A,UNKNOWN,MD,6B91A603-035D-49E2-BFA6-3ACF583D6D6E,DISABLING,TWELVE OCLOCK,PASSENGER CAR,SLOWING OR STOPPING,North,35,2017,HONDA
MCP3256002M,230067843,Montgomery County Police,Injury Crash,11/22/2023 15:49,SAME DIR REAR END,082CDB63-4444-4759-A960-ECE3044D5036,Yes,NO APPARENT INJURY,N/A,LOOKED BUT DID NOT SEE,GA,4EC0715E-AD12-4F79-A41E-91BF0643F531,NO DAMAGE,TWELVE OCLOCK,PICKUP TRUCK,ACCELERATING,West,30,2017,DODGE
MCP1314000H,18050085,Montgomery County Police,Property Damage Crash,10/6/2018 22:55,SINGLE VEHICLE,FF5232BC-AD07-4CB1-AB33-48A4C481DB88,Yes,NO APPARENT INJURY,N/A,NOT DISTRACTED,MD,E78A070D-3D62-4AF1-A2E3-FD4171D08542,SUPERFICIAL,FIVE OCLOCK,AMBULANCE/EMERGENCY,BACKING,East,0,2017,DODGE
MCP24870039,230054462,Montgomery County Police,Injury Crash,9/12/2023 13:50,HEAD ON LEFT TURN,5E53E078-01C6-40CA-B61A-6DE58EBC265E,Yes,POSSIBLE INJURY,N/A,LOOKED BUT DID NOT SEE,MD,ECCDB04E-6582-4CE0-992E-2D1C6E5CCC82,DISABLING,FIVE OCLOCK,PASSENGER CAR,MAKING LEFT TURN,West,50,2004,HONDA
MCP2835003B,230073403,Montgomery County Police,Property Damage Crash,12/23/2023 23:27,SAME DIRECTION SIDESWIPE,CB906FF3-B0D0-4FE0-8943-F7FBC0043DB3,No,NO APPARENT INJURY,N/A,NOT DISTRACTED,MD,8F0CF51A-46D2-4045-ACC0-F9136C80831C,SUPERFICIAL,TEN OCLOCK,PASSENGER CAR,MOVING CONSTANT SPEED,North,30,2017,HOND
MCP3374001J,230067018,Montgomery County Police,Property Damage Crash,11/18/2023 0:43,SINGLE VEHICLE,81C174CE-D9A8-4150-AE46-BA1A1E835272,Yes,NO APPARENT INJURY,"N/A, WET",UNKNOWN,MD,F7AD579E-7460-4678-969C-0D4CEBB8AB4E,DESTROYED,TWELVE OCLOCK,PASSENGER CAR,MOVING CONSTANT SPEED,East,35,2007,INFINITI
MCP2782004S,230049980,Montgomery County Police,Injury Crash,8/17/2023 18:39,STRAIGHT MOVEMENT ANGLE,A5FAD529-5314-4E7F-B01D-22D476A428F3,No,SUSPECTED MINOR INJURY,N/A,NOT DISTRACTED,MD,87EF00D6-8475-43A8-AD69-D068AEDF0C38,FUNCTIONAL,TWELVE OCLOCK,PASSENGER CAR,MOVING CONSTANT SPEED,North,35,2001,FORD
MCP32390036,230058442,Montgomery County Police,Property Damage Crash,10/4/2023 8:54,SAME DIRECTION RIGHT TURN,B3FAFF5C-5989-4E9F-B4F1-E479825D4D0B,Yes,NO APPARENT INJURY,N/A,LOOKED BUT DID NOT SEE,MD,810A8AF8-F892-4796-9B1A-0C11B8609BD0,SUPERFICIAL,TEN OCLOCK,TRANSIT BUS,MOVING CONSTANT SPEED,South,30,2020,NOVA
MCP120500B8,230071634,Montgomery County Police,Property Damage Crash,12/14/2023 8:13,SAME DIR REAR END,14241020-7106-4368-A8E6-A02A1AB9ED1F,No,NO APPARENT INJURY,"ICY OR SNOW-COVERED, N/A",NOT DISTRACTED,MD,9FBFA522-3F85-412E-BFC3-AAB39C5786AA,FUNCTIONAL,SIX OCLOCK,PASSENGER CAR,SLOWING OR STOPPING,West,30,2021,TOYOTA
MCP30850043,230056843,Montgomery County Police,Property Damage Crash,9/25/2023 18:19,OTHER,E8F8DA9D-43BC-433F-833D-2C7B73F68B32,Yes,NO APPARENT INJURY,"N/A, RAIN, SNOW",OTHER DISTRACTION,MD,7B9E9DA1-3485-4A74-A811-2550E7A6D4C9,FUNCTIONAL,TWELVE OCLOCK,PASSENGER CAR,PARKING,East,25,2018,TESLA
MCP1378015X,230059704,Montgomery County Police,Injury Crash,10/10/2023 17:03,ANGLE MEETS LEFT HEAD ON,787071C8-BE03-4BAD-8D51-2F3E52882AEC,No,NO APPARENT INJURY,N/A,NOT DISTRACTED,MD,98F39CF2-8CB8-42F3-87C2-88EB8F56BB87,SUPERFICIAL,SEVEN OCLOCK,PASSENGER CAR,STOPPED IN TRAFFIC LANE,West,30,2003,INFI
MCP3086009S,230070585,Montgomery County Police,Property Damage Crash,12/8/2023 11:50,STRAIGHT MOVEMENT ANGLE,5084D787-7954-4C81-9FAE-A2705758EA3F,Yes,NO APPARENT INJURY,N/A,LOOKED BUT DID NOT SEE,MD,7037DEF9-89D9-496E-AFE7-714A10F2EC2F,DISABLING,TWELVE OCLOCK,PASSENGER CAR,MOVING CONSTANT SPEED,South,25,2023,LEXS
MCP33670018,230055278,Montgomery County Police,Property Damage Crash,9/16/2023 19:15,SAME DIRECTION SIDESWIPE,58B6D6F8-2DFB-4145-9127-58724A2D38BA,Yes,NO APPARENT INJURY,N/A,NOT DISTRACTED,MD,3F764AD1-9D2D-40F2-B7ED-EF2BF1E62AB6,NO DAMAGE,ONE OCLOCK,PASSENGER CAR,MOVING CONSTANT SPEED,South,30,2014,TOYOTA
MCP31090088,230051456,Montgomery County Police,Injury Crash,8/26/2023 11:35,SAME DIR REAR END,75042F78-9353-452F-B697-BB0D3AD4F812,Yes,NO APPARENT INJURY,N/A,UNKNOWN,MD,59B46B03-F71F-4982-8EFD-E81BA91CC2AF,SUPERFICIAL,TWELVE OCLOCK,PICKUP TRUCK,SLOWING OR STOPPING,East,35,2008,FORD
MCP2780007D,230061496,Montgomery County Police,Injury Crash,10/19/2023 17:45,STRAIGHT MOVEMENT ANGLE,FC58D1A7-DC7E-4CC7-B61F-E35EF6639321,Yes,POSSIBLE INJURY,N/A,LOOKED BUT DID NOT SEE,MD,6BA6066F-203D-469F-ACAE-C3DC1987F9F6,FUNCTIONAL,TWELVE OCLOCK,(SPORT) UTILITY VEHICLE,MAKING LEFT TURN,West,40,2023,BWM
MCP3113005R,230073129,Montgomery County Police,Property Damage Crash,12/22/2023 12:15,HEAD ON LEFT TURN,FEA47F1D-84C2-4D8D-A02F-2A6F33094657,Yes,NO APPARENT INJURY,N/A,LOOKED BUT DID NOT SEE,MD,7175A272-1C12-4E3A-B871-B58CE7707A9F,DISABLING,EIGHT OCLOCK,PASSENGER CAR,MAKING LEFT TURN,South,30,2022,HONDA
MCP3207003H,230052485,Montgomery County Police,Property Damage Crash,8/31/2023 15:10,OPPOSITE DIRECTION SIDESWIPE,2062C5EB-A850-4A08-9E8F-1A67D8DDEA5C,No,NO APPARENT INJURY,N/A,NOT DISTRACTED,MD,7BD3A528-CD00-47BB-B00C-D79B3D8FEB92,FUNCTIONAL,NINE OCLOCK,PASSENGER CAR,STOPPED IN TRAFFIC LANE,North,25,2018,JEEP
MCP3305002J,230051390,Montgomery County Police,Property Damage Crash,8/25/2023 23:38,SAME DIR BOTH LEFT TURN,ADEF2930-679F-4CC3-B148-C0866E669F2B,Yes,NO APPARENT INJURY,N/A,LOOKED BUT DID NOT SEE,MD,7727BAB9-8EDF-4668-B5AE-2D3D5951BA9E,DISABLING,ONE OCLOCK,PASSENGER CAR,MOVING CONSTANT SPEED,North,25,2017,MAZDA
MCP32270050,230064058,Montgomery County Police,Property Damage Crash,11/2/2023 18:56,SAME DIR REND LEFT TURN,2346BBA6-5272-4A56-947F-9EF71191A6BA,Yes,NO APPARENT INJURY,N/A,UNKNOWN,,8CBCBAE3-55CC-4669-BE59-13DB5BC1A15B,UNKNOWN,ELEVEN OCLOCK,PASSENGER CAR,CHANGING LANES,North,35,2004,MAZDA
MCP2187001T,230069057,Montgomery County Police,Injury Crash,11/30/2023 9:20,HEAD ON LEFT TURN,F34B0E58-9FB9-41A3-BC83-1A5286A1583F,Yes,SUSPECTED MINOR INJURY,N/A,LOOKED BUT DID NOT SEE,MD,4ED9C8FF-3D63-4490-90FE-2568A11C8E48,DISABLING,TWELVE OCLOCK,PASSENGER CAR,MOVING CONSTANT SPEED,North,35,2012,VW
MCP3174004N,230069055,Montgomery County Police,Property Damage Crash,11/30/2023 8:32,SAME DIRECTION SIDESWIPE,601CD84D-F757-40ED-985D-504DAC0C7F2F,No,NO APPARENT INJURY,N/A,NOT DISTRACTED,MD,D50D9788-7F53-4B0B-86DE-0E940EB6FAC4,SUPERFICIAL,SEVEN OCLOCK,SCHOOL BUS,STARTING FROM LANE,South,30,2016,THOMAS
MCP137800L6,180023689,Montgomery County Police,Property Damage Crash,5/14/2018 14:40,SINGLE VEHICLE,069A023D-2F55-411D-8E4A-39677700ED2E,Yes,NO APPARENT INJURY,N/A,UNKNOWN,,0C84363C-7532-4E2E-9165-9799D1274960,DISABLING,UNDERSIDE,PASSENGER CAR,ACCELERATING,North,5,2008,LINCOLN
MCP30890044,230060286,Montgomery County Police,Property Damage Crash,10/13/2023 11:59,OTHER,B4E86E6C-6517-4787-92C0-94AB5FBD0968,Unknown,NO APPARENT INJURY,N/A,LOOKED BUT DID NOT SEE,MD,D7EA0987-E2CF-447E-B79B-EDBACF2BA1EA,FUNCTIONAL,TWO OCLOCK,TRANSIT BUS,N/A,East,10,2000,GILL
DD5664000W,230051219,Rockville Police Departme,Injury Crash,8/25/2023 7:33,OTHER,BA2BC60A-C56B-4533-A19A-AB42BA96EFBD,No,POSSIBLE INJURY,"N/A, WET",NOT DISTRACTED,DC,56CD6812-29D3-4B5D-8D07-A03EF5CE582C,SUPERFICIAL,TWELVE OCLOCK,TRANSIT BUS,STOPPED IN TRAFFIC LANE,South,35,2019,BU
MCP285900FB,230068638,Montgomery County Police,Property Damage Crash,11/28/2023 6:30,OTHER,CD0989DD-FAB2-4931-9BE8-8217FBA51CE4,No,NO APPARENT INJURY,N/A,NOT DISTRACTED,MD,FE5DE897-F345-41BD-8074-AE78D2949F96,SUPERFICIAL,ONE OCLOCK,PASSENGER CAR,SLOWING OR STOPPING,East,25,2006,INFI
DM8522000Q,230047489,Takoma Park Police Depart,Property Damage Crash,8/2/2023 16:42,OTHER,3E131E9B-7DC9-42B6-AC0E-8482D0A4E83A,Yes,NO APPARENT INJURY,N/A,UNKNOWN,,463D6435-C227-47EE-9E94-0DB77249FB16,UNKNOWN,UNKNOWN,(SPORT) UTILITY VEHICLE,ACCELERATING,South,5,2007,BMW
MCP3140002G,230060402,Montgomery County Police,Injury Crash,10/13/2023 21:30,SAME DIR REAR END,47C8EDD0-B9B5-4108-B98F-2DA70B8B03C8,Yes,POSSIBLE INJURY,N/A,UNKNOWN,MD,5BB7A7DB-2EF2-4D3C-814D-06D9FC07EAB8,FUNCTIONAL,TWELVE OCLOCK,PASSENGER CAR,OTHER,West,35,2012,NISSAN
EJ7887002R,230047653,Gaithersburg Police Depar,Injury Crash,8/3/2023 15:40,STRAIGHT MOVEMENT ANGLE,CDB4F57D-1F27-4E7A-81EA-A7F1FEB2404F,Yes,NO APPARENT INJURY,N/A,NOT DISTRACTED,MD,AE0980BB-BA73-4443-9818-813D14A4509A,DISABLING,FOUR OCLOCK,(SPORT) UTILITY VEHICLE,MAKING LEFT TURN,West,35,2008,HOND
MCP1563008R,230057550,Montgomery County Police,Injury Crash,9/29/2023 17:18,STRAIGHT MOVEMENT ANGLE,6E7EDEE3-C471-4431-988E-B00174DC7A5E,Yes,NO APPARENT INJURY,N/A,LOOKED BUT DID NOT SEE,MD,D6BDC8CB-BAEB-4C98-9B3D-9F7428A6C5F9,SUPERFICIAL,TWELVE OCLOCK,PASSENGER CAR,STARTING FROM LANE,South,0,2021,TOYT
MCP3360000S,230051475,Montgomery County Police,Property Damage Crash,8/26/2023 13:07,SAME DIRECTION SIDESWIPE,CED4439F-46C9-40AE-8BA0-BDC7E10432B5,No,NO APPARENT INJURY,N/A,NOT DISTRACTED,MD,3A613CAF-6BDD-4E66-A186-826A4E3BBFA6,SUPERFICIAL,TWO OCLOCK,PASSENGER CAR,MOVING CONSTANT SPEED,South,35,2013,DODG
MCP12600018,230070839,Montgomery County Police,Property Damage Crash,12/9/2023 23:49,SINGLE VEHICLE,D89291EE-D9D0-4117-B4E2-9F6EC18A7E66,Yes,NO APPARENT INJURY,N/A,NOT DISTRACTED,MD,F81CD1D9-5C48-4F4A-B1C4-6079E55C4562,DESTROYED,TWELVE OCLOCK,(SPORT) UTILITY VEHICLE,MOVING CONSTANT SPEED,South,40,2016,TOYOTA
MCP1389001R,180032305,Montgomery County Police,Property Damage Crash,6/30/2018 16:05,SAME DIR REAR END,1543648B-7387-4F13-BAD4-15E39551AF08,No,NO APPARENT INJURY,N/A,NOT DISTRACTED,MD,CF8BAD97-D688-4591-B4BC-5C0E6D896294,SUPERFICIAL,SIX OCLOCK,PASSENGER CAR,SLOWING OR STOPPING,Unknown,0,2007,HYUNDAI
MCP3145003J,230031387,Montgomery County Police,Injury Crash,7/1/2023 6:00,HEAD ON LEFT TURN,EB35449B-1138-4CC0-9C0B-E82AF698C151,Yes,SUSPECTED MINOR INJURY,N/A,NOT DISTRACTED,VA,F011D368-EA9A-457D-9D83-5625A8343B5D,DESTROYED,TWELVE OCLOCK,PASSENGER CAR,MOVING CONSTANT SPEED,South,40,2015,INFINITY
MCP9429000K,230068089,Montgomery County Police,Property Damage Crash,11/24/2023 15:20,SAME DIR BOTH LEFT TURN,804FCBAE-6AB0-402C-97EB-8B8FDA23F2CA,No,NO APPARENT INJURY,N/A,NOT DISTRACTED,MD,7E75F3C8-2158-44CE-9D05-CA4033F58273,SUPERFICIAL,TWO OCLOCK,PASSENGER CAR,MAKING LEFT TURN,West,35,2022,CHEVROLET