Report Number,Local Case Number,Agency Name,ACRS Report Type,Crash Date/Time,Collision Type,Person ID,Driver At Fault,Injury Severity,Circumstance,Driver Distracted By,Drivers License State,Vehicle ID,Vehicle Damage Extent,Vehicle First Impact Location,Vehicle Body Type,Vehicle Movement,Vehicle Going Dir,Speed Limit,Vehicle Year,Vehicle Make
MCP2905005X,230054776,Montgomery County Police,Injury Crash,9/14/2023 8:35,SAME DIR REAR END,48E8B498-583C-4822-9996-11A6C634764E,No,NO APPARENT INJURY,N/A,NOT DISTRACTED,MD,98A88D19-4EA0-4368-9EE1-BA7800CB5560,FUNCTIONAL,SIX OCLOCK,VAN,SLOWING OR STOPPING,South,35,2003,CHEV
MCP3160004W,230062384,Montgomery County Police,Property Damage Crash,10/24/2023 20:15,OPPOSITE DIRECTION SIDESWIPE,AA56A864-E6F8-4A48-AC31-9045E5789CDA,Yes,NO APPARENT INJURY,N/A,LOOKED BUT DID NOT SEE,MD,13B77858-0C71-4861-8B19-219D269CC1C4,DISABLING,ELEVEN OCLOCK,PASSENGER CAR,MOVING CONSTANT SPEED,West,30,2007,HYUNDAI
MCP291400F5,230059782,Montgomery County Police,Injury Crash,10/11/2023 1:13,OTHER,49264C76-6A61-436F-ADF9-977377D05397,No,POSSIBLE INJURY,N/A,NOT DISTRACTED,MD,37AD2CE5-75FF-40D5-B545-16EC2AE534A3,DISABLING,ELEVEN OCLOCK,PASSENGER CAR,MOVING CONSTANT SPEED,North,30,2012,INFI
MCP26940030,230054745,Montgomery County Police,Property Damage Crash,9/13/2023 1:30,SINGLE VEHICLE,19CAB8B6-D37F-4AA4-988D-4DE6184B3C58,Yes,NO APPARENT INJURY,"RAIN, SNOW, WET",NOT DISTRACTED,MD,36DB1F81-5F64-4B7D-8534-287EDAA8BD24,FUNCTIONAL,TEN OCLOCK,POLICE VEHICLE/NON EMERGENCY,SLOWING OR STOPPING,South,25,2021,CHEVROLET
MCP30910043,230054254,Montgomery County Police,Property Damage Crash,9/11/2023 13:20,OTHER,E0D17E98-8AC7-48DC-AABA-1EB842AA869B,Yes,NO APPARENT INJURY,N/A,UNKNOWN,MD,826AB5EE-D82D-43E0-BAFD-E52F4B1CDDC4,SUPERFICIAL,SIX OCLOCK,PASSENGER CAR,BACKING,North,0,2016,TOYOTA
MCP2314002R,230067652,Montgomery County Police,Property Damage Crash,11/21/2023 14:20,SAME DIRECTION SIDESWIPE,6F6D845C-0D06-4A64-AA12-9A921BE0D9C3,Yes,NO APPARENT INJURY,N/A,NOT DISTRACTED,MD,C73A49F6-79B8-48CD-9969-6CE59169D46D,SUPERFICIAL,SEVEN OCLOCK,"CARGO VAN/LIGHT TRUCK 2 AXLES (OVER 10,000LBS (4,536 KG))",CHANGING LANES,South,35,2015,FORD
MCP3130005M,220050594,Montgomery County Police,Injury Crash,11/16/2022 8:07,STRAIGHT MOVEMENT ANGLE,5D7ED765-D91A-4FE5-B987-2B414BF58DEA,Yes,NO APPARENT INJURY,N/A,OTHER DISTRACTION,MD,0ED79E17-E9E5-4DBB-8E26-0CA5CE36A9FB,SUPERFICIAL,FOUR OCLOCK,PASSENGER CAR,MOVING CONSTANT SPEED,East,45,2015,HYUN
MCP3010008P,230055747,Montgomery County Police,Property Damage Crash,9/19/2023 12:56,STRAIGHT MOVEMENT ANGLE,4DFD479B-FEA4-4D69-810D-56CD102B127A,Yes,NO APPARENT INJURY,N/A,LOOKED BUT DID NOT SEE,MD,A0E9AD5C-8294-4AD0-BB12-267493835528,FUNCTIONAL,TWELVE OCLOCK,PASSENGER CAR,MOVING CONSTANT SPEED,North,30,2015,CHEV
MCP3165004V,230061800,Montgomery County Police,Property Damage Crash,10/21/2023 2:30,SAME DIR REAR END,9905550E-707E-4A77-9D90-3990D179A8C3,No,NO APPARENT INJURY,N/A,NOT DISTRACTED,MD,6DC12C15-3154-4E78-8FCD-362DF223044D,SUPERFICIAL,SIX OCLOCK,PASSENGER CAR,SLOWING OR STOPPING,North,45,2012,LEXS
MCP2770003L,230063993,Montgomery County Police,Property Damage Crash,11/2/2023 2:50,STRAIGHT MOVEMENT ANGLE,400FEEE1-C9D9-4EF3-8C50-9F40CE8CA39A,No,NO APPARENT INJURY,N/A,NOT DISTRACTED,MD,C2CCFFB0-FEAB-4A75-8E86-BC92C4982625,DISABLING,TWELVE OCLOCK,PASSENGER CAR,MOVING CONSTANT SPEED,North,35,2009,KIA
DD5502007S,230053574,Rockville Police Departme,Property Damage Crash,9/7/2023 8:13,SAME DIRECTION SIDESWIPE,FE79A28A-14ED-464B-8F93-DD3AA0FD37DE,No,NO APPARENT INJURY,N/A,NOT DISTRACTED,MD,92F2D831-4CC3-4A95-9153-34E7872C0301,DISABLING,ONE OCLOCK,VAN,MOVING CONSTANT SPEED,West,40,2014,HONDA
MCP3279002X,230070687,Montgomery County Police,Property Damage Crash,12/8/2023 18:03,SAME DIRECTION SIDESWIPE,5884FA56-BAB5-45FF-9917-CAE329C4094A,Yes,NO APPARENT INJURY,N/A,UNKNOWN,MD,C2E0B0D2-D04F-4036-A174-5DC080E2209D,SUPERFICIAL,NINE OCLOCK,PASSENGER CAR,ENTERING TRAFFIC LANE,East,40,2017,HONDA
MCP31630063,230058588,Montgomery County Police,Property Damage Crash,10/4/2023 20:39,SAME DIRECTION SIDESWIPE,57DCDF2F-38F0-4E55-9A36-699EBE662CD8,Yes,NO APPARENT INJURY,N/A,LOOKED BUT DID NOT SEE,,6D7B24DA-E2C5-47F2-9581-7BEE0DEA3F5A,SUPERFICIAL,SEVEN OCLOCK,UNKNOWN,MAKING RIGHT TURN,East,35,0,UNKNOWN
EJ7864002C,200010655,Gaithersburg Police Depar,Property Damage Crash,3/3/2020 20:23,STRAIGHT MOVEMENT ANGLE,93D91196-FCA3-409A-838E-75BFAB63F256,Yes,NO APPARENT INJURY,"N/A, WET",UNKNOWN,SC,9F172A15-13FF-46E8-B787-58FA762D9F3D,DISABLING,ELEVEN OCLOCK,PASSENGER CAR,MOVING CONSTANT SPEED,North,15,2007,SCION
DD5607004F,230054011,Rockville Police Departme,Property Damage Crash,9/9/2023 18:20,HEAD ON LEFT TURN,CB1FAE48-ED7F-45DF-8808-7C4638DEDB26,Yes,NO APPARENT INJURY,"RAIN, SNOW, WET",LOOKED BUT DID NOT SEE,MD,A2C6C627-4A57-40CF-B893-C907B973FA26,DISABLING,FOUR OCLOCK,PASSENGER CAR,MAKING LEFT TURN,North,40,2020,MERZ
MCP115100D7,230046290,Montgomery County Police,Property Damage Crash,7/25/2023 8:00,SAME DIRECTION LEFT TURN,F9AB0E9C-B42B-4B75-AF11-F0D3F7B3B062,Unknown,NO APPARENT INJURY,N/A,NOT DISTRACTED,MD,CD4C7B92-7B7F-46E6-9801-05241D4459C4,NO DAMAGE,NINE OCLOCK,TRANSIT BUS,CHANGING LANES,South,30,2013,GILL
MCP2563001L,230017107,Montgomery County Police,Injury Crash,4/10/2023 16:21,SINGLE VEHICLE,F5EB4D38-9F31-4D82-B77A-63C34A30FB1C,No,NO APPARENT INJURY,N/A,UNKNOWN,MD,CA43BD6E-D4AE-4130-BD65-08A0FF733A02,FUNCTIONAL,TWELVE OCLOCK,PASSENGER CAR,MOVING CONSTANT SPEED,East,40,2005,TOYOTA
MCP3244002N,230053225,Montgomery County Police,Property Damage Crash,9/5/2023 9:46,SAME DIRECTION SIDESWIPE,B816FB47-331A-45AC-B166-02571A66EB10,Yes,NO APPARENT INJURY,N/A,NOT DISTRACTED,MD,2A2C5205-5875-47EB-8788-66A4583E13FE,SUPERFICIAL,TEN OCLOCK,PICKUP TRUCK,MOVING CONSTANT SPEED,South,30,2014,FORD
MCP31620054,230070371,Montgomery County Police,Property Damage Crash,12/7/2023 10:45,SAME DIRECTION SIDESWIPE,95F2D5A9-D2C3-40B5-A9CE-E6F3E2FA081F,No,NO APPARENT INJURY,N/A,NOT DISTRACTED,MD,0AD51CE4-23BF-4B90-9840-0CF8F9DC5A5F,SUPERFICIAL,TEN OCLOCK,PASSENGER CAR,SLOWING OR STOPPING,North,35,2014,JEEP
MCP3288000C,210003837,Montgomery County Police,Property Damage Crash,1/30/2021 9:34,OPPOSITE DIRECTION SIDESWIPE,8ACA3556-1FAF-4AB2-B151-C50972F4113A,Yes,NO APPARENT INJURY,N/A,LOOKED BUT DID NOT SEE,MD,884DBCBA-FE0C-4974-AB27-6A3EDA8A6AA6,FUNCTIONAL,FOUR OCLOCK,FIRE VEHICLE/NON EMERGENCY,MOVING CONSTANT SPEED,West,0,2008,SPAR
MCP3279002M,230055616,Montgomery County Police,Property Damage Crash,9/18/2023 18:27,SAME DIR REAR END,4DEDFD59-2628-43AF-83BE-02AE7670668C,Yes,NO APPARENT INJURY,"N/A, V WIPERS|W OTHER ENVIRONMENTAL",UNKNOWN,DC,FB80A8B3-C755-45F2-AC4C-070D986279F3,DISABLING,TWELVE OCLOCK,PASSENGER CAR,SLOWING OR STOPPING,West,30,2020,MITSUBISHI
MCP2686006R,230069145,Montgomery County Police,Property Damage Crash,11/30/2023 15:36,SAME DIRECTION RIGHT TURN,D5F15FC4-7520-4434-A946-9127F598400F,No,NO APPARENT INJURY,N/A,NOT DISTRACTED,MD,38452936-5746-4298-9BF8-B60C3504693D,SUPERFICIAL,TEN OCLOCK,TRANSIT BUS,MOVING CONSTANT SPEED,North,25,2013,GILLG
MCP9386007L,200034020,Montgomery County Police,Property Damage Crash,8/31/2020 13:15,STRAIGHT MOVEMENT ANGLE,B03ED7E3-3482-4E89-AA33-A8F3433EABA9,No,NO APPARENT INJURY,"N/A, WET",NOT DISTRACTED,MD,21242C9E-04C3-4536-98FF-C6B7B4290F22,FUNCTIONAL,TWELVE OCLOCK,(SPORT) UTILITY VEHICLE,ACCELERATING,West,30,2016,MAZDA
MCP320000B3,230070594,Montgomery County Police,Property Damage Crash,12/8/2023 12:28,SAME DIR REAR END,40513382-A7F3-4F42-8555-8C74675326BF,No,NO APPARENT INJURY,N/A,NOT DISTRACTED,MD,C3F18530-A4D0-4100-BF36-94C0D52170C6,FUNCTIONAL,SIX OCLOCK,(SPORT) UTILITY VEHICLE,STOPPED IN TRAFFIC LANE,North,55,2017,VOLVO
MCP2850002Q,230070299,Montgomery County Police,Property Damage Crash,12/6/2023 21:54,HEAD ON,8033AA05-95AC-4BB5-9522-432930D2D38F,Yes,NO APPARENT INJURY,N/A,TALKING OR LISTENING TO CELLULAR PHONE,MD,66C48EB3-4864-41B1-B4BE-C91FB10BC222,DESTROYED,TWELVE OCLOCK,PASSENGER CAR,ACCELERATING,South,50,2018,HOND
MCP2991008R,230060636,Montgomery County Police,Injury Crash,10/15/2023 9:00,HEAD ON,C29B1F96-C033-4969-BE9D-78BD5941A916,Yes,NO APPARENT INJURY,N/A,NOT DISTRACTED,MD,9AB81DF4-FCAA-4336-A7AD-A74E33598815,DESTROYED,TWELVE OCLOCK,PASSENGER CAR,MOVING CONSTANT SPEED,West,35,2011,JAGU
MCP2641003F,230060784,Montgomery County Police,Property Damage Crash,10/16/2023 8:00,SAME DIR REAR END,73654B55-A294-4DFC-9CDB-D180746715C5,No,NO APPARENT INJURY,N/A,NOT DISTRACTED,MD,B6825AF0-E521-42A2-A9B2-59B08FC72CDD,FUNCTIONAL,SIX OCLOCK,PASSENGER CAR,SLOWING OR STOPPING,West,40,2020,KIA
MCP33280031,230070038,Montgomery County Police,Property Damage Crash,12/5/2023 15:27,OTHER,3B2F3826-5FFB-4B45-81B2-527BB86EE84B,Yes,NO APPARENT INJURY,N/A,INATTENTIVE OR LOST IN THOUGHT,MD,FB22E9AA-4ECD-4997-B80F-FB9D941C9F28,DISABLING,TWELVE OCLOCK,PASSENGER CAR,MOVING CONSTANT SPEED,East,35,2016,HOND
EJ7884000C,200033688,Gaithersburg Police Depar,Property Damage Crash,8/28/2020 10:00,SINGLE VEHICLE,0FF561C3-9FAC-4998-BF0A-C12AA0D181E9,Yes,NO APPARENT INJURY,N/A,UNKNOWN,,9B67245D-2A04-44F1-8BED-9B0DB3036BF6,UNKNOWN,SIX OCLOCK,,UNKNOWN,Unknown,10,0,UNKNOWN
MCP24450057,230062659,Montgomery County Police,Property Damage Crash,10/26/2023 11:06,OTHER,86011580-5BDD-437E-8429-5E329D51B278,Yes,NO APPARENT INJURY,N/A,LOOKED BUT DID NOT SEE,MD,25DE8173-82E0-4F47-9A20-4616739543F5,N/A,NON-COLLISION,(SPORT) UTILITY VEHICLE,MAKING LEFT TURN,South,45,2019,TOYOTA
MCP3274001Y,230067169,Montgomery County Police,Property Damage Crash,11/18/2023 22:02,SINGLE VEHICLE,62936976-7C52-4F2B-8D18-25438C35C96B,Yes,NO APPARENT INJURY,N/A,OTHER DISTRACTION,MD,B71D89AD-C10A-45AD-B6B3-7D668C201CA2,DISABLING,TWELVE OCLOCK,PASSENGER CAR,MOVING CONSTANT SPEED,North,35,2014,HOND
DD5603009W,230070071,Rockville Police Departme,Injury Crash,12/5/2023 19:00,SAME DIR REAR END,16E7B7CD-9328-4A48-9E83-06B42B91A323,Yes,NO APPARENT INJURY,N/A,LOOKED BUT DID NOT SEE,MD,9EEB0A60-1761-4C0F-A394-F6D7AFEDC8FE,FUNCTIONAL,TWELVE OCLOCK,PASSENGER CAR,MOVING CONSTANT SPEED,North,35,2018,HOND
MCP33220021,230061184,Montgomery County Police,Injury Crash,10/18/2023 4:41,STRAIGHT MOVEMENT ANGLE,0E9AC203-6BE3-454F-84FB-72CF4D22E6B9,Yes,NO APPARENT INJURY,N/A,NOT DISTRACTED,MD,C80B5113-0338-4932-8773-FBB56010272A,FUNCTIONAL,TWELVE OCLOCK,PASSENGER CAR,STARTING FROM LANE,East,25,2015,TOYT
MCP3079005H,230054181,Montgomery County Police,Injury Crash,9/11/2023 7:51,SAME DIR REAR END,9A9F8DA6-C332-4398-ACD4-40843D62333B,No,POSSIBLE INJURY,"N/A, WET",NOT DISTRACTED,MD,E943A6D6-FFF4-4591-865F-04873A8A9D21,FUNCTIONAL,SIX OCLOCK,(SPORT) UTILITY VEHICLE,STOPPED IN TRAFFIC LANE,South,45,2010,MERCEDES
MCP32320041,230049143,Montgomery County Police,Property Damage Crash,8/12/2023 18:06,STRAIGHT MOVEMENT ANGLE,2EB7859F-5E50-4A82-B794-D9C4D05865A5,Yes,NO APPARENT INJURY,N/A,LOOKED BUT DID NOT SEE,MD,B29C682A-941D-4B47-88AA-F421EFFFB78D,DISABLING,TWELVE OCLOCK,(SPORT) UTILITY VEHICLE,ACCELERATING,West,25,2019,HOND
MCP32640043,230059459,Montgomery County Police,Property Damage Crash,10/9/2023 13:30,STRAIGHT MOVEMENT ANGLE,8B9421F1-519B-487D-9149-D960C4D8946C,No,NO APPARENT INJURY,N/A,NOT DISTRACTED,MD,F0591B1A-0CA8-487D-8918-992F91B4CA80,DISABLING,TWELVE OCLOCK,PASSENGER CAR,MOVING CONSTANT SPEED,North,25,2013,FIAT
MCP22980049,15006606,Montgomery County Police,Injury Crash,2/9/2015 17:58,SAME DIR REAR END,B1703635-B82D-4301-8314-2B1BB7D518F1,No,SUSPECTED MINOR INJURY,N/A,NOT DISTRACTED,MD,E7CAEA3A-DFA1-48FD-9B67-2BBCE805A70A,FUNCTIONAL,SIX OCLOCK,(SPORT) UTILITY VEHICLE,SLOWING OR STOPPING,North,55,2011,HOND
MCP2641003Q,230067693,Montgomery County Police,Injury Crash,11/21/2023 18:40,HEAD ON LEFT TURN,22A70ACE-22E4-477A-BA90-DB181E404F77,No,POSSIBLE INJURY,"RAIN, SNOW, WET",NOT DISTRACTED,MD,D7D3552F-B1AE-4C08-A082-F9A78AA6D188,DISABLING,TWELVE OCLOCK,PASSENGER CAR,MOVING CONSTANT SPEED,North,40,2018,ACUR
MCP2516004G,230054973,Montgomery County Police,Injury Crash,9/15/2023 6:32,SINGLE VEHICLE,0ADE6FD5-0C1A-4CF6-AC78-AB2F743F7993,Yes,SUSPECTED MINOR INJURY,N/A,NOT DISTRACTED,MD,EC4A61CD-9918-40BE-8F69-FAC476867D95,DESTROYED,ONE OCLOCK,PASSENGER CAR,ACCELERATING,East,40,2017,HYUNDAI
EJ78890046,230054531,Gaithersburg Police Depar,Property Damage Crash,9/12/2023 21:25,SAME DIR REAR END,D3D49582-9AD4-4BA8-9233-A8DC92FC1C3E,No,NO APPARENT INJURY,"RAIN, SNOW, WET",NOT DISTRACTED,MD,1AD975CD-49F4-402A-9DF8-3C0B3F72D6B5,SUPERFICIAL,SEVEN OCLOCK,PASSENGER CAR,STOPPED IN TRAFFIC LANE,South,30,2010,TOYT
MCP12330059,230060118,Montgomery County Police,Injury Crash,10/12/2023 16:18,STRAIGHT MOVEMENT ANGLE,1C4DBB56-5395-4EDA-BCD5-D15A5FFD298A,Yes,NO APPARENT INJURY,N/A,INATTENTIVE OR LOST IN THOUGHT,CO,6644B8CD-B849-423B-970D-BE59DC9D57B3,DESTROYED,NINE OCLOCK,PASSENGER CAR,ACCELERATING,East,35,2023,DODGE
MCP2752005N,230047673,Montgomery County Police,Injury Crash,8/3/2023 17:50,SAME DIR REAR END,E2CD8A6B-50BE-463F-BB3A-4A19BEFEE224,No,POSSIBLE INJURY,"N/A, WET",NOT DISTRACTED,MD,0BEF5445-B5F2-426D-BDBE-83D5EDD541F2,DISABLING,SIX OCLOCK,PASSENGER CAR,LEAVING TRAFFIC LANE,South,30,2009,BMW
MCP30660028,230034802,Montgomery County Police,Property Damage Crash,7/21/2023 18:29,SAME DIRECTION RIGHT TURN,A228C76E-A3F6-4D38-A399-2E4F2CA70B45,Yes,NO APPARENT INJURY,N/A,UNKNOWN,MD,B9B85295-19E1-473A-9F18-11B68B37EAF4,UNKNOWN,FOUR OCLOCK,PASSENGER CAR,MAKING RIGHT TURN,East,35,2006,TOYT
MCP3348001T,230070535,Montgomery County Police,Property Damage Crash,12/8/2023 7:20,SAME DIRECTION SIDESWIPE,FB35E227-E478-4391-AEB2-96B85F6A07FB,Yes,NO APPARENT INJURY,N/A,UNKNOWN,,28666381-B867-4CA7-B092-DD3E747DF20B,FUNCTIONAL,ONE OCLOCK,PASSENGER CAR,MOVING CONSTANT SPEED,North,25,2008,FORD
MCP33760014,230056691,Montgomery County Police,Property Damage Crash,9/24/2023 23:58,SAME DIR REAR END,DE1296A8-1177-4EF0-8601-2FBE00895904,Yes,NO APPARENT INJURY,"N/A, WET",UNKNOWN,MD,721EFBE9-24EE-4875-A5B1-A3A6C3C5049A,DISABLING,TWELVE OCLOCK,PASSENGER CAR,MOVING CONSTANT SPEED,North,25,2010,TOYT
MCP2855004Q,230057190,Montgomery County Police,Property Damage Crash,9/27/2023 19:45,HEAD ON LEFT TURN,62E711E9-99D1-44CE-B8C1-7DF90CF127CD,Yes,NO APPARENT INJURY,N/A,OTHER DISTRACTION,XX,D26B39F1-E66A-42A0-B722-787249EC8C9F,SUPERFICIAL,ELEVEN OCLOCK,PASSENGER CAR,MAKING LEFT TURN,West,5,2017,HOND
MCP33580011,230069570,Montgomery County Police,Injury Crash,12/3/2023 0:30,SAME DIR REAR END,635BC716-FE37-4223-AC1C-1A8A158D71B3,Yes,SUSPECTED MINOR INJURY,"RAIN, SNOW, WET",OTHER DISTRACTION,MD,55BF6712-39EF-4527-B0D6-A43C04269548,FUNCTIONAL,TWELVE OCLOCK,PASSENGER CAR,MOVING CONSTANT SPEED,South,35,1998,BMW
MCP3362002D,230071649,Montgomery County Police,Injury Crash,12/14/2023 9:38,STRAIGHT MOVEMENT ANGLE,312DA3BE-FCA2-4B15-952A-12FE0E26F4F9,Yes,NO APPARENT INJURY,N/A,LOOKED BUT DID NOT SEE,MD,6B347884-A152-4467-B4BB-D3A142352DA7,DISABLING,TWELVE OCLOCK,PASSENGER CAR,ACCELERATING,East,25,2013,CHEV
MCP2965007F,230047115,Montgomery County Police,Property Damage Crash,7/31/2023 12:30,SAME DIR REAR END,945771B4-EEC4-486F-8E07-B9D353FD9A0D,Yes,NO APPARENT INJURY,N/A,NOT DISTRACTED,MD,89DD74ED-0414-4524-8519-E98E21EF17BB,DISABLING,TWELVE OCLOCK,PASSENGER CAR,MOVING CONSTANT SPEED,East,35,2011,HOND
MCP26410036,230046598,Montgomery County Police,Property Damage Crash,7/28/2023 9:45,SINGLE VEHICLE,C55432F6-A159-45DF-8087-0B0788F0FC10,Yes,NO APPARENT INJURY,N/A,NOT DISTRACTED,MD,A3E9072E-AB65-4DA1-ADC5-89A389EBF614,DISABLING,TWELVE OCLOCK,PASSENGER CAR,SLOWING OR STOPPING,North,50,2005,TOYT
MCP32800042,230061572,Montgomery County Police,Injury Crash,10/20/2023 8:44,SAME DIR REAR END,1815D4C7-75BF-4A13-B82A-9DB43BA91ACD,No,NO APPARENT INJURY,N/A,NOT DISTRACTED,MD,18D73217-57B7-4615-A622-4008A3BED2D8,DISABLING,SIX OCLOCK,PASSENGER CAR,SLOWING OR STOPPING,North,40,2015,MAZDA
MCP291700CM,230064906,Montgomery County Police,Property Damage Crash,11/7/2023 13:55,STRAIGHT MOVEMENT ANGLE,F62476A7-6AE6-4E2E-A0FB-F23B141E1AC7,No,NO APPARENT INJURY,N/A,NOT DISTRACTED,MD,DD1EDE58-0ECA-4EB4-83E8-E78E5E4A4211,FUNCTIONAL,ELEVEN OCLOCK,PASSENGER CAR,ACCELERATING,North,35,2021,HONDA
MCP2723007S,230054928,Montgomery County Police,Property Damage Crash,9/14/2023 19:35,STRAIGHT MOVEMENT ANGLE,A7340E1D-48F8-40A7-8830-BC7F8E9FCAFF,Yes,NO APPARENT INJURY,N/A,UNKNOWN,XX,556581DC-27CE-44A1-8F26-5A89525D0583,SUPERFICIAL,SEVEN OCLOCK,PASSENGER CAR,BACKING,Unknown,10,2006,TOYOTA
MCP137800CS,16050117,Montgomery County Police,Property Damage Crash,9/29/2016 15:37,STRAIGHT MOVEMENT ANGLE,BFE337BE-696E-4997-B039-F58DB78A19EE,No,NO APPARENT INJURY,"RAIN, SNOW, WET",NOT DISTRACTED,MD,5847DA17-92EF-47CF-8146-C33946A0CF1C,DISABLING,TWELVE OCLOCK,(SPORT) UTILITY VEHICLE,MOVING CONSTANT SPEED,North,30,2015,AUDI
DM8493001Z,230062563,Takoma Park Police Depart,Injury Crash,10/25/2023 18:36,STRAIGHT MOVEMENT ANGLE,657CBFA0-8E92-4C66-BCA7-02DE4113819E,Yes,SUSPECTED MINOR INJURY,N/A,UNKNOWN,MD,0F33274A-4D60-496E-85E0-B469E8AEF867,DISABLING,TWO OCLOCK,PASSENGER CAR,MOVING CONSTANT SPEED,South,35,2012,TOYOTA
MCP3109008P,230064547,Montgomery County Police,Injury Crash,11/6/2023 13:05,STRAIGHT MOVEMENT ANGLE,62EB6EF1-5382-4081-A0E0-1D6F5A3A79C8,No,NO APPARENT INJURY,N/A,NOT DISTRACTED,MD,A36EA287-6E9E-480A-8547-B6588BC17F53,DISABLING,ELEVEN OCLOCK,PASSENGER CAR,ACCELERATING,West,50,2016,HONDA
MCP2703002W,230034787,Montgomery County Police,Property Damage Crash,7/21/2023 17:30,SAME DIR REAR END,99FF4D96-952D-4A0D-9400-444BDE77468E,Yes,NO APPARENT INJURY,N/A,NOT DISTRACTED,MD,94DC8323-D9E5-4E7F-9190-EE8F7F8BD86B,DISABLING,TWELVE OCLOCK,PASSENGER CAR,MOVING CONSTANT SPEED,South,35,2006,HOND
DM8478002F,230069264,Takoma Park Police Depart,Property Damage Crash,12/1/2023 10:15,SAME DIR REAR END,72FFC9C5-C742-4806-89A7-D6BF82FB7342,Yes,NO APPARENT INJURY,N/A,NOT DISTRACTED,MD,D02DD54D-8647-4B38-B2EC-582867B139D8,FUNCTIONAL,SIX OCLOCK,PASSENGER CAR,ACCELERATING,Unknown,5,2012,HONDA
MCP28610060,230050274,Montgomery County Police,Property Damage Crash,8/19/2023 18:18,HEAD ON LEFT TURN,6B20C9E9-9C9E-43C1-967D-8FEB6A01A568,No,NO APPARENT INJURY,N/A,NOT DISTRACTED,MD,8E91D8D5-BD11-4855-BE1A-ECB5273B1B45,DISABLING,ELEVEN OCLOCK,PASSENGER CAR,MOVING CONSTANT SPEED,West,35,2006,TOYOTA
MCP3133004Q,230049226,Montgomery County Police,Property Damage Crash,8/13/2023 11:11,SINGLE VEHICLE,7B19E938-1306-4F29-89F7-9380F4F509E7,Yes,NO APPARENT INJURY,N/A,OTHER CELLULAR PHONE RELATED,MD,6CB0B1E6-4EE3-4FE1-999B-CC765F97AA5E,FUNCTIONAL,TWELVE OCLOCK,PASSENGER CAR,UNKNOWN,East,25,2020,JEEP
MCP1205009S,230057700,Montgomery County Police,Property Damage Crash,9/21/2023 15:00,SAME DIRECTION LEFT TURN,C6E7948B-D3BE-41A6-A1AB-2F13661C6781,Yes,NO APPARENT INJURY,N/A,UNKNOWN,,98559093-E280-4E8F-A172-333B1CE2BEAF,SUPERFICIAL,ELEVEN OCLOCK,PASSENGER CAR,CHANGING LANES,South,25,2021,TOYOTA
MCP3268003L,230072312,Montgomery County Police,Injury Crash,12/18/2023 7:54,HEAD ON,89CD62DF-DAF0-4345-9E49-75A699B7478F,No,NO APPARENT INJURY,"N/A, WET",NOT DISTRACTED,MD,6CE747F7-76B2-42CE-9752-8536BCF64A54,DISABLING,NINE OCLOCK,(SPORT) UTILITY VEHICLE,MOVING CONSTANT SPEED,East,35,2017,HONDA
MCP3355000X,230049053,Montgomery County Police,Injury Crash,8/12/2023 7:48,STRAIGHT MOVEMENT ANGLE,337E916B-6138-4544-AF51-E0B699F9EF5B,Yes,SUSPECTED MINOR INJURY,N/A,INATTENTIVE OR LOST IN THOUGHT,MD,761A639D-26C5-4EDE-9C1D-A504F8E9D959,DISABLING,TWELVE OCLOCK,PASSENGER CAR,MOVING CONSTANT SPEED,North,40,2008,TOYOTA
EJ7885003P,230063613,Gaithersburg Police Depar,Injury Crash,10/31/2023 15:34,SAME DIRECTION SIDESWIPE,7C8B46AF-19A7-41F7-873C-82A884F1ACE1,No,NO APPARENT INJURY,N/A,NOT DISTRACTED,MD,B557DE0E-6842-40E4-A431-ECCAF6300C1E,SUPERFICIAL,FIVE OCLOCK,PASSENGER CAR,SLOWING OR STOPPING,East,35,2012,ACUR
MCP2339008R,230057456,Montgomery County Police,Property Damage Crash,9/29/2023 11:50,SAME DIR REAR END,36B7A39D-4C08-43AD-9572-F1917CED319C,Yes,NO APPARENT INJURY,N/A,OTHER CELLULAR PHONE RELATED,MD,8A57A387-F45B-4DA1-AC9C-7AFE5DB1E688,FUNCTIONAL,SIX OCLOCK,PASSENGER CAR,SLOWING OR STOPPING,North,35,2012,ACURA