Report Number,Local Case Number,Agency Name,ACRS Report Type,Crash Date/Time,Collision Type,Person ID,Driver At Fault,Injury Severity,Circumstance,Driver Distracted By,Drivers License State,Vehicle ID,Vehicle Damage Extent,Vehicle First Impact Location,Vehicle Body Type,Vehicle Movement,Vehicle Going Dir,Speed Limit,Vehicle Year,Vehicle Make
MCP3113005D,230057859,Montgomery County Police,Property Damage Crash,10/1/2023 13:15,SAME DIR REAR END,5AF9283F-EDCF-4A61-A532-F2983542EC94,Yes,NO APPARENT INJURY,N/A,LOOKED BUT DID NOT SEE,VA,AEED4D1F-AAD0-4135-96F9-715E7D689BB8,FUNCTIONAL,TWELVE OCLOCK,PASSENGER CAR,MAKING RIGHT TURN,South,30,2016,MINI
MCP3030005P,230069844,Montgomery County Police,Injury Crash,12/4/2023 17:50,SAME DIR REAR END,A019AE95-E38A-4500-8BEB-CD59FE4082BB,Yes,POSSIBLE INJURY,N/A,NOT DISTRACTED,MD,75C9D646-E0BD-4EC9-97E5-AEB80A7135D4,FUNCTIONAL,SIX OCLOCK,PASSENGER CAR,CHANGING LANES,East,35,2015,HOND
MCP2456007Z,230065301,Montgomery County Police,Property Damage Crash,11/9/2023 9:00,SAME DIR REAR END,3E6337B7-0F0B-4552-A408-159345030A22,No,NO APPARENT INJURY,N/A,NOT DISTRACTED,MD,4492590B-1C0D-4A3D-9665-E96E344FECDF,SUPERFICIAL,SIX OCLOCK,PASSENGER CAR,SLOWING OR STOPPING,East,35,2014,TOYOTA
MCP12350050,230059732,Montgomery County Police,Property Damage Crash,10/10/2023 19:26,SAME DIRECTION SIDESWIPE,55E3D525-F906-449A-A599-1A326ABCA0EF,Yes,NO APPARENT INJURY,N/A,UNKNOWN,,76B42C31-5383-48EB-8ED4-8840A4F43CA4,UNKNOWN,ONE OCLOCK,,MOVING CONSTANT SPEED,North,40,0,UNKNOWN
MCP3086009C,230034046,Montgomery County Police,Injury Crash,7/17/2023 17:10,OPPOSITE DIRECTION SIDESWIPE,273895A3-78AC-4FD5-AB8E-D4077E9220D7,No,NO APPARENT INJURY,N/A,NOT DISTRACTED,MD,3C2754E5-774E-4401-8912-E81270C258C2,DISABLING,TWELVE OCLOCK,(SPORT) UTILITY VEHICLE,MOVING CONSTANT SPEED,North,30,2008,NISSAN
MCP30930053,230072582,Montgomery County Police,Injury Crash,12/19/2023 14:57,OTHER,1733C2F8-0AC7-4640-BA06-CB0A6868A657,Yes,POSSIBLE INJURY,N/A,LOOKED BUT DID NOT SEE,MD,35E4FE17-B074-4CAA-BAFC-C1EC835BCDA2,DISABLING,TWELVE OCLOCK,PASSENGER CAR,STARTING FROM LANE,South,25,2023,HONDA
MCP2635008P,230067447,Montgomery County Police,Property Damage Crash,11/20/2023 15:07,STRAIGHT MOVEMENT ANGLE,8AC0C174-9E1E-4151-A0F2-C87072B46048,Yes,NO APPARENT INJURY,N/A,INATTENTIVE OR LOST IN THOUGHT,MD,D6F6FEB4-4BF6-4CCF-BD18-949438456214,DISABLING,FOUR OCLOCK,PASSENGER CAR,MOVING CONSTANT SPEED,South,35,2008,MERCEDES
MCP20390098,230061734,Montgomery County Police,Injury Crash,10/20/2023 22:21,SAME DIR REAR END,30609C07-18AB-4752-81E3-9736940BE885,No,NO APPARENT INJURY,"RAIN, SNOW, WET",NOT DISTRACTED,MD,FEDB02AD-C233-4B98-A309-D34FD7FEA0B4,FUNCTIONAL,SEVEN OCLOCK,TRANSIT BUS,STOPPED IN TRAFFIC LANE,West,35,2013,NWFL
MCP3279002G,230049445,Montgomery County Police,Injury Crash,8/14/2023 16:58,SAME DIR REAR END,C1DF706F-C68E-4754-A6A1-F645BEE28A39,Yes,NO APPARENT INJURY,"N/A, WET",NOT DISTRACTED,MD,B18041B4-8330-47C8-A1E6-DBC13568A72A,SUPERFICIAL,TWELVE OCLOCK,VAN,SLOWING OR STOPPING,East,40,2000,DODGE
MCP20470055,230063377,Montgomery County Police,Property Damage Crash,10/30/2023 12:24,HEAD ON LEFT TURN,C17045D5-7D44-49E8-B9A5-92777A92EAB1,No,NO APPARENT INJURY,N/A,NOT DISTRACTED,MD,B190B467-E62C-4D64-AA42-A2D9D6FF8489,DISABLING,TWELVE OCLOCK,PASSENGER CAR,MOVING CONSTANT SPEED,East,40,2002,HONDA
MCP29870089,230071804,Montgomery County Police,Injury Crash,12/14/2023 21:25,SAME DIR REAR END,7AD82C8C-2786-417E-864C-E015398706DB,Yes,NO APPARENT INJURY,N/A,INATTENTIVE OR LOST IN THOUGHT,VA,CA184DE2-A7DA-4257-A271-8B2D3A5D1929,DISABLING,TWELVE OCLOCK,PASSENGER CAR,MOVING CONSTANT SPEED,South,50,2015,HONDA
MCP3129007Z,230059851,Montgomery County Police,Injury Crash,10/11/2023 12:38,STRAIGHT MOVEMENT ANGLE,348E50D1-5A3A-4EA6-9990-AC83002F23EE,No,NO APPARENT INJURY,N/A,NOT DISTRACTED,XX,4FA3F467-DF3E-4E82-961B-A671CC0DC69C,FUNCTIONAL,THREE OCLOCK,PASSENGER CAR,MOVING CONSTANT SPEED,West,35,2020,HOND
MCP2509000K,15023746,Montgomery County Police,Property Damage Crash,5/18/2015 10:51,SAME DIRECTION SIDESWIPE,196420EF-C3E9-42CA-B040-E7BDEC00FB57,Unknown,NO APPARENT INJURY,N/A,NOT DISTRACTED,MD,DDE858CD-27A1-4244-935D-25F6BBBB2A12,FUNCTIONAL,ELEVEN OCLOCK,PASSENGER CAR,MOVING CONSTANT SPEED,North,40,2010,CHEVROLET
MCP31260053,230073724,Montgomery County Police,Injury Crash,12/26/2023 18:30,SAME DIRECTION SIDESWIPE,F2F71606-2946-429D-8EE1-EB0D2B015C24,No,POSSIBLE INJURY,"N/A, RAIN, SNOW",NOT DISTRACTED,MD,7EF81110-B213-48F1-8D10-34B09AB05FD5,DESTROYED,TEN OCLOCK,PASSENGER CAR,MOVING CONSTANT SPEED,South,40,2018,INFINITI
EJ7889004G,230070698,Gaithersburg Police Depar,Property Damage Crash,12/8/2023 21:21,SINGLE VEHICLE,E74DB9B9-DDE7-46CF-91D9-BE2BD45DC94A,Yes,NO APPARENT INJURY,N/A,NOT DISTRACTED,MD,90ABDA5E-705A-4830-8533-4F1C3F1E23EB,NO DAMAGE,TWELVE OCLOCK,PASSENGER CAR,MOVING CONSTANT SPEED,South,15,2011,CHEVY
MCP2608005G,230071933,Montgomery County Police,Property Damage Crash,12/15/2023 16:18,SAME DIRECTION SIDESWIPE,53E44691-5C54-475A-8982-65CA0E473C2C,No,NO APPARENT INJURY,N/A,NOT DISTRACTED,MD,A81992B7-D62C-47BE-86BC-81AC033ED353,FUNCTIONAL,EIGHT OCLOCK,PASSENGER CAR,MOVING CONSTANT SPEED,North,25,2021,THOMAS
MCP3188000G,190018902,Montgomery County Police,Property Damage Crash,4/22/2019 19:24,OTHER,83E4FE37-6605-467E-9D32-7DCAC10B838A,Yes,NO APPARENT INJURY,N/A,NOT DISTRACTED,MD,D27DA516-5A34-4BB4-8709-149C5BE6D6D3,SUPERFICIAL,SIX OCLOCK,VAN,STARTING FROM PARKED,Unknown,15,2016,HONDA
EJ7858008J,230068862,Gaithersburg Police Depar,Property Damage Crash,11/29/2023 9:25,OTHER,D01AFF62-ACE3-439C-8804-F2FF98292CD7,Yes,NO APPARENT INJURY,N/A,LOOKED BUT DID NOT SEE,MD,A3A7C9F7-1ED8-4F16-AD4C-B397EBCA8BEE,SUPERFICIAL,EIGHT OCLOCK,PASSENGER CAR,STARTING FROM PARKED,West,25,2012,HONDA
MCP1563008X,230061684,Montgomery County Police,Property Damage Crash,10/20/2023 17:30,OTHER,0B5EBBAE-B9A9-45B5-82F6-C27738DA9F6D,Yes,NO APPARENT INJURY,N/A,UNKNOWN,MD,4DDF7233-1129-4AF0-B521-1EB20A88DC8A,UNKNOWN,TWO OCLOCK,(SPORT) UTILITY VEHICLE,MOVING CONSTANT SPEED,East,25,2023,CHEVROLET
MCP13780156,230048394,Montgomery County Police,Injury Crash,8/8/2023 12:38,SAME DIR REAR END,2BF2AD39-24A3-4C41-B8B2-BA0428AF35F0,No,POSSIBLE INJURY,N/A,NOT DISTRACTED,PA,7216D7C5-FC1E-43C2-9520-77B0154928EF,FUNCTIONAL,SIX OCLOCK,(SPORT) UTILITY VEHICLE,STOPPED IN TRAFFIC LANE,South,40,2017,INFINITI
EJ78760066,230053523,Gaithersburg Police Depar,Property Damage Crash,9/6/2023 17:45,STRAIGHT MOVEMENT ANGLE,0DEDA815-9B66-4C0A-B874-0BFDFFD7E2DD,No,NO APPARENT INJURY,N/A,NOT DISTRACTED,MD,48745B64-98E3-43BF-874E-4847EB521963,DISABLING,TWELVE OCLOCK,PASSENGER CAR,MOVING CONSTANT SPEED,East,35,2019,HONDA
MCP2674004K,230068590,Montgomery County Police,Property Damage Crash,11/27/2023 18:48,SINGLE VEHICLE,503DC7C9-5F2C-4BB2-812A-DDE026F7CEC7,Yes,NO APPARENT INJURY,N/A,NOT DISTRACTED,MD,1BAF2122-5B44-4A03-A679-CBE76B45B016,DISABLING,TWELVE OCLOCK,PASSENGER CAR,MOVING CONSTANT SPEED,East,25,2010,JEEP
MCP3066002D,230063087,Montgomery County Police,Property Damage Crash,10/28/2023 16:16,OPPOSITE DIRECTION SIDESWIPE,CCFE6163-E4DC-4203-ABAC-00E8831BD265,Yes,NO APPARENT INJURY,N/A,OTHER DISTRACTION,MD,84DF398D-7256-40BF-9D9B-8E120A8D32EC,SUPERFICIAL,ELEVEN OCLOCK,PASSENGER CAR,MOVING CONSTANT SPEED,East,25,2023,CHEV
MCP2951001Q,16033561,Montgomery County Police,Injury Crash,7/2/2016 18:18,SAME DIR REAR END,AEEF417D-843F-4757-A1C8-4FAE0A0B344C,Yes,NO APPARENT INJURY,N/A,BY OTHER OCCUPANTS,MD,3A50037D-16EA-42D1-86E3-642AD9DF5952,SUPERFICIAL,TWELVE OCLOCK,PASSENGER CAR,ACCELERATING,North,35,2002,HONDA
MCP3133004P,230047099,Montgomery County Police,Property Damage Crash,7/31/2023 10:51,HEAD ON LEFT TURN,5D62454B-33AD-4A2B-8188-F6A8265E139E,No,NO APPARENT INJURY,N/A,NOT DISTRACTED,MD,FF43C87C-03DD-48AC-8021-27BAB8C522F7,DESTROYED,TWELVE OCLOCK,PASSENGER CAR,MOVING CONSTANT SPEED,North,45,2015,ACUR
MCP3275001V,230049469,Montgomery County Police,Injury Crash,8/14/2023 19:13,SAME DIR REAR END,F2C68A58-D417-46ED-8989-12097CAE172D,No,NO APPARENT INJURY,N/A,NOT DISTRACTED,MD,AC099A69-AAF7-4446-8431-D72E309A84C6,DESTROYED,SIX OCLOCK,PASSENGER CAR,SLOWING OR STOPPING,West,40,2021,SUBARU
EJ7894003C,230056605,Gaithersburg Police Depar,Property Damage Crash,9/24/2023 11:20,SAME DIR REAR END,C90FCE85-9C05-4FFC-B0AC-C9F34F6A21A3,No,NO APPARENT INJURY,"RAIN, SNOW, WET",NOT DISTRACTED,MD,98E1C139-DFE1-4177-8B62-4D54D46A2134,FUNCTIONAL,SIX OCLOCK,PASSENGER CAR,STOPPED IN TRAFFIC LANE,North,25,2017,HYUNDAI
MCP20550039,220014049,Montgomery County Police,Property Damage Crash,4/2/2022 14:30,STRAIGHT MOVEMENT ANGLE,5210FAE3-C47F-42CF-88EA-10418EBC9FC6,No,NO APPARENT INJURY,N/A,NOT DISTRACTED,MD,B626C45A-091D-4611-804F-949045320499,FUNCTIONAL,ONE OCLOCK,POLICE VEHICLE/EMERGENCY,MOVING CONSTANT SPEED,Unknown,0,2014,DODGE
MCP30900074,230066938,Montgomery County Police,Injury Crash,11/17/2023 17:21,STRAIGHT MOVEMENT ANGLE,911D40BF-CC9F-46A2-BF51-A1A64C33BF80,No,SUSPECTED SERIOUS INJURY,N/A,NOT DISTRACTED,MD,1C0D284F-DF5F-4CC6-9F19-BFE1F80FCD06,FUNCTIONAL,TEN OCLOCK,PASSENGER CAR,MAKING LEFT TURN,East,30,2017,VOLK
MCP9419004J,230046182,Montgomery County Police,Property Damage Crash,7/26/2023 11:33,HEAD ON LEFT TURN,37A3557E-1882-4C16-9BAC-75D159DFF306,Yes,NO APPARENT INJURY,N/A,LOOKED BUT DID NOT SEE,MD,4EE85096-3FC0-4BD7-A325-6A1E31F0B1F3,DISABLING,TWO OCLOCK,PASSENGER CAR,MAKING LEFT TURN,East,40,2023,MAZD
MCP29370055,230067526,Montgomery County Police,Property Damage Crash,11/20/2023 23:50,HEAD ON LEFT TURN,A163594F-D921-455E-8E54-48A357DE8D6C,No,NO APPARENT INJURY,N/A,NOT DISTRACTED,MD,D9871E07-4D11-43D5-A8EB-332B2628DA79,DISABLING,TWELVE OCLOCK,PASSENGER CAR,MOVING CONSTANT SPEED,South,35,2017,TOYOTA
MCP2603005L,230062424,Montgomery County Police,Property Damage Crash,10/25/2023 6:49,STRAIGHT MOVEMENT ANGLE,7339B0DA-4994-4B48-A211-D6205C468EBF,No,NO APPARENT INJURY,N/A,NOT DISTRACTED,MD,E824A46B-F543-4C91-A78F-86FD474AB64D,SUPERFICIAL,ELEVEN OCLOCK,SCHOOL BUS,MOVING CONSTANT SPEED,North,35,2017,THOMAS
MCP23050034,230072095,Montgomery County Police,Property Damage Crash,12/16/2023 18:38,SINGLE VEHICLE,42C97827-C01F-413A-B8BA-A62EF5EC9D9B,Yes,NO APPARENT INJURY,N/A,INATTENTIVE OR LOST IN THOUGHT,MD,9845A7BB-AA8D-425A-B289-E95B95D8CE3E,DISABLING,TWELVE OCLOCK,PASSENGER CAR,MOVING CONSTANT SPEED,South,30,2018,KIA
MCP2974004T,230052781,Montgomery County Police,Injury Crash,9/2/2023 11:40,SAME DIR REAR END,0FBEDCCF-64CD-4427-853A-9BA074DDD80C,Yes,SUSPECTED MINOR INJURY,N/A,INATTENTIVE OR LOST IN THOUGHT,MD,09706651-59EF-4579-B3AE-B9AEC8EC72C8,DISABLING,TWELVE OCLOCK,PASSENGER CAR,MOVING CONSTANT SPEED,North,55,2007,CHRYSLER
EJ7887003D,230069743,Gaithersburg Police Depar,Property Damage Crash,12/4/2023 9:30,SAME DIR REAR END,6F29DDCA-F652-48EF-B033-D82302296B04,Yes,NO APPARENT INJURY,N/A,NOT DISTRACTED,MD,910A9539-46F1-4C2B-BA72-756C2BEB7BF7,FUNCTIONAL,TWELVE OCLOCK,PASSENGER CAR,MAKING RIGHT TURN,North,30,2011,VOLK
MCP2875007T,230064977,Montgomery County Police,Property Damage Crash,11/7/2023 18:32,HEAD ON LEFT TURN,1740FE55-684D-4053-8A11-F3B6170F9831,No,NO APPARENT INJURY,N/A,NOT DISTRACTED,MD,E1938F54-5096-45FB-8557-CBE0AAE51D5D,SUPERFICIAL,TWELVE OCLOCK,(SPORT) UTILITY VEHICLE,MOVING CONSTANT SPEED,North,40,2023,KIA
MCP33730017,230047717,Montgomery County Police,Property Damage Crash,8/3/2023 10:35,SAME DIRECTION SIDESWIPE,70CB0B60-31CC-4294-BF47-4C4F353D84CF,No,NO APPARENT INJURY,"RAIN, SNOW, WET",NOT DISTRACTED,MD,3BF5440C-E355-4E0E-82BB-B1C0142F2C53,NO DAMAGE,ELEVEN OCLOCK,TRANSIT BUS,ACCELERATING,South,30,2008,GILL
MCP3348001V,230071221,Montgomery County Police,Injury Crash,12/12/2023 7:58,SINGLE VEHICLE,41AF1F4A-BF0D-46D0-A3B2-DE2BF9AEED40,Unknown,SUSPECTED MINOR INJURY,N/A,NOT DISTRACTED,MD,C7D74118-C4AD-4AC4-BB19-013437FDF9FB,DISABLING,TWELVE OCLOCK,(SPORT) UTILITY VEHICLE,ACCELERATING,South,25,2015,BMW
MCP2760004F,230065249,Montgomery County Police,Property Damage Crash,11/8/2023 21:09,SAME DIR REAR END,344AC769-C147-4526-B11B-882BF057578B,No,NO APPARENT INJURY,N/A,NOT DISTRACTED,MD,1AE25268-4EC7-4928-A21D-D7CA53CC31BC,DISABLING,SIX OCLOCK,PASSENGER CAR,SLOWING OR STOPPING,North,35,2017,TOYT
MCP30090074,230068706,Montgomery County Police,Injury Crash,11/28/2023 12:37,SAME DIRECTION RIGHT TURN,2FD25475-4DC9-4916-AFF4-678C51B65454,Yes,NO APPARENT INJURY,N/A,NOT DISTRACTED,MD,E8DB1C1A-C6B1-44EB-BDDD-EB0E1D3D7F02,SUPERFICIAL,THREE OCLOCK,(SPORT) UTILITY VEHICLE,CHANGING LANES,West,45,2020,LEXUS
MCP3328002M,230060328,Montgomery County Police,Property Damage Crash,10/13/2023 15:03,STRAIGHT MOVEMENT ANGLE,84373FC9-DBD0-44B4-852E-94F52826EE51,No,NO APPARENT INJURY,"N/A, VISION OBSTRUCTION (INCL. BLINDED BY SUN)",NOT DISTRACTED,MD,B2EDC58A-4642-4483-9AD5-D109120D1103,DISABLING,THREE OCLOCK,PASSENGER CAR,MOVING CONSTANT SPEED,South,35,2015,NISSAN
MCP235300C5,230048724,Montgomery County Police,Property Damage Crash,8/10/2023 12:01,SAME DIR REAR END,52F5582A-A0D5-4C29-84F2-B1D4837F8F8C,No,NO APPARENT INJURY,N/A,NOT DISTRACTED,MD,EE2A0F15-A856-4E17-8874-170F63355416,FUNCTIONAL,SIX OCLOCK,VAN,STOPPED IN TRAFFIC LANE,South,35,2008,HONDA
MCP2059007V,230054857,Montgomery County Police,Property Damage Crash,9/14/2023 14:01,SAME DIR REAR END,17059609-BB36-4389-A92B-D7A49DD814CA,Yes,NO APPARENT INJURY,N/A,UNKNOWN,MD,B7E54D58-E02F-45D8-A9F0-4FDE809AF2DC,SUPERFICIAL,TWELVE OCLOCK,PASSENGER CAR,SLOWING OR STOPPING,East,30,2015,TOYOTA
MCP3309001X,230051394,Montgomery County Police,Property Damage Crash,8/25/2023 22:38,SAME DIRECTION SIDESWIPE,C60A75BD-B091-4C9F-9D49-8A2EA7D92AA8,No,NO APPARENT INJURY,N/A,NOT DISTRACTED,XX,735DFF0D-C02D-419D-AEE5-12543DE3F898,SUPERFICIAL,NINE OCLOCK,PASSENGER CAR,MOVING CONSTANT SPEED,North,35,2023,TOYT
MCP93180035,230055083,Montgomery County Police,Property Damage Crash,9/15/2023 15:39,STRAIGHT MOVEMENT ANGLE,427E8EB2-EF4A-4051-AFD6-A8601C70FC6A,No,NO APPARENT INJURY,N/A,NOT DISTRACTED,MD,70FC8EE2-AEEA-4BB8-AAA7-50D410D1F277,FUNCTIONAL,TEN OCLOCK,PICKUP TRUCK,MOVING CONSTANT SPEED,South,35,2008,FORD
MCP30220058,230053339,Montgomery County Police,Injury Crash,9/5/2023 19:11,OTHER,0D54A19F-1002-4470-8BB7-E0206E188290,Yes,SUSPECTED MINOR INJURY,N/A,OTHER DISTRACTION,MD,AA6F8DA7-819D-4654-BDE4-98E7E53A010F,DISABLING,TWELVE OCLOCK,PASSENGER CAR,MOVING CONSTANT SPEED,West,40,2005,TOYT
MCP3362001D,230034327,Montgomery County Police,Property Damage Crash,7/19/2023 8:56,SAME DIRECTION SIDESWIPE,49514FEB-D094-4A2B-AB61-D8D727A4AB2C,Yes,NO APPARENT INJURY,"BACKUP DUE TO REGULAR CONGESTION, N/A",UNKNOWN,,B11403E8-57A3-4DB0-8FD4-1407A8CE3292,N/A,ONE OCLOCK,,MOVING CONSTANT SPEED,South,45,0,UNKNOWN
MCP3290002G,230054588,Montgomery County Police,Property Damage Crash,9/13/2023 7:18,SAME DIRECTION SIDESWIPE,FBA272E9-2E98-4990-9148-F9DC7EC8B3AA,No,NO APPARENT INJURY,N/A,UNKNOWN,MD,99FFBCB0-4F4A-4A3C-919D-43C5D5EEE763,FUNCTIONAL,TEN OCLOCK,TRANSIT BUS,STOPPED IN TRAFFIC LANE,South,35,2020,NOV
MCP9301004T,230064531,Montgomery County Police,Injury Crash,11/5/2023 12:00,STRAIGHT MOVEMENT ANGLE,A90697F5-C2C8-4D38-BF79-C9341B62F6BC,No,POSSIBLE INJURY,N/A,NOT DISTRACTED,MD,9877E83B-B559-4563-BE54-F809064151DE,DISABLING,ELEVEN OCLOCK,PASSENGER CAR,MAKING LEFT TURN,East,30,2013,LEXU
MCP235300CH,230062880,Montgomery County Police,Property Damage Crash,10/27/2023 12:57,SAME DIRECTION SIDESWIPE,575FF193-89AB-4A16-A0C2-766834805BDD,Yes,NO APPARENT INJURY,N/A,UNKNOWN,,BB5E3EFD-7910-45C1-B842-0CC2859F3CE2,SUPERFICIAL,TWO OCLOCK,UNKNOWN,MOVING CONSTANT SPEED,South,30,2000,FORD
MCP3256002D,230051721,Montgomery County Police,Injury Crash,8/27/2023 20:51,SAME DIRECTION LEFT TURN,6168F461-CA0E-4A9F-8E97-1E035673E06D,Yes,POSSIBLE INJURY,N/A,NOT DISTRACTED,MD,AC6D3CBB-8C4F-4533-A3BF-AB1DFBA7455F,DISABLING,TWELVE OCLOCK,PASSENGER CAR,MAKING LEFT TURN,East,35,2022,FORD
MCP3328002K,230055602,Montgomery County Police,Property Damage Crash,9/18/2023 17:01,STRAIGHT MOVEMENT ANGLE,F0C8D388-7B03-467F-90A0-0F54EED09A26,Yes,NO APPARENT INJURY,N/A,LOOKED BUT DID NOT SEE,MD,5787B3BC-7BA0-4BA2-A281-6605B1529CE3,DISABLING,TWELVE OCLOCK,PASSENGER CAR,MAKING LEFT TURN,East,40,2018,INFI
MCP3328002F,230050898,Montgomery County Police,Property Damage Crash,8/23/2023 13:17,HEAD ON LEFT TURN,CF6AC0B7-C250-4F88-A252-0B05D7E52D45,Yes,NO APPARENT INJURY,N/A,LOOKED BUT DID NOT SEE,MD,E68A1689-FA30-41B8-8A13-3D7E94744F57,DISABLING,TEN OCLOCK,PASSENGER CAR,MAKING LEFT TURN,North,30,2012,BUIC
MCP23990071,230051907,Montgomery County Police,Injury Crash,8/28/2023 19:47,STRAIGHT MOVEMENT ANGLE,BB7861E4-1457-4786-8197-E5737454447E,No,POSSIBLE INJURY,N/A,NOT DISTRACTED,MD,F75489F1-791C-4E5C-974D-2A2F15BD15F8,DISABLING,ELEVEN OCLOCK,(SPORT) UTILITY VEHICLE,MOVING CONSTANT SPEED,South,35,2010,NISSAN
MCP003600HL,230072440,Montgomery County Police,Property Damage Crash,12/18/2023 17:40,SAME DIR REAR END,D9CBCD85-F502-4DD4-91FD-220B2A4193F0,No,NO APPARENT INJURY,N/A,NOT DISTRACTED,MD,43AF3910-FA55-4B69-842D-2B71FFD82250,SUPERFICIAL,SIX OCLOCK,PASSENGER CAR,STOPPED IN TRAFFIC LANE,West,25,2019,TOYOTA
MCP2362000V,15065260,MONTGOMERY,Injury Crash,12/21/2015 11:33,SAME DIR REAR END,DF2018E3-D5E4-4302-B41F-04F5F2A2488D,No,NO APPARENT INJURY,N/A,NOT DISTRACTED,MD,769BC640-6D55-4757-9659-2FADF9FBA296,SUPERFICIAL,THREE OCLOCK,PASSENGER CAR,MOVING CONSTANT SPEED,North,35,2015,NISS
MCP3289002S,230064542,Montgomery County Police,Property Damage Crash,11/5/2023 13:58,SINGLE VEHICLE,D0752EDA-C9B4-440A-97F0-9159BE1C0C5E,Yes,NO APPARENT INJURY,N/A,UNKNOWN,,847C57CC-711D-48E9-A62A-2E23D6E7AC9E,UNKNOWN,UNKNOWN,PASSENGER CAR,MOVING CONSTANT SPEED,Unknown,15,2012,TOYOTA
MCP2965007X,230071839,Montgomery County Police,Property Damage Crash,12/15/2023 7:40,SAME DIR BOTH LEFT TURN,EFE02786-3393-4B45-9305-DDF7079ED189,Yes,NO APPARENT INJURY,N/A,NOT DISTRACTED,MD,D833DABC-F096-4F3D-A920-B60C0495307F,FUNCTIONAL,ONE OCLOCK,PASSENGER CAR,MAKING LEFT TURN,East,35,2023,JEEP
MCP33390033,230069249,Montgomery County Police,Injury Crash,12/1/2023 8:36,SAME DIR REAR END,EBA4F847-3042-42B7-A453-8BEB2DB9A3A9,No,POSSIBLE INJURY,N/A,NOT DISTRACTED,MD,2C3A1E5E-E620-4FE0-B38E-5F9FF06095AE,DISABLING,SIX OCLOCK,PASSENGER CAR,SLOWING OR STOPPING,North,35,2008,TOYOTA
MCP2934001W,16043042,Montgomery County Police,Injury Crash,8/24/2016 14:57,SAME DIR REAR END,CC5B140F-4239-4723-B05E-1497A84DA0E8,Yes,POSSIBLE INJURY,N/A,LOOKED BUT DID NOT SEE,MD,71771D71-9D44-42B8-8BC9-A415139F1E3D,DISABLING,ONE OCLOCK,PASSENGER CAR,MOVING CONSTANT SPEED,South,25,1993,TOYOTA
MCP31480055,230048282,Montgomery County Police,Property Damage Crash,8/7/2023 18:09,SAME DIRECTION LEFT TURN,885F2132-AB6B-4E61-85B5-5ACAF555FBE6,Yes,NO APPARENT INJURY,N/A,LOOKED BUT DID NOT SEE,MD,A5AC871A-F35A-4AFC-8CB2-BBB9A7BB164E,DISABLING,NINE OCLOCK,VAN,MAKING U TURN,South,30,2013,CHEVROLET
DM8494003L,230069675,Takoma Park Police Depart,Property Damage Crash,12/3/2023 19:07,SAME DIR REAR END,DA9D86BF-127D-4606-B358-3529F3EF8182,No,NO APPARENT INJURY,"N/A, WET",NOT DISTRACTED,MD,C35356FB-5CED-48CB-BEE7-7FF5D3EF5A5C,FUNCTIONAL,SIX OCLOCK,PASSENGER CAR,STOPPED IN TRAFFIC LANE,East,25,2021,FORD
MCP3300002K,230070831,Montgomery County Police,Injury Crash,12/9/2023 22:30,OTHER,145284D9-572A-407A-95BA-614FBF87FA29,Yes,POSSIBLE INJURY,N/A,NOT DISTRACTED,MD,C5324B9E-9BB4-4B96-96F3-2353F23F4AA8,DISABLING,TWELVE OCLOCK,(SPORT) UTILITY VEHICLE,MOVING CONSTANT SPEED,East,30,2014,LEXUS
MCP3262003K,230066113,Montgomery County Police,Property Damage Crash,11/13/2023 15:35,ANGLE MEETS RIGHT TURN,88F80A68-5DFC-4A2D-89B6-EE334DD10E44,No,NO APPARENT INJURY,N/A,NOT DISTRACTED,MD,A33BABF1-D33E-437F-8D2F-A07FB7E998C4,SUPERFICIAL,TWO OCLOCK,VAN,MOVING CONSTANT SPEED,East,35,2017,FORD
MCP3190005L,230071025,Montgomery County Police,Injury Crash,12/11/2023 7:51,SAME DIR REAR END,DA364158-DB4F-4C3F-BB33-8DF3E8BC402B,Yes,POSSIBLE INJURY,"RAIN, SNOW, WET",UNKNOWN,MD,14C29C9B-FB60-42AB-A31C-3A4FB6079386,DISABLING,TWELVE OCLOCK,PASSENGER CAR,MOVING CONSTANT SPEED,West,40,2022,MD
MCP291400F5,230059782,Montgomery County Police,Injury Crash,10/11/2023 1:13,OTHER,8F3A3FCC-7871-4E13-824F-A20AFDEA28C5,Yes,POSSIBLE INJURY,N/A,NOT DISTRACTED,NC,1C61B7A6-1F7E-4487-8E51-23A185CCA43B,DISABLING,TWELVE OCLOCK,PASSENGER CAR,MAKING U TURN,South,30,2016,NISSAN
MCP20770054,230053326,Montgomery County Police,Property Damage Crash,9/5/2023 18:00,SAME DIR REAR END,5BD74614-48A2-41DA-AF87-C7D35B52B62B,Yes,NO APPARENT INJURY,N/A,UNKNOWN,,28E821D3-214D-4178-9733-0F35D8D93387,SUPERFICIAL,TWELVE OCLOCK,,CHANGING LANES,South,35,0,UNKNOWN