Report Number,Local Case Number,Agency Name,ACRS Report Type,Crash Date/Time,Collision Type,Person ID,Driver At Fault,Injury Severity,Circumstance,Driver Distracted By,Drivers License State,Vehicle ID,Vehicle Damage Extent,Vehicle First Impact Location,Vehicle Body Type,Vehicle Movement,Vehicle Going Dir,Speed Limit,Vehicle Year,Vehicle Make
MCP2974004V,230055457,Montgomery County Police,Property Damage Crash,9/18/2023 7:00,STRAIGHT MOVEMENT ANGLE,35D28732-C32E-4821-B441-D1BC99F60BA3,No,NO APPARENT INJURY,N/A,NOT DISTRACTED,MD,D60405BA-E8CF-42FE-BA98-4E9DBEEF96AC,DISABLING,TWELVE OCLOCK,PASSENGER CAR,MOVING CONSTANT SPEED,South,25,2005,TOYOTA
MCP2821001F,180062741,Montgomery County Police,Property Damage Crash,12/16/2018 1:58,SINGLE VEHICLE,0A8FA572-D13E-42DE-BFBB-F6E1E345E6E3,Yes,NO APPARENT INJURY,"RAIN, SNOW, WET",UNKNOWN,NC,05D8291C-1D89-4952-B3E4-242E0E497717,DISABLING,ELEVEN OCLOCK,PASSENGER CAR,MOVING CONSTANT SPEED,North,40,2002,MERC
MCP2991008M,230056038,Montgomery County Police,Property Damage Crash,9/21/2023 7:30,N/A,E05DBE20-BA62-451A-A18A-8709AE013448,Yes,NO APPARENT INJURY,N/A,NOT DISTRACTED,MD,8A42DF6A-0DD8-4AB5-999C-42F7B840ACFC,FUNCTIONAL,THREE OCLOCK,PASSENGER CAR,CHANGING LANES,West,30,2014,HONDA
MCP268900B0,230072238,Montgomery County Police,Property Damage Crash,12/17/2023 16:54,STRAIGHT MOVEMENT ANGLE,726E4518-6826-47F6-B4AD-83B31966E0A9,No,NO APPARENT INJURY,N/A,NOT DISTRACTED,MD,EEF3624E-F2EC-47A8-BFA7-2032CDEB9E85,DISABLING,TWELVE OCLOCK,PASSENGER CAR,STOPPED IN TRAFFIC LANE,South,35,2009,SUBARU
MCP1378015B,230048934,Montgomery County Police,Property Damage Crash,8/11/2023 14:31,STRAIGHT MOVEMENT ANGLE,97F4E41B-B9A1-45EA-AE2F-4DA726DB6A18,No,NO APPARENT INJURY,N/A,NOT DISTRACTED,MD,3D1C2322-6D57-4A8F-976C-B645F2E46AAE,FUNCTIONAL,TWELVE OCLOCK,PASSENGER CAR,MOVING CONSTANT SPEED,East,5,2009,TOYT
MCP30930053,230072582,Montgomery County Police,Injury Crash,12/19/2023 14:57,OTHER,3DD5B84C-2F44-49B7-9699-E6A5DD58069D,No,NO APPARENT INJURY,N/A,NOT DISTRACTED,MD,1EDFE90D-D091-4E03-9AE9-3FF0697FD89A,SUPERFICIAL,FOUR OCLOCK,SCHOOL BUS,MOVING CONSTANT SPEED,West,25,2018,FRHT
MCP9301004V,230071048,Montgomery County Police,Property Damage Crash,12/11/2023 10:00,STRAIGHT MOVEMENT ANGLE,52FEA868-9C3A-4527-A8C7-2435A558ADAE,Yes,NO APPARENT INJURY,"N/A, WET",NOT DISTRACTED,DC,EEA7FDB8-45D0-4AB6-AB9C-F0527DD60A5E,DISABLING,THREE OCLOCK,PASSENGER CAR,MAKING LEFT TURN,West,30,2014,HONDA
MCP3311001Z,230053490,Montgomery County Police,Property Damage Crash,9/6/2023 16:50,OTHER,627AFD04-5974-460D-AE87-309DACD4AF56,No,NO APPARENT INJURY,N/A,NOT DISTRACTED,MD,E4C0B162-272B-465D-A22F-B9ED1050D02B,FUNCTIONAL,TEN OCLOCK,(SPORT) UTILITY VEHICLE,MOVING CONSTANT SPEED,North,35,2017,SUBARU
MCP3227004X,230057751,Montgomery County Police,Property Damage Crash,9/30/2023 19:22,SAME DIRECTION SIDESWIPE,F766ABE2-2894-4411-9D7E-3ABEEBBF0279,No,NO APPARENT INJURY,N/A,NOT DISTRACTED,MD,38029BB9-9E39-4517-ADA5-D4AD0B6FF63A,FUNCTIONAL,TEN OCLOCK,PASSENGER CAR,PARKED,,20,2017,TOYOTA
DD5660000F,230046531,Rockville Police Departme,Property Damage Crash,7/27/2023 21:12,SAME DIR REAR END,34B24392-DA1E-4FC4-919B-D747922309EE,Yes,NO APPARENT INJURY,"N/A, WET",UNKNOWN,MD,B58CBA9D-E4DE-4092-AD00-2FDECEE94C83,DISABLING,TWELVE OCLOCK,PASSENGER CAR,MOVING CONSTANT SPEED,South,35,2013,FORD
EJ7848000K,15045021,GAITHERSBURG,Property Damage Crash,9/6/2015 22:30,OTHER,11CBEA68-99B4-44F3-A812-64D493096A2F,No,NO APPARENT INJURY,N/A,NOT DISTRACTED,MD,0DFA359F-6697-4564-A35E-204F48B87924,SUPERFICIAL,TWELVE OCLOCK,PICKUP TRUCK,PARKED,,10,2001,CHEV
EJ7898000P,230048689,Gaithersburg Police Depar,Property Damage Crash,8/10/2023 7:20,SAME DIRECTION RIGHT TURN,D424DF1F-E833-4FE2-941F-682E9304E53C,No,NO APPARENT INJURY,N/A,NOT DISTRACTED,MD,5C857FF9-6D3C-4580-9183-3564B92F75E7,SUPERFICIAL,SEVEN OCLOCK,PASSENGER CAR,MOVING CONSTANT SPEED,West,40,2023,HYUN
EJ78940034,230033698,Gaithersburg Police Depar,Property Damage Crash,7/15/2023 10:47,SAME DIR REAR END,34D09525-20CD-4D3F-BED6-258B7F9F64A0,Yes,NO APPARENT INJURY,N/A,LOOKED BUT DID NOT SEE,MD,3862A9ED-63F1-49CA-8E1A-00B0F2FA7B78,DISABLING,TWELVE OCLOCK,PASSENGER CAR,SLOWING OR STOPPING,West,25,1996,TOYT
MCP3362001Y,230057232,Montgomery County Police,Property Damage Crash,9/28/2023 8:20,SINGLE VEHICLE,BF859402-BB46-4A86-91FA-5C1829D2C2DB,Yes,NO APPARENT INJURY,"N/A, ROAD UNDER CONSTRUCTION/MAINTENANCE",NOT DISTRACTED,MD,57BB4340-3B6D-401A-9356-4FDBEEC342B3,SUPERFICIAL,ONE OCLOCK,SCHOOL BUS,MOVING CONSTANT SPEED,West,25,2012,THOMAS
MCP2674004H,230062203,Montgomery County Police,Property Damage Crash,10/23/2023 19:19,ANGLE MEETS LEFT TURN,23EA4942-7055-4F43-912C-04B9A4FFF5AA,No,NO APPARENT INJURY,N/A,NOT DISTRACTED,MD,F17173DD-5EB3-48F7-BD4E-D4B2930FBBB8,DISABLING,TWELVE OCLOCK,PASSENGER CAR,MAKING LEFT TURN,North,40,2018,CHEVY
MCP3312004J,230071688,Montgomery County Police,Property Damage Crash,12/14/2023 11:15,SAME DIRECTION SIDESWIPE,39102AD3-AF18-4E8D-A785-A2177E2FA9C7,Yes,NO APPARENT INJURY,N/A,UNKNOWN,MD,BAE11913-9C9C-4D2D-AA97-FCA87B6011E2,FUNCTIONAL,ONE OCLOCK,PASSENGER CAR,MOVING CONSTANT SPEED,South,50,2008,NISSAN
MCP1366003V,15062012,MONTGOMERY,Property Damage Crash,12/4/2015 17:04,OTHER,501EFC2A-94E4-4FBB-9927-3F2F9577FBC2,Yes,NO APPARENT INJURY,N/A,LOOKED BUT DID NOT SEE,MD,202F558E-534B-4BA8-BE03-195B405B841F,FUNCTIONAL,FOUR OCLOCK,PASSENGER CAR,BACKING,Unknown,0,2014,TOYOTA
EJ78880052,230058310,Gaithersburg Police Depar,Injury Crash,10/3/2023 15:15,SINGLE VEHICLE,5BC35FA9-B0B5-4166-90E4-C369DBD26C3E,Yes,SUSPECTED SERIOUS INJURY,N/A,LOOKED BUT DID NOT SEE,MD,E075F271-A1C4-4AC0-86D4-447EE3FB6AB5,DISABLING,TWELVE OCLOCK,MOTORCYCLE,ACCELERATING,South,35,2007,SUZUKI
MCP3341002M,230060079,Montgomery County Police,Property Damage Crash,10/12/2023 14:15,SAME DIRECTION SIDESWIPE,A86351F0-D144-4664-B5DF-00E3662FADEC,Yes,NO APPARENT INJURY,N/A,UNKNOWN,MD,0C5F54CC-C021-4751-A349-35AEBB90B794,DISABLING,ELEVEN OCLOCK,PASSENGER CAR,MOVING CONSTANT SPEED,South,35,2019,SUBARU
MCP32260045,230034764,Montgomery County Police,Property Damage Crash,7/21/2023 15:28,SAME DIR REAR END,CF4F9ECE-8678-4167-93F2-D25CD037ED1F,No,NO APPARENT INJURY,N/A,NOT DISTRACTED,MD,6E9756D3-5C1E-4D31-A550-C3D3927C837A,SUPERFICIAL,SIX OCLOCK,PASSENGER CAR,STOPPED IN TRAFFIC LANE,West,40,2023,TOYT
MCP33560014,230070700,Montgomery County Police,Property Damage Crash,12/8/2023 21:28,OTHER,36D46E75-CBF7-427B-8A36-E845423280F8,No,NO APPARENT INJURY,N/A,INATTENTIVE OR LOST IN THOUGHT,MD,7C4A5B10-7D21-4466-B900-F5C6D9B97CB6,DESTROYED,THREE OCLOCK,PASSENGER CAR,MOVING CONSTANT SPEED,East,45,2011,TOYOTA
MCP27220050,230063100,Montgomery County Police,Property Damage Crash,10/28/2023 18:05,SAME DIRECTION SIDESWIPE,0DCD99F7-5CA6-4BE7-AFED-10103AED1D67,Yes,NO APPARENT INJURY,N/A,NOT DISTRACTED,MD,FD0F9D15-EB5C-4E66-AC05-DB718F9B3853,FUNCTIONAL,EIGHT OCLOCK,PASSENGER CAR,CHANGING LANES,North,35,2004,ACUR
EJ7876006D,230061652,Gaithersburg Police Depar,Property Damage Crash,10/20/2023 15:40,SAME DIR REAR END,CB0F046B-5665-4B2E-A9D1-B38CF7A0B9B9,Yes,NO APPARENT INJURY,"N/A, WET",LOOKED BUT DID NOT SEE,MD,9C4C6746-CD8B-41B1-AA16-7E0C432F058C,SUPERFICIAL,TWELVE OCLOCK,PASSENGER CAR,STARTING FROM LANE,South,40,2011,HYUNDAI
MCP33290022,230059157,Montgomery County Police,Property Damage Crash,10/7/2023 17:02,HEAD ON LEFT TURN,802313FC-3AF3-4FD0-8163-3F641F4BD6B3,Yes,NO APPARENT INJURY,N/A,LOOKED BUT DID NOT SEE,DC,698CE5C2-D238-4423-BE3C-D3730CF6A0AE,DISABLING,TWELVE OCLOCK,PASSENGER CAR,MAKING LEFT TURN,South,55,2006,SCION
DD5665001D,230052428,Rockville Police Departme,Property Damage Crash,8/31/2023 12:30,HEAD ON LEFT TURN,2F0CF5C1-7B01-4248-BBB7-3B459208D8D5,Yes,NO APPARENT INJURY,N/A,LOOKED BUT DID NOT SEE,NY,8BA03F4B-3B60-4652-9374-97B2E92E41CB,FUNCTIONAL,TWELVE OCLOCK,PASSENGER CAR,MAKING LEFT TURN,South,40,2021,VOLKSWAGEN
MCP27720027,230068823,Montgomery County Police,Injury Crash,11/28/2023 23:05,SAME DIRECTION SIDESWIPE,FED1D1DD-2829-47FC-9BCA-5B03065601D6,No,NO APPARENT INJURY,N/A,NOT DISTRACTED,MD,A28762A5-262D-4EAF-B21A-463E6379E97A,DISABLING,ONE OCLOCK,PASSENGER CAR,MOVING CONSTANT SPEED,North,35,2017,TOYT
MCP20470028,18001077,Montgomery County Police,Property Damage Crash,3/2/2018 13:41,OTHER,71D7E837-F00C-45E0-A701-7148C256D4AD,Unknown,NO APPARENT INJURY,"SEVERE CROSSWINDS, TRAFFIC CONTROL DEVICE INOPERATIVE",NOT DISTRACTED,MD,824C1230-C77F-4E99-B4AE-711C30F7A301,DISABLING,ELEVEN OCLOCK,PASSENGER CAR,MAKING LEFT TURN,North,45,2016,FORD
MCP2905005T,230053388,Montgomery County Police,Injury Crash,9/6/2023 7:53,SAME DIR REAR END,B83C1DA3-CED5-431A-8B46-6414CFE17369,No,SUSPECTED MINOR INJURY,N/A,NOT DISTRACTED,MD,A5243317-E944-422A-A416-1F8E65243B50,FUNCTIONAL,TWELVE OCLOCK,SCHOOL BUS,MOVING CONSTANT SPEED,West,35,2014,THOM
MCP28530099,230060736,Montgomery County Police,Property Damage Crash,10/15/2023 18:15,OTHER,D077D0B5-643B-434C-92D0-08CE887288F6,Yes,NO APPARENT INJURY,N/A,NOT DISTRACTED,MD,DC729F86-C294-4021-8662-18A4D143E134,NO DAMAGE,SIX OCLOCK,AMBULANCE/NON EMERGENCY,BACKING,Unknown,10,2016,FRHT
MCP3267001Y,230054356,Montgomery County Police,Property Damage Crash,9/12/2023 4:50,SAME DIR REAR END,8F60586B-82F8-4C40-8045-978DA3C0A512,Yes,NO APPARENT INJURY,N/A,NOT DISTRACTED,MD,2451AD7C-50AA-4198-B4DB-BC180634FBC1,SUPERFICIAL,TWELVE OCLOCK,PASSENGER CAR,MOVING CONSTANT SPEED,South,35,2011,TOYOTA
MCP31290086,230069339,Montgomery County Police,Property Damage Crash,12/1/2023 15:34,SAME DIRECTION SIDESWIPE,73FF6E6F-BFF1-4D43-883D-9ECED01A27C5,Yes,NO APPARENT INJURY,"RAIN, SNOW, WET",LOOKED BUT DID NOT SEE,MD,9A8A3AB1-405E-457F-8969-3517C324D0AE,SUPERFICIAL,THREE OCLOCK,SCHOOL BUS,MAKING LEFT TURN,North,25,2021,FRHT
MCP22030076,230051472,Montgomery County Police,Property Damage Crash,8/26/2023 13:00,SAME DIRECTION SIDESWIPE,2024C380-1459-4C0B-AA7D-DF2D206DFBD2,Yes,NO APPARENT INJURY,N/A,NOT DISTRACTED,MD,F49F9AB7-013F-4AE1-9E13-CC431E52F6B8,FUNCTIONAL,FIVE OCLOCK,FIRE VEHICLE/EMERGENCY,STARTING FROM PARKED,North,5,2004,SPAR
DD56510041,230066110,Rockville Police Departme,Property Damage Crash,11/13/2023 15:50,STRAIGHT MOVEMENT ANGLE,74ACD62D-D902-444E-B7D5-86D98424BBC6,Yes,NO APPARENT INJURY,N/A,LOOKED BUT DID NOT SEE,MD,A7950758-05D5-436A-B789-8374C50CBAB8,DISABLING,TWO OCLOCK,PASSENGER CAR,STARTING FROM LANE,South,25,2023,NISS
MCP2940000C,16007272,Montgomery County Police,Property Damage Crash,2/12/2016 13:31,OTHER,ED6905CA-5776-4085-BC60-648FFAA2C418,Yes,NO APPARENT INJURY,N/A,NOT DISTRACTED,MD,1D30197A-8D60-46EB-9F7F-A68367D4E92F,SUPERFICIAL,SIX OCLOCK,PASSENGER CAR,BACKING,West,30,2011,TOYOTA
MCP2586006W,230072086,Montgomery County Police,Property Damage Crash,12/16/2023 17:30,STRAIGHT MOVEMENT ANGLE,964941E4-305D-4845-A729-47FBE12DF1B2,No,NO APPARENT INJURY,N/A,NOT DISTRACTED,MD,95C97A07-CC96-4356-BA8B-588544905754,DISABLING,TWELVE OCLOCK,(SPORT) UTILITY VEHICLE,MOVING CONSTANT SPEED,North,40,2014,JEEP
MCP3080003L,230048626,Montgomery County Police,Injury Crash,8/9/2023 17:26,SAME DIR REAR END,108E975A-DC74-4053-B03F-2B809494B900,No,POSSIBLE INJURY,N/A,NOT DISTRACTED,MD,09917146-744E-4D5F-AD8A-D1644B476E3F,FUNCTIONAL,SIX OCLOCK,PASSENGER CAR,STOPPED IN TRAFFIC LANE,South,40,2021,HOND
MCP3339002R,230060673,Montgomery County Police,Injury Crash,10/15/2023 12:38,STRAIGHT MOVEMENT ANGLE,C7596C4D-A40D-4848-A932-C51AA092214D,No,POSSIBLE INJURY,N/A,NOT DISTRACTED,MD,E704A6EE-DED9-4E63-A62E-C13BAAE5C042,DISABLING,ONE OCLOCK,(SPORT) UTILITY VEHICLE,MOVING CONSTANT SPEED,North,35,2016,HONDA
MCP33740010,230034539,Montgomery County Police,Property Damage Crash,7/20/2023 11:49,STRAIGHT MOVEMENT ANGLE,E1BCD9D2-1A05-4B1B-AFC1-73CA89C0CF2F,Yes,NO APPARENT INJURY,N/A,LOOKED BUT DID NOT SEE,MD,E4A8A0B3-9BEF-43BA-AA9F-2BBF7001FD87,SUPERFICIAL,FOUR OCLOCK,PASSENGER CAR,STARTING FROM PARKED,Unknown,10,2015,TOYOTA
MCP302600BD,230046425,Montgomery County Police,Property Damage Crash,7/27/2023 12:30,STRAIGHT MOVEMENT ANGLE,700D811F-C922-4508-85F1-49C2299332DA,Yes,NO APPARENT INJURY,N/A,LOOKED BUT DID NOT SEE,MD,F48505CD-AD56-4982-AF87-6B7128E5F8C1,FUNCTIONAL,ONE OCLOCK,PASSENGER CAR,MAKING LEFT TURN,East,30,2017,BMW
MCP3197003S,230068117,Montgomery County Police,Property Damage Crash,11/24/2023 20:48,SAME DIR REAR END,664DC310-BDF7-4048-B2EA-8A6ACB7E8DDF,No,NO APPARENT INJURY,N/A,NOT DISTRACTED,MD,29C0794B-B340-418F-BE0E-02101FDE3C1F,SUPERFICIAL,SIX OCLOCK,PASSENGER CAR,MOVING CONSTANT SPEED,South,35,2011,FORD
MCP23050035,230073395,Montgomery County Police,Property Damage Crash,12/23/2023 21:47,SAME DIR REAR END,C1B1BE58-A3E0-4A0F-807B-3DD41A8C6371,Yes,NO APPARENT INJURY,N/A,NOT DISTRACTED,MD,DE8AA0C6-E358-45E9-8CE2-4B7F4A85C072,DISABLING,TWELVE OCLOCK,PICKUP TRUCK,MOVING CONSTANT SPEED,South,40,2001,DODG
MCP13780164,230060921,Montgomery County Police,Injury Crash,10/16/2023 18:47,STRAIGHT MOVEMENT ANGLE,3E55C56A-35C1-4BF2-84AD-4A049DD1AFE9,Yes,POSSIBLE INJURY,N/A,NOT DISTRACTED,MD,D54ADF6C-38B3-4E69-AF81-D63EE7BFC91E,DISABLING,TWELVE OCLOCK,PASSENGER CAR,MOVING CONSTANT SPEED,North,40,2000,CHEV
MCP3197003N,230063450,Montgomery County Police,Property Damage Crash,10/30/2023 17:13,STRAIGHT MOVEMENT ANGLE,3C024466-0248-4DB6-9F42-E9DE3BFCF552,No,NO APPARENT INJURY,"RAIN, SNOW, WET",NOT DISTRACTED,MD,51596A36-1F0D-4799-B828-5482D6572FFF,FUNCTIONAL,ELEVEN OCLOCK,PASSENGER CAR,MOVING CONSTANT SPEED,East,35,2009,CADILLAC
MCP2450004T,23006642,Montgomery County Police,Property Damage Crash,11/17/2023 18:00,SAME DIR REAR END,7D086726-B04C-433A-B3BC-8FABBA85256A,No,NO APPARENT INJURY,N/A,NOT DISTRACTED,MD,4D17569E-436D-4CE6-8E2A-E68B4A28611B,FUNCTIONAL,SIX OCLOCK,PASSENGER CAR,SLOWING OR STOPPING,South,55,2018,TOYOTA
DD5502007V,230064024,Rockville Police Departme,Injury Crash,11/2/2023 16:25,SAME DIRECTION SIDESWIPE,ABA3CDD4-1150-478D-954E-0430B7BED487,No,POSSIBLE INJURY,N/A,NOT DISTRACTED,MD,057FF812-8ED8-4FD4-9928-4FF6C18DB32C,FUNCTIONAL,TEN OCLOCK,PASSENGER CAR,STARTING FROM PARKED,South,15,2015,MQZDA
MCP3377000X,230072273,Montgomery County Police,Property Damage Crash,12/17/2023 22:19,SAME DIR REAR END,5730FDC4-5661-4F69-B4A4-BF8B9538059F,Yes,NO APPARENT INJURY,"RAIN, SNOW, WET",NOT DISTRACTED,VA,E518ED05-E1D1-4C9A-BB64-B8130E31886C,NO DAMAGE,ELEVEN OCLOCK,PASSENGER CAR,MOVING CONSTANT SPEED,South,35,2018,LEXUS
MCP3091004F,230071209,Montgomery County Police,Injury Crash,12/12/2023 6:46,SAME DIR REAR END,61D2C55A-3CCA-4735-996C-316F5192E100,Yes,NO APPARENT INJURY,"ICY OR SNOW-COVERED, V WIPERS|W OTHER ENVIRONMENTAL",UNKNOWN,MD,1CFB0920-2C2C-442D-81E4-0495762DC19F,NO DAMAGE,TWELVE OCLOCK,PICKUP TRUCK,MOVING CONSTANT SPEED,North,40,2023,GMC
MCP32400037,230059763,Montgomery County Police,Injury Crash,10/10/2023 21:17,SAME DIRECTION SIDESWIPE,DBC98B60-EC7A-4183-8D5F-EE376958A51C,Yes,NO APPARENT INJURY,N/A,UNKNOWN,,B78936B5-AE9D-4834-BC6F-C01194243258,UNKNOWN,UNKNOWN,,CHANGING LANES,West,40,0,UNKNOWN
MCP27710032,230072890,Montgomery County Police,Injury Crash,12/21/2023 8:02,SAME DIR REAR END,6076ADB5-4B61-478F-BB6D-1004C7AC5C6D,No,NO APPARENT INJURY,"N/A, VISION OBSTRUCTION (INCL. BLINDED BY SUN)",NOT DISTRACTED,MD,5D7CD0CB-4D8A-45A3-BEE2-5911D33FFCF8,FUNCTIONAL,SIX OCLOCK,PASSENGER CAR,MOVING CONSTANT SPEED,South,45,2019,CHEV
MCP26870043,230055358,Montgomery County Police,Property Damage Crash,9/17/2023 10:39,SAME DIRECTION SIDESWIPE,8B4851D4-0D22-44C0-8F5E-01C38B29EBEA,No,NO APPARENT INJURY,N/A,NOT DISTRACTED,FL,CBBAB645-22A4-4694-BA98-CBE10C2F22CA,SUPERFICIAL,THREE OCLOCK,"CARGO VAN/LIGHT TRUCK 2 AXLES (OVER 10,000LBS (4,536 KG))",ACCELERATING,North,25,2015,PETERBILT
MCP31450047,230061651,Montgomery County Police,Property Damage Crash,10/20/2023 15:30,SAME DIRECTION RIGHT TURN,42636462-572C-4CAE-8890-82A8AC4754E2,No,NO APPARENT INJURY,"RAIN, SNOW, WET",NOT DISTRACTED,MD,E6BFC750-E14D-42D8-A808-599271807103,FUNCTIONAL,NINE OCLOCK,PASSENGER CAR,MAKING RIGHT TURN,North,35,2019,TOYT
MCP3330001G,230062867,Montgomery County Police,Property Damage Crash,10/27/2023 11:54,OTHER,1CE5412C-419D-42D0-84F3-F6CBA93A97DF,No,NO APPARENT INJURY,N/A,UNKNOWN,MD,AE465DD8-AFD6-416A-B551-4203AF6B8EA9,SUPERFICIAL,THREE OCLOCK,SCHOOL BUS,MOVING CONSTANT SPEED,East,35,2023,THOMAS
MCP2314002W,230071940,Montgomery County Police,Injury Crash,12/15/2023 16:15,HEAD ON LEFT TURN,AFD5D200-6571-4BD7-AD42-CF99FD36D537,Yes,NO APPARENT INJURY,N/A,NOT DISTRACTED,MD,4969C803-BCF7-4842-9477-F4D2C8F1E93D,FUNCTIONAL,ONE OCLOCK,(SPORT) UTILITY VEHICLE,MAKING LEFT TURN,North,40,2019,VOLK
MCP243600HG,230062821,Montgomery County Police,Property Damage Crash,10/27/2023 7:25,ANGLE MEETS RIGHT TURN,0BF1B567-B3AC-4B8D-A650-3561DE829D15,No,NO APPARENT INJURY,N/A,NOT DISTRACTED,MD,A12839F3-D758-43A4-A527-BDFA7E2032CC,FUNCTIONAL,TWO OCLOCK,PASSENGER CAR,MOVING CONSTANT SPEED,North,40,2015,NISSAN
MCP3201004M,230056284,Montgomery County Police,Injury Crash,9/22/2023 12:26,STRAIGHT MOVEMENT ANGLE,1E9AAE98-5283-48E9-A812-3AF5E49CFC0D,No,SUSPECTED SERIOUS INJURY,N/A,NOT DISTRACTED,MD,866B9CC8-92C2-419A-A3CC-5E5C2ADD0B06,DISABLING,TEN OCLOCK,PASSENGER CAR,MAKING LEFT TURN,North,35,2023,AUDI
MCP1595002C,230047897,Montgomery County Police,Injury Crash,8/5/2023 1:08,SAME DIRECTION SIDESWIPE,C6717C48-CE45-4208-A9C4-80A91D5D6245,No,SUSPECTED MINOR INJURY,N/A,UNKNOWN,MD,6AE17B5D-19B5-429D-A69A-08A39408A8F7,DISABLING,TEN OCLOCK,PASSENGER CAR,MOVING CONSTANT SPEED,South,25,2023,TOYOTA
EJ7805000C,15058916,GAITHERSBURG,Property Damage Crash,11/18/2015 15:35,OTHER,F4F62AF8-435C-481F-8C4D-9792EAE06A09,Yes,NO APPARENT INJURY,N/A,NOT DISTRACTED,DC,3951BAAD-2796-421F-A156-8514ABBB61BA,DISABLING,TWELVE OCLOCK,PICKUP TRUCK,MOVING CONSTANT SPEED,North,35,2007,FORDVAL2007
MCP2594005S,190057832,Montgomery County Police,Injury Crash,12/1/2019 13:56,SINGLE VEHICLE,D2FD7996-C2B1-41D1-9AA9-C99E0C8C2E54,Yes,POSSIBLE INJURY,"RAIN, SNOW, WET",UNKNOWN,MD,1BDEEA25-D68E-49ED-B842-41CD74641F66,DISABLING,FIVE OCLOCK,PASSENGER CAR,MOVING CONSTANT SPEED,North,40,2018,BMW
MCP2674004M,230070972,Montgomery County Police,Property Damage Crash,12/10/2023 18:05,HEAD ON,C46B3A1E-EF66-4D7E-A5BF-38D2E59CB3BD,Yes,NO APPARENT INJURY,"RAIN, SNOW, WET",NOT DISTRACTED,MD,4C52975C-CF4A-45F1-912F-AD126A5D4D73,DISABLING,TWELVE OCLOCK,PASSENGER CAR,MOVING CONSTANT SPEED,South,40,2006,FORD
MCP28180017,15039100,MONTGOMERY,Injury Crash,8/6/2015 15:38,SAME DIRECTION LEFT TURN,47D756AB-0572-4817-97E1-41A43E4BE273,No,POSSIBLE INJURY,N/A,NOT DISTRACTED,MD,B462EB63-C4ED-4BC1-8439-02643414CE72,FUNCTIONAL,ONE OCLOCK,(SPORT) UTILITY VEHICLE,MAKING LEFT TURN,South,35,2012,TOYOTA
MCP304800BM,230058236,Montgomery County Police,Property Damage Crash,9/25/2023 10:00,OTHER,58A050B2-339B-48A2-A8BF-5DBD1DC99FF4,Yes,NO APPARENT INJURY,N/A,UNKNOWN,,25E5B0A2-2166-41BB-A0B0-673CDA26E28B,UNKNOWN,SIX OCLOCK,UNKNOWN,BACKING,West,5,0,UNKNOWN
MCP3095004V,230072408,Montgomery County Police,Property Damage Crash,12/18/2023 15:56,STRAIGHT MOVEMENT ANGLE,D0440DAF-68BB-4DBC-9E8D-1CD2248F4530,Yes,NO APPARENT INJURY,N/A,UNKNOWN,MD,C5D73B70-2D56-437B-8492-A8503A473C39,DISABLING,TWELVE OCLOCK,PASSENGER CAR,MOVING CONSTANT SPEED,South,45,2006,PONTIAC
MCP2826001F,230070765,Montgomery County Police,Property Damage Crash,12/9/2023 12:00,OTHER,1F725C81-03A2-4E11-9888-31414725C6D9,Yes,NO APPARENT INJURY,N/A,OTHER DISTRACTION,DC,64503C71-E471-4778-9F57-840B2FFCF908,FUNCTIONAL,SIX OCLOCK,PASSENGER CAR,BACKING,Unknown,15,2022,TOYOTA
MCP9386009T,230071093,Montgomery County Police,Property Damage Crash,12/7/2023 13:30,SAME DIRECTION SIDESWIPE,24CE739C-016B-414E-85DE-9489886CB43A,Unknown,NO APPARENT INJURY,N/A,NOT DISTRACTED,MD,4047711A-5926-4E5A-852F-15F0F5F41A5F,SUPERFICIAL,THREE OCLOCK,POLICE VEHICLE/NON EMERGENCY,STARTING FROM PARKED,West,15,2015,FORD
MCP31070024,230047731,Montgomery County Police,Property Damage Crash,8/4/2023 3:30,SINGLE VEHICLE,D56040D2-A90A-4C1B-83A4-CFBB7D843357,Yes,NO APPARENT INJURY,"RAIN, SNOW, WET",UNKNOWN,MD,2259E887-85C7-4714-891F-B2556AD1D006,DESTROYED,TWELVE OCLOCK,PASSENGER CAR,MOVING CONSTANT SPEED,West,35,2008,BMW