Report Number,Local Case Number,Agency Name,ACRS Report Type,Crash Date/Time,Collision Type,Person ID,Driver At Fault,Injury Severity,Circumstance,Driver Distracted By,Drivers License State,Vehicle ID,Vehicle Damage Extent,Vehicle First Impact Location,Vehicle Body Type,Vehicle Movement,Vehicle Going Dir,Speed Limit,Vehicle Year,Vehicle Make
DM84930028,230068588,Takoma Park Police Depart,Property Damage Crash,11/27/2023 18:39,SAME DIR REAR END,B533F7F1-121C-43D7-969C-C7CAE480543D,No,NO APPARENT INJURY,N/A,NOT DISTRACTED,MD,7017CA10-4639-4300-9EF0-FC001AFFACF3,SUPERFICIAL,SIX OCLOCK,PASSENGER CAR,STARTING FROM LANE,North,35,2014,CHRYSLER
MCP9419004Y,230065353,Montgomery County Police,Injury Crash,11/9/2023 12:14,SAME DIR REAR END,A250C5A2-FE44-4710-B046-57150D1C7046,Yes,POSSIBLE INJURY,"N/A, V EXHAUST SYSTEM|R OTHER ROAD",NOT DISTRACTED,MD,0F76B945-1E3F-4929-981D-AD6F839F3423,DISABLING,TWELVE OCLOCK,PASSENGER CAR,MOVING CONSTANT SPEED,South,40,2005,TOYOTA
MCP3009006T,230060823,Montgomery County Police,Injury Crash,10/16/2023 11:10,STRAIGHT MOVEMENT ANGLE,8E271AE2-4645-4265-B86E-DD09DF4FDAD6,No,POSSIBLE INJURY,N/A,NOT DISTRACTED,MD,76A6DA58-5490-4C1C-825A-FD3E54CB9D33,DISABLING,ELEVEN OCLOCK,PASSENGER CAR,MOVING CONSTANT SPEED,North,20,2018,HONDA
MCP33510017,230046803,Montgomery County Police,Property Damage Crash,7/29/2023 13:27,SAME DIR REAR END,7369740E-405A-4B0E-8527-5740FC0B2DCF,Yes,NO APPARENT INJURY,N/A,UNKNOWN,,5E482263-B365-4E10-B0AA-96843C3D4A3D,UNKNOWN,ONE OCLOCK,PICKUP TRUCK,UNKNOWN,East,30,2013,FORD
MCP3254003N,240000590,Montgomery County Police,Injury Crash,12/31/2023 13:00,SINGLE VEHICLE,D534563D-D46C-4510-B8F7-E44243D8DD12,Yes,NO APPARENT INJURY,N/A,UNKNOWN,,E23F7E4A-366D-4142-8FBD-38018A9705A6,UNKNOWN,UNKNOWN,,MOVING CONSTANT SPEED,East,5,0,UNKNOWN
MCP3226004D,230053317,Montgomery County Police,Property Damage Crash,9/5/2023 17:23,SAME DIR REAR END,D06DB5E5-1521-4031-AAD9-741A234FF03E,No,NO APPARENT INJURY,N/A,NOT DISTRACTED,FL,32333000-EEB2-4FA2-B1FD-77C2C4A761A0,SUPERFICIAL,SIX OCLOCK,(SPORT) UTILITY VEHICLE,STOPPED IN TRAFFIC LANE,East,40,2017,FORD
MCP29620084,230051851,Montgomery County Police,Property Damage Crash,8/28/2023 14:55,SAME DIR REAR END,EDC0AFD7-D59D-49DA-9AF2-9DA17A07BE33,Yes,NO APPARENT INJURY,N/A,LOOKED BUT DID NOT SEE,MD,D078A889-A3FF-463B-901A-1D867CD613DD,SUPERFICIAL,TWELVE OCLOCK,PASSENGER CAR,SLOWING OR STOPPING,North,35,2013,HYUNDAI
MCP2776004R,230055089,Montgomery County Police,Property Damage Crash,9/15/2023 15:39,SAME DIR BOTH LEFT TURN,07EB136B-14CC-4E09-B934-B0D88573AD8B,Yes,NO APPARENT INJURY,N/A,NOT DISTRACTED,MD,FD464EB5-C560-4A14-9B79-D224F1E7A52D,SUPERFICIAL,FIVE OCLOCK,SCHOOL BUS,STARTING FROM PARKED,North,0,2022,FRHT (CHASSIS/THOMAS
MCP3312004D,230068319,Montgomery County Police,Property Damage Crash,11/26/2023 10:45,SAME DIR REAR END,0D7B91EB-C32E-4A73-A478-C1F4977B9429,Yes,NO APPARENT INJURY,N/A,UNKNOWN,,850D361A-3378-4F31-B71E-1FD8E1147E04,FUNCTIONAL,TWELVE OCLOCK,PASSENGER CAR,MOVING CONSTANT SPEED,South,45,2013,NISSAN
MCP24370055,230056305,Montgomery County Police,Property Damage Crash,9/22/2023 13:40,SAME DIRECTION SIDESWIPE,BEA36069-9891-4978-94AC-BE37F80E3251,Yes,NO APPARENT INJURY,N/A,LOOKED BUT DID NOT SEE,MD,081EB3D2-61D7-4A35-9EF8-3668E9505F1D,SUPERFICIAL,TWELVE OCLOCK,SCHOOL BUS,ACCELERATING,Unknown,0,2023,FREIGHTLINER
MCP3360000X,230053233,Montgomery County Police,Property Damage Crash,9/5/2023 10:04,SINGLE VEHICLE,E6EC5FE6-730A-489C-BFD6-E23CAECD32E4,Yes,NO APPARENT INJURY,N/A,INATTENTIVE OR LOST IN THOUGHT,MD,09BF8606-217C-4E45-944A-02DDD8FC2E28,DISABLING,TWELVE OCLOCK,PASSENGER CAR,MOVING CONSTANT SPEED,South,55,2020,KIA
MCP3136006J,230048375,Montgomery County Police,Property Damage Crash,8/8/2023 11:39,SAME DIRECTION SIDESWIPE,6986BE63-C56A-4DA9-907E-EDA1EC01554B,Yes,NO APPARENT INJURY,N/A,NOT DISTRACTED,MD,A096AC2A-B5C4-4FA5-BA55-68630B79F9DE,SUPERFICIAL,ONE OCLOCK,VAN,PASSING,South,35,2021,DODGE
MCP2683006Y,230072406,Montgomery County Police,Property Damage Crash,12/18/2023 15:34,SAME DIR REAR END,DCFF3F55-DC1B-4789-8524-A4E59E7F359C,Yes,NO APPARENT INJURY,N/A,NOT DISTRACTED,MD,1B53A810-A370-4D98-8DFD-26C50764EFEE,DISABLING,TWELVE OCLOCK,PASSENGER CAR,SLOWING OR STOPPING,North,35,2023,MERZ
MCP25450014,230054410,Montgomery County Police,Property Damage Crash,9/12/2023 10:25,HEAD ON LEFT TURN,8854B6E9-FA7B-42EB-AE85-436967281D3F,No,NO APPARENT INJURY,N/A,NOT DISTRACTED,XX,6F90EC34-7F03-45FF-85A6-5504206517DF,FUNCTIONAL,TWELVE OCLOCK,PASSENGER CAR,MOVING CONSTANT SPEED,North,25,2018,JEEP
MCP3263003S,230062529,Montgomery County Police,Property Damage Crash,10/25/2023 15:30,SAME DIRECTION LEFT TURN,C6970198-5112-4BCA-B2FC-B40C688715D1,No,NO APPARENT INJURY,N/A,NOT DISTRACTED,MD,7B0E1950-4730-410C-9291-D3EC25A8D77C,SUPERFICIAL,TWELVE OCLOCK,PASSENGER CAR,MOVING CONSTANT SPEED,North,25,2001,SUBA
MCP2016007G,230065613,Montgomery County Police,Property Damage Crash,11/10/2023 14:35,STRAIGHT MOVEMENT ANGLE,CC0916D5-1B62-4CC9-B725-17B86FB532F8,No,NO APPARENT INJURY,"N/A, WET",NOT DISTRACTED,MD,5B1BA139-383F-4501-A658-D75CC0D6AA8A,DISABLING,TEN OCLOCK,PASSENGER CAR,MOVING CONSTANT SPEED,East,25,2019,AUDI
MCP32610018,230047208,Montgomery County Police,Injury Crash,7/31/2023 21:47,HEAD ON LEFT TURN,C6FC4CCA-8A78-4679-B7D8-619194E8337B,Yes,POSSIBLE INJURY,N/A,NOT DISTRACTED,MD,6A994D34-D043-4BB8-9934-B3DBF1445789,FUNCTIONAL,FOUR OCLOCK,PASSENGER CAR,MAKING LEFT TURN,East,25,2006,NISSAN
MCP2376001C,230058841,Montgomery County Police,Injury Crash,10/6/2023 0:22,SINGLE VEHICLE,2FD576AC-9129-437B-9B7A-52BB9286D00E,Yes,SUSPECTED SERIOUS INJURY,N/A,UNKNOWN,MD,E40BCAD5-562C-4D18-AE40-F6A7A31EA19B,DESTROYED,TWELVE OCLOCK,MOTORCYCLE,ACCELERATING,Unknown,0,2023,YAMAHA
MCP263900GC,230072418,Montgomery County Police,Property Damage Crash,12/18/2023 16:28,SAME DIRECTION SIDESWIPE,21C0E688-E737-4AB9-ACA5-2FF74AEBF6A1,Yes,NO APPARENT INJURY,N/A,NOT DISTRACTED,MD,6EE43B6D-CDAA-4936-BAEA-F7EDD55EE12F,SUPERFICIAL,TEN OCLOCK,TRANSIT BUS,ACCELERATING,East,30,2014,NABI
MCP2556004X,230034930,Montgomery County Police,Injury Crash,7/22/2023 15:39,STRAIGHT MOVEMENT ANGLE,979FC6F5-1C7F-4B20-94DE-148B05B45341,No,NO APPARENT INJURY,N/A,NOT DISTRACTED,MD,CB83B4BB-AB3A-4817-B13E-7AA5FBEA9D3F,DISABLING,TEN OCLOCK,PASSENGER CAR,MOVING CONSTANT SPEED,South,50,2016,LEXUS
MCP0617005J,230065126,Montgomery County Police,Property Damage Crash,11/8/2023 12:23,SAME DIR REAR END,F3A9CF61-81DD-4AB7-A914-2BF341626E6C,Yes,NO APPARENT INJURY,N/A,NOT DISTRACTED,MD,C1E76501-AB59-406F-8442-21E33971EDC4,SUPERFICIAL,TWELVE OCLOCK,PASSENGER CAR,STARTING FROM LANE,East,30,2015,KIA
MCP2726007Y,230058633,Montgomery County Police,Property Damage Crash,10/5/2023 6:28,OTHER,3AA6E2F9-AAEA-4BF1-9A11-D6942BC68956,Yes,NO APPARENT INJURY,N/A,UNKNOWN,,3C08CBF0-1B1C-45E5-8766-3ECD254D35BD,FUNCTIONAL,UNKNOWN,PASSENGER CAR,UNKNOWN,East,25,2018,HYUNDAI
MCP2723007L,230053349,Montgomery County Police,Injury Crash,9/5/2023 20:35,SINGLE VEHICLE,88D4AB6C-D894-4F82-9260-F25AFF47ABFF,Yes,NO APPARENT INJURY,N/A,LOOKED BUT DID NOT SEE,VA,8FD979CD-9190-453C-91E9-C0C6F84D4A8B,NO DAMAGE,TWO OCLOCK,PASSENGER CAR,MAKING RIGHT TURN,South,30,2017,VOLKSWAGON
MCP30510074,230063471,Montgomery County Police,Property Damage Crash,10/30/2023 18:45,HEAD ON LEFT TURN,E5F52A66-60BF-42B2-A4F7-9A5538662A16,No,NO APPARENT INJURY,"RAIN, SNOW, WET",NOT DISTRACTED,MD,9C7046A4-832D-4A2A-BB9B-82679638E00F,DISABLING,TWELVE OCLOCK,(SPORT) UTILITY VEHICLE,MOVING CONSTANT SPEED,East,25,2021,TESLA
EJ7887002Q,230047606,Gaithersburg Police Depar,Property Damage Crash,8/3/2023 11:25,SAME DIRECTION LEFT TURN,2800073C-B5D1-4CF7-918C-6592D782E3D1,Yes,NO APPARENT INJURY,N/A,UNKNOWN,,56112EAD-CF90-44A2-A7FD-23CA65A187D2,UNKNOWN,UNKNOWN,UNKNOWN,MOVING CONSTANT SPEED,West,25,0,UNKNOWN
MCP235800BR,230056626,Montgomery County Police,Property Damage Crash,9/24/2023 13:30,SAME DIR REAR END,0421B9C3-D9A3-49A6-972B-4AB192543E1A,No,NO APPARENT INJURY,"N/A, WET",NOT DISTRACTED,MD,16C40636-A6CB-4775-9316-743512C36AAC,DISABLING,SIX OCLOCK,PASSENGER CAR,SLOWING OR STOPPING,West,35,2019,FORD
MCP28350034,230056424,Montgomery County Police,Property Damage Crash,9/23/2023 1:46,SINGLE VEHICLE,CF2D2A20-9749-4C17-8D8D-129EFE80CEAA,Yes,NO APPARENT INJURY,"RAIN, SNOW, WET",LOOKED BUT DID NOT SEE,XX,B7D1B407-69E3-4684-A5F8-F5B42E750D92,SUPERFICIAL,TWELVE OCLOCK,VAN,MOVING CONSTANT SPEED,West,35,2004,FORD
MCP3009006Y,230063601,Montgomery County Police,Property Damage Crash,10/27/2023 17:15,SAME DIR REAR END,BD2BEB53-7E1B-4DEA-BEAD-0790A4077A24,No,NO APPARENT INJURY,N/A,NOT DISTRACTED,MD,A75AD4AA-18FA-4A73-9791-101BFADE20CA,SUPERFICIAL,SIX OCLOCK,PASSENGER CAR,SLOWING OR STOPPING,East,50,2022,TESLA
MCP24450050,230046634,Montgomery County Police,Property Damage Crash,7/28/2023 12:53,SAME DIR REAR END,0C15F52D-3DF4-40C9-9B53-EE63D008F0CC,Yes,NO APPARENT INJURY,N/A,UNKNOWN,MD,247FA71F-9B61-4472-84F1-A8CB2240686C,FUNCTIONAL,TWELVE OCLOCK,PICKUP TRUCK,MOVING CONSTANT SPEED,West,45,1991,CHEVROLET
DM85220010,230056240,Takoma Park Police Depart,Property Damage Crash,9/22/2023 8:44,OTHER,FCE87108-8638-4362-A771-6D9CDD6E8035,Yes,NO APPARENT INJURY,N/A,NOT DISTRACTED,MD,3015C94D-7284-48BF-ADC2-46CA9E97F724,SUPERFICIAL,ELEVEN OCLOCK,"MEDIUM/HEAVY TRUCKS 3 AXLES (OVER 10,000LBS (4,536KG))",BACKING,North,25,2020,MACK
EJ78750040,230060927,Gaithersburg Police Depar,Property Damage Crash,10/17/2023 19:17,STRAIGHT MOVEMENT ANGLE,0FD92B66-9EF4-4328-B022-FA630C7E0442,No,NO APPARENT INJURY,N/A,NOT DISTRACTED,MD,FFB1D8C8-4BF4-47B8-8A37-5E91926E3FDC,SUPERFICIAL,FOUR OCLOCK,PASSENGER CAR,MOVING CONSTANT SPEED,South,25,2017,MITS
EJ78870039,230066017,Gaithersburg Police Depar,Property Damage Crash,11/13/2023 8:50,SAME DIRECTION LEFT TURN,618C3E4C-F839-4FA8-AC76-6465D74E2C01,Unknown,NO APPARENT INJURY,N/A,NOT DISTRACTED,MD,25E4AA1F-28D8-4861-8AE2-923E7C97DFCE,FUNCTIONAL,ONE OCLOCK,TRANSIT BUS,MOVING CONSTANT SPEED,South,55,2019,GILG
MCP2107004J,230064648,Montgomery County Police,Injury Crash,11/6/2023 9:11,SAME DIR REAR END,F1C8B0EC-C10B-46D4-92CA-369536305C1B,No,POSSIBLE INJURY,N/A,NOT DISTRACTED,MD,733BC655-344B-4707-957D-863824998743,FUNCTIONAL,SIX OCLOCK,PASSENGER CAR,SLOWING OR STOPPING,South,35,2022,TOYT
MCP2687003Y,230046254,Montgomery County Police,Property Damage Crash,7/26/2023 16:35,SAME DIR REAR END,BFDE0C3A-7132-48A4-9AF4-343FB13F44AE,No,NO APPARENT INJURY,N/A,NOT DISTRACTED,MD,01CDCF17-5CA2-44BF-A233-A9E09F54BCF0,DISABLING,SIX OCLOCK,PASSENGER CAR,SLOWING OR STOPPING,North,35,2017,MAZDA
MCP29610017,16043451,Montgomery County Police,Injury Crash,8/26/2016 16:00,STRAIGHT MOVEMENT ANGLE,59D614B7-88B3-4831-B1E3-2C596F8AA5EB,No,SUSPECTED MINOR INJURY,N/A,NOT DISTRACTED,DC,3E37DFFC-3973-45C8-9252-40A9B11A675A,SUPERFICIAL,TWELVE OCLOCK,PASSENGER CAR,MOVING CONSTANT SPEED,South,40,2006,BUICK
MCP3225004D,230072591,Montgomery County Police,Injury Crash,12/19/2023 16:00,SAME DIRECTION LEFT TURN,A29C3659-C87F-4252-9642-B6DDE857A7B6,Yes,NO APPARENT INJURY,N/A,LOOKED BUT DID NOT SEE,MD,B6B65ABE-09C0-499A-8686-EEAF6E1158DA,DISABLING,ELEVEN OCLOCK,PASSENGER CAR,MAKING U TURN,East,25,2020,NISSAN
MCP1205009C,230046426,Montgomery County Police,Property Damage Crash,7/27/2023 12:51,OTHER,F5530FA7-ABDE-4CFE-8A5A-CDCC4E8559A5,Yes,NO APPARENT INJURY,N/A,UNKNOWN,MD,18442974-F7FB-4199-A038-65F41802C265,SUPERFICIAL,UNKNOWN,"MEDIUM/HEAVY TRUCKS 3 AXLES (OVER 10,000LBS (4,536KG))",PARKING,East,25,9999,INTERNATIONAL
DD56430038,230068278,Rockville Police Departme,Property Damage Crash,11/26/2023 0:15,STRAIGHT MOVEMENT ANGLE,CB7E5C8A-9D2D-43A0-90B9-B25660F36047,Yes,NO APPARENT INJURY,N/A,NOT DISTRACTED,MD,327198AD-E9E5-4AAC-A2CD-6ED251A13C42,FUNCTIONAL,TWELVE OCLOCK,PASSENGER CAR,MAKING LEFT TURN,North,35,2015,HYUN
MCP3180003P,230049762,Montgomery County Police,Injury Crash,8/16/2023 14:03,HEAD ON LEFT TURN,0E37B71E-C880-43DF-9B6A-7C953B5D3027,Yes,POSSIBLE INJURY,N/A,LOOKED BUT DID NOT SEE,MD,2B2DAA16-456B-4F56-8F13-2C98541F8AA7,DESTROYED,TWO OCLOCK,PASSENGER CAR,MAKING LEFT TURN,South,30,2019,MAZDA
MCP2816003P,230060387,Montgomery County Police,Property Damage Crash,10/13/2023 20:27,HEAD ON LEFT TURN,C2DDCE3E-E0CC-4134-9C7C-DCA865F357CA,No,NO APPARENT INJURY,N/A,NOT DISTRACTED,MD,2596B6BD-98B0-4029-8C41-47F77DD255D8,FUNCTIONAL,TWELVE OCLOCK,PASSENGER CAR,MOVING CONSTANT SPEED,South,45,2010,TOYOTA
MCP27600042,230054009,Montgomery County Police,Property Damage Crash,9/9/2023 17:51,SAME DIR REAR END,F1B18AE7-2A89-4949-9593-AF6964B42FAE,No,NO APPARENT INJURY,"RAIN, SNOW, WET",NOT DISTRACTED,MD,43AA22F7-A5C6-4174-A979-3506B596C83B,FUNCTIONAL,SIX OCLOCK,PASSENGER CAR,SLOWING OR STOPPING,North,35,2015,CHEV
MCP12020030,180011212,Montgomery County Police,Property Damage Crash,3/5/2018 13:31,UNKNOWN,7972276E-75EF-409C-A2EF-F39BFD82BB9F,Yes,NO APPARENT INJURY,N/A,UNKNOWN,,4EB4307D-E306-45FD-AADA-BED52A8340E9,UNKNOWN,UNKNOWN,,PARKING,Unknown,5,0,UNKNOWN
MCP32900027,230034915,Montgomery County Police,Property Damage Crash,7/22/2023 14:05,SAME DIR REAR END,AAB18CF3-C731-4693-AAB6-585F7FFA9DE5,No,NO APPARENT INJURY,N/A,NOT DISTRACTED,MD,015C1B01-D96C-4B84-829A-53AF1E504A77,FUNCTIONAL,SIX OCLOCK,PASSENGER CAR,STOPPED IN TRAFFIC LANE,North,35,2020,HOND
MCP2159001B,230057015,Montgomery County Police,Injury Crash,9/26/2023 17:23,STRAIGHT MOVEMENT ANGLE,F597C368-EA31-4040-A0A7-4423B7F26081,No,POSSIBLE INJURY,"N/A, WET",NOT DISTRACTED,MD,7574041A-B125-4793-B8D8-EE05552208C9,DISABLING,TWELVE OCLOCK,(SPORT) UTILITY VEHICLE,MOVING CONSTANT SPEED,North,45,2020,ACURA
MCP295400DK,230050755,Montgomery County Police,Injury Crash,8/22/2023 18:34,SAME DIR REAR END,797A5ABD-377D-4BB2-BEC4-4F913CBB051D,Yes,NO APPARENT INJURY,N/A,USING OTHER DEVICE CONTROLS INTEGRAL TO VEHICLE,MD,08C253E5-9A69-4F91-AEFF-68BABC75FFA3,SUPERFICIAL,TWELVE OCLOCK,PASSENGER CAR,SLOWING OR STOPPING,South,40,2004,MERCURY
EJ78880057,230064244,Gaithersburg Police Depar,Property Damage Crash,11/5/2023 12:00,OTHER,21711456-FD7D-454C-B7CC-CAAECBCF580F,Yes,NO APPARENT INJURY,N/A,LOOKED BUT DID NOT SEE,,8F81E760-41B2-4642-943D-D1F296B805B2,SUPERFICIAL,ONE OCLOCK,,PARKING,Unknown,5,0,UNKNOWN
DM8505000P,230060291,Takoma Park Police Depart,Property Damage Crash,10/13/2023 12:55,STRAIGHT MOVEMENT ANGLE,9DC26A2C-8909-4184-9BC7-FB93662E25B3,No,NO APPARENT INJURY,N/A,NOT DISTRACTED,MD,2E93B81E-6DD8-4494-8ECB-D160FA87A137,FUNCTIONAL,SIX OCLOCK,PASSENGER CAR,MOVING CONSTANT SPEED,South,35,2016,ROV
MCP3145003V,230051866,Montgomery County Police,Property Damage Crash,8/28/2023 15:50,OTHER,CA8B3A72-D142-4025-9655-D32930B83FA2,No,NO APPARENT INJURY,N/A,NOT DISTRACTED,MD,598DFBB7-404F-4697-8BD0-E094E517171D,SUPERFICIAL,FIVE OCLOCK,SCHOOL BUS,SLOWING OR STOPPING,East,30,2021,THOMAS
MCP2991008W,230063207,Montgomery County Police,Property Damage Crash,10/29/2023 13:15,SAME DIR REAR END,1F14686F-9637-4B2D-A718-979DEB9A01BA,Yes,NO APPARENT INJURY,N/A,OTHER DISTRACTION,MD,3947B2D1-EBF9-4C8C-856E-D95096896E50,DISABLING,TWELVE OCLOCK,PASSENGER CAR,MOVING CONSTANT SPEED,South,35,2012,CHEV
MCP31190009,180013174,Montgomery County Police,Property Damage Crash,3/16/2018 9:00,UNKNOWN,C3A0A660-E126-46BD-BDD0-827FAF6A15E3,Yes,NO APPARENT INJURY,N/A,UNKNOWN,,7CEE6660-0976-4F4C-8583-760A473BEB74,UNKNOWN,UNKNOWN,UNKNOWN,PARKING,Unknown,0,2005,CHRYSLER
MCP2940006W,230072059,Montgomery County Police,Injury Crash,12/16/2023 13:40,OTHER,47DC17E3-E3B1-428C-B99A-F36104BCE833,Yes,SUSPECTED MINOR INJURY,N/A,LOOKED BUT DID NOT SEE,DC,6524724D-909B-47AF-BFDF-ACEB4C966B37,DISABLING,ELEVEN OCLOCK,PASSENGER CAR,STARTING FROM PARKED,East,35,2008,TOYOTA
MCP3244002R,230057287,Montgomery County Police,Property Damage Crash,9/28/2023 12:44,OTHER,B6E9BB95-3730-4585-BFDE-8E6893D6B4FD,No,NO APPARENT INJURY,N/A,NOT DISTRACTED,MD,8AFC78FC-D0FF-442F-B328-646D6FFF900D,SUPERFICIAL,TWELVE OCLOCK,PASSENGER CAR,PARKED,,25,2013,HYUNDAI
MCP3209004J,230069702,Montgomery County Police,Injury Crash,12/4/2023 0:04,HEAD ON,4B64CB42-2AE4-4297-A916-7D15A2CFE902,Unknown,SUSPECTED MINOR INJURY,"N/A, WET",NOT DISTRACTED,MD,196F02CB-EDE0-4434-B9AF-D59D133EF06A,DESTROYED,TWELVE OCLOCK,PASSENGER CAR,MOVING CONSTANT SPEED,North,35,2010,NISSAN
DD5610008B,230054557,Rockville Police Departme,Property Damage Crash,9/13/2023 7:11,OTHER,0E965AD2-C85E-4A83-AFAF-B5B48CEAB2DA,No,NO APPARENT INJURY,N/A,NOT DISTRACTED,MD,1EA25701-6AA4-470B-AF13-35593B727B3A,FUNCTIONAL,TWELVE OCLOCK,(SPORT) UTILITY VEHICLE,MOVING CONSTANT SPEED,East,30,2019,JEEP
MCP209400MQ,230059112,Montgomery County Police,Injury Crash,10/7/2023 12:18,SAME DIR REAR END,67A78FB4-B4A1-4F12-ACEB-7626B9241151,No,NO APPARENT INJURY,"N/A, WET",NOT DISTRACTED,MD,CA276ABA-3AF3-46CF-8B4A-94DA6D1CF98D,FUNCTIONAL,SIX OCLOCK,(SPORT) UTILITY VEHICLE,STOPPED IN TRAFFIC LANE,West,25,2020,VOLKSWAGON
MCP3044006X,230064040,Montgomery County Police,Property Damage Crash,11/2/2023 17:48,SAME DIR REAR END,D9AA64A8-8E7E-4D1D-9B36-DE5BF8E7D5F1,Yes,NO APPARENT INJURY,N/A,LOOKED BUT DID NOT SEE,MD,E426875C-8EDD-4CD3-90C6-EBFE98A5AF66,DISABLING,TWELVE OCLOCK,(SPORT) UTILITY VEHICLE,SLOWING OR STOPPING,East,30,2015,DODGE
MCP2948006B,230034678,Montgomery County Police,Injury Crash,7/21/2023 1:15,HEAD ON,9D7CBFF7-30BA-408C-8CC9-4B927BEA1100,Yes,SUSPECTED MINOR INJURY,N/A,UNKNOWN,MD,246FD5B0-708D-47CF-B060-CAA40AD720C1,DISABLING,TWELVE OCLOCK,PASSENGER CAR,MOVING CONSTANT SPEED,South,25,2015,VOLKSWAGON
MCP30850047,230057915,Montgomery County Police,Property Damage Crash,10/1/2023 17:45,OTHER,BA7635CB-BEAB-43E2-BC4A-2EF64B32C494,Yes,NO APPARENT INJURY,N/A,UNKNOWN,,D9466AAF-3663-44D9-BD14-5416FE296E82,FUNCTIONAL,TWELVE OCLOCK,PASSENGER CAR,MAKING LEFT TURN,West,35,2016,LEXUS
MCP209400MG,230048517,Montgomery County Police,Injury Crash,8/9/2023 9:23,STRAIGHT MOVEMENT ANGLE,62E22BF2-FDB3-4561-9BCC-059FF2F16FD7,Yes,POSSIBLE INJURY,N/A,UNKNOWN,MD,E694A577-C880-48E9-BAC8-56CD49F25693,DISABLING,TWELVE OCLOCK,PASSENGER CAR,MOVING CONSTANT SPEED,West,35,2012,NISSAN
MCP27700023,170547901,Montgomery County Police,Property Damage Crash,12/9/2017 15:00,UNKNOWN,FCE7342F-F8E8-4919-B55E-7D89223A1824,Yes,NO APPARENT INJURY,N/A,UNKNOWN,,1B51D461-D585-4C91-8234-1C5375D1F8F3,UNKNOWN,UNKNOWN,,UNKNOWN,Unknown,15,0,UNKNOWN
MCP3136006S,230071047,Montgomery County Police,Property Damage Crash,12/11/2023 9:53,OTHER,351FE9C8-3CEC-4D38-BF09-83E297FB262A,Yes,NO APPARENT INJURY,"ICY OR SNOW-COVERED, RAIN, SNOW, WET",NOT DISTRACTED,MD,A37005F1-557B-4C05-82D9-CC2A5C392ACC,SUPERFICIAL,TWELVE OCLOCK,PASSENGER CAR,MAKING LEFT TURN,East,35,2002,TOYOTA
EJ786600D1,230065014,Gaithersburg Police Depar,Property Damage Crash,11/7/2023 21:14,SAME DIRECTION SIDESWIPE,062E968D-E5C7-42C5-91EB-60873B90304B,Yes,NO APPARENT INJURY,N/A,UNKNOWN,MD,6D260856-8280-45AB-8D27-C088A6808007,FUNCTIONAL,TWO OCLOCK,(SPORT) UTILITY VEHICLE,ACCELERATING,East,35,2013,FORD
MCP31050058,230071818,Montgomery County Police,Injury Crash,12/15/2023 0:36,STRAIGHT MOVEMENT ANGLE,AB356481-911C-452E-A621-6B3D2DDAECF1,No,SUSPECTED MINOR INJURY,N/A,NOT DISTRACTED,MD,B811EA59-08C6-4B23-A714-6ABFF54E6A84,DISABLING,TWELVE OCLOCK,(SPORT) UTILITY VEHICLE,STARTING FROM LANE,West,30,2021,FORD
MCP3361000S,230052629,Montgomery County Police,Injury Crash,9/1/2023 13:19,STRAIGHT MOVEMENT ANGLE,35A53947-C7AF-4D25-A914-62401B262D1D,No,NO APPARENT INJURY,N/A,NOT DISTRACTED,MD,2E392491-0327-44CD-9CFC-9C77B536800D,DISABLING,NINE OCLOCK,PASSENGER CAR,ACCELERATING,East,10,2022,TOYT
MCP3095004P,230061467,Montgomery County Police,Property Damage Crash,10/19/2023 15:07,STRAIGHT MOVEMENT ANGLE,CB4D5103-AE33-4F2E-8D80-0F87E8536058,No,NO APPARENT INJURY,N/A,NOT DISTRACTED,VA,DB154175-F216-4E93-A336-41FBC07038BF,SUPERFICIAL,TWELVE OCLOCK,FIRE VEHICLE/EMERGENCY,MOVING CONSTANT SPEED,East,40,2004,SPARTAN
MCP3053006Y,230065165,Montgomery County Police,Property Damage Crash,11/8/2023 15:01,OTHER,21B2C562-93AB-45E8-AE79-B6D6C44CB983,No,NO APPARENT INJURY,N/A,NOT DISTRACTED,MD,C704D535-06F7-4147-B5F1-103164D54C8C,DISABLING,TWELVE OCLOCK,PASSENGER CAR,MOVING CONSTANT SPEED,South,30,2016,FORD
MCP29460067,230069924,Montgomery County Police,Injury Crash,12/5/2023 8:41,STRAIGHT MOVEMENT ANGLE,B91608B2-D542-4EED-B28B-1E3682DCB0F2,Yes,NO APPARENT INJURY,"N/A, VISION OBSTRUCTION (INCL. BLINDED BY SUN)",LOOKED BUT DID NOT SEE,MD,28826E4A-FB8B-4B97-B4EF-B42C53703664,DISABLING,TEN OCLOCK,PICKUP TRUCK,MAKING LEFT TURN,South,35,2016,NISSAN