Report Number,Local Case Number,Agency Name,ACRS Report Type,Crash Date/Time,Collision Type,Person ID,Driver At Fault,Injury Severity,Circumstance,Driver Distracted By,Drivers License State,Vehicle ID,Vehicle Damage Extent,Vehicle First Impact Location,Vehicle Body Type,Vehicle Movement,Vehicle Going Dir,Speed Limit,Vehicle Year,Vehicle Make
MCP2622003X,230065797,Montgomery County Police,Injury Crash,11/11/2023 14:53,HEAD ON LEFT TURN,9E197EF8-6313-480D-9D23-473045AB0C9C,No,POSSIBLE INJURY,N/A,NOT DISTRACTED,MD,0C7FEF68-D96E-46CE-9982-E967E76AFEDD,DISABLING,TWELVE OCLOCK,PASSENGER CAR,MOVING CONSTANT SPEED,West,55,2021,HONDA
MCP33560016,230071790,Montgomery County Police,Property Damage Crash,12/14/2023 19:31,STRAIGHT MOVEMENT ANGLE,D473C125-1487-4953-B9B8-23FD2AEE2244,Yes,NO APPARENT INJURY,N/A,LOOKED BUT DID NOT SEE,MD,69BB303F-6F4E-48DC-AD83-07A943F15245,DISABLING,SEVEN OCLOCK,PASSENGER CAR,MOVING CONSTANT SPEED,West,45,2015,DODGE
MCP2496001W,200039884,Montgomery County Police,Injury Crash,10/10/2020 9:20,HEAD ON LEFT TURN,FFDC8906-1FB5-4509-8E08-F8D93A912D4F,Yes,SUSPECTED MINOR INJURY,N/A,NOT DISTRACTED,MD,48810333-C36E-4250-85BD-A2BE5E33FCB5,DISABLING,TWELVE OCLOCK,MOTORCYCLE,MOVING CONSTANT SPEED,East,45,2015,HONDA
MCP2016007F,230064191,Montgomery County Police,Property Damage Crash,11/3/2023 13:59,STRAIGHT MOVEMENT ANGLE,0B157FFD-2986-4C00-81B0-F633DE86C90E,No,NO APPARENT INJURY,N/A,NOT DISTRACTED,MD,63CF45B5-31F9-446B-82DD-1E4886154B7F,DISABLING,ONE OCLOCK,PASSENGER CAR,MOVING CONSTANT SPEED,South,30,2011,KIA
MCP2689009X,230053642,Montgomery County Police,Property Damage Crash,9/7/2023 13:07,SINGLE VEHICLE,0ED7D996-4197-479E-B597-267CEB8D76A4,Yes,NO APPARENT INJURY,N/A,UNKNOWN,MD,6EAB9094-EA99-434A-A22D-8BC567133F4D,DISABLING,TWELVE OCLOCK,PASSENGER CAR,MOVING CONSTANT SPEED,North,40,2021,MERCEDES-BENZ
MCP3130006R,230058648,Montgomery County Police,Property Damage Crash,10/5/2023 7:50,STRAIGHT MOVEMENT ANGLE,82D1FCA5-BAE5-479B-8FCD-3B6520877292,Yes,NO APPARENT INJURY,N/A,LOOKED BUT DID NOT SEE,MD,4AF9EA1A-82E2-4015-AF26-11CE71CA046F,DISABLING,TWELVE OCLOCK,PASSENGER CAR,MAKING LEFT TURN,North,25,2019,HONDA
MCP3161005T,230060890,Montgomery County Police,Injury Crash,10/16/2023 16:13,HEAD ON LEFT TURN,C58AFC0D-83B8-490A-BAC1-DD0D8F1A7739,No,POSSIBLE INJURY,N/A,NOT DISTRACTED,DC,0399B364-F5C5-482E-A726-A0474DC5D580,DESTROYED,TWELVE OCLOCK,PASSENGER CAR,MOVING CONSTANT SPEED,South,30,2017,MINI
MCP235300C5,230048724,Montgomery County Police,Property Damage Crash,8/10/2023 12:01,SAME DIR REAR END,363ABB14-BBFF-4553-A702-E4F585D4F3D7,Yes,NO APPARENT INJURY,N/A,UNKNOWN,MD,4415F531-241E-45A5-A559-6701E7A38665,DISABLING,TWELVE OCLOCK,PASSENGER CAR,MOVING CONSTANT SPEED,South,35,2020,BMW
MCP2771002C,230035230,Montgomery County Police,Property Damage Crash,7/24/2023 12:39,STRAIGHT MOVEMENT ANGLE,21F09104-4EBB-4EFE-A649-447C04A632AD,Yes,NO APPARENT INJURY,"N/A, PHYSICAL OBSTRUCTION(S)",LOOKED BUT DID NOT SEE,MD,AF337302-D013-4655-8931-757D61E93E69,SUPERFICIAL,ONE OCLOCK,PASSENGER CAR,MAKING LEFT TURN,North,5,2005,TOYT
MCP27530061,230068849,Montgomery County Police,Property Damage Crash,11/29/2023 8:26,SAME DIR REAR END,460E7C8B-9AF9-4F0E-BC54-40D3AB576DD5,No,NO APPARENT INJURY,N/A,NOT DISTRACTED,MD,4916FB3A-764B-498B-A9D4-071912EBEB24,FUNCTIONAL,SIX OCLOCK,PASSENGER CAR,STARTING FROM LANE,West,45,2019,FORD
MCP2651004D,210020070,Montgomery County Police,Property Damage Crash,5/27/2021 12:45,OTHER,CDD2D2F3-A48B-4D85-87C7-7629A3EF1383,Yes,NO APPARENT INJURY,N/A,UNKNOWN,,03522A36-ED94-4347-A74A-35F6CFCB6D48,UNKNOWN,UNKNOWN,PASSENGER CAR,BACKING,East,0,2010,BMW
MCP1233005B,230062144,Montgomery County Police,Injury Crash,10/23/2023 15:04,SINGLE VEHICLE,ABABF122-C718-4BAB-A7EA-FE168F90875D,No,POSSIBLE INJURY,N/A,NOT DISTRACTED,MD,644D7B8A-6013-4D6F-AA8E-8865ADCB499F,DESTROYED,TWELVE OCLOCK,PASSENGER CAR,MOVING CONSTANT SPEED,South,35,2019,HOND
MCP33530023,230073033,Montgomery County Police,Property Damage Crash,12/21/2023 20:25,SAME DIR REAR END,53DFFF49-A326-46C5-AA7E-ACF3EF585E53,No,NO APPARENT INJURY,N/A,NOT DISTRACTED,MD,3FA8A99E-C62C-464D-A0D5-3F916BA33CB1,SUPERFICIAL,SIX OCLOCK,PASSENGER CAR,SLOWING OR STOPPING,East,25,2008,NISSAN
MCP2923009V,230053573,Montgomery County Police,Injury Crash,9/7/2023 8:18,OTHER,E8139DD3-EC20-42C8-BC9A-95B8E564E07C,No,NO APPARENT INJURY,N/A,NOT DISTRACTED,MD,9CFF26AC-8B5D-4A23-BE31-5E43B9E254A7,FUNCTIONAL,SIX OCLOCK,PICKUP TRUCK,STOPPED IN TRAFFIC LANE,West,30,2005,DODGE
MCP3312003X,230049517,Montgomery County Police,Property Damage Crash,8/15/2023 6:40,SAME DIR REAR END,15EA28F8-17A7-43E6-AC7B-482DA63D8292,Yes,NO APPARENT INJURY,N/A,UNKNOWN,MD,BF627A65-31D5-45E2-801D-836F95862999,DISABLING,TWELVE OCLOCK,PASSENGER CAR,SLOWING OR STOPPING,East,35,2016,DODG
MCP31480059,230053710,Montgomery County Police,Property Damage Crash,9/7/2023 16:20,SAME DIR REAR END,49C8AD9C-E567-47A4-8507-5B1F510D54D3,No,NO APPARENT INJURY,N/A,NOT DISTRACTED,MD,BEC5E907-AE61-4D9B-913F-3B4576BC26F7,SUPERFICIAL,SIX OCLOCK,PASSENGER CAR,STARTING FROM LANE,North,35,2019,TESLA
MCP2329002H,230061192,Montgomery County Police,Property Damage Crash,10/18/2023 7:10,STRAIGHT MOVEMENT ANGLE,142ADF37-2DDA-438E-B9C3-D4C198CE2EC1,No,NO APPARENT INJURY,N/A,NOT DISTRACTED,MD,8FF80248-5B40-4913-8758-967935A0DF59,NO DAMAGE,ELEVEN OCLOCK,PICKUP TRUCK,PARKED,,25,2018,FORD
MCP304800BK,230056034,Montgomery County Police,Property Damage Crash,9/21/2023 6:40,SAME DIRECTION SIDESWIPE,0256DA39-8C2A-4FDA-8C76-AC7777B37B9B,Yes,NO APPARENT INJURY,N/A,UNKNOWN,MD,8C03646D-83EB-4DA1-80C4-2D098907D74C,UNKNOWN,TWO OCLOCK,PASSENGER CAR,CHANGING LANES,South,35,2017,TOYOTA
MCP30680055,230062375,Montgomery County Police,Property Damage Crash,10/24/2023 19:02,HEAD ON LEFT TURN,4E3E38E6-9536-4222-9FDF-A70CDD540CA7,Yes,NO APPARENT INJURY,N/A,LOOKED BUT DID NOT SEE,MD,08574753-9A3F-48E8-9920-8AA2DD5B9944,DISABLING,TWELVE OCLOCK,PASSENGER CAR,MAKING LEFT TURN,South,25,2017,TOYT
MCP3341002Z,230073308,Montgomery County Police,Property Damage Crash,12/23/2023 11:41,OPPOSITE DIRECTION SIDESWIPE,939797E3-ECAD-423B-A223-1868CF7BC6C6,No,NO APPARENT INJURY,N/A,NOT DISTRACTED,MD,39B87C1E-4A3B-4C43-AEA4-A3DD33CE3CBD,SUPERFICIAL,TWO OCLOCK,PICKUP TRUCK,N/A,Unknown,0,2003,DODGE
MCP2722004S,230047994,Montgomery County Police,Property Damage Crash,8/5/2023 17:51,OTHER,BB793DF8-24A5-4F86-81D6-4F05CCA9EF2B,Yes,NO APPARENT INJURY,N/A,UNKNOWN,MD,1478D08A-ADEF-410C-B8A6-D14DADCA8415,FUNCTIONAL,ONE OCLOCK,PASSENGER CAR,OTHER,Unknown,15,2016,FORD
MCP3348001W,230072567,Montgomery County Police,Property Damage Crash,12/19/2023 14:05,SAME DIRECTION SIDESWIPE,5A622225-8375-455B-9A40-7CAF994CB9F0,Unknown,NO APPARENT INJURY,N/A,NOT DISTRACTED,MD,4B92EAB5-2BBA-47CB-86FF-F7BD7F1C1E6B,DISABLING,FIVE OCLOCK,PASSENGER CAR,MOVING CONSTANT SPEED,South,35,1999,LAND ROVER
MCP31640012,190003900,Montgomery County Police,Property Damage Crash,1/25/2019 7:25,SINGLE VEHICLE,D0459DA3-5CF0-42E2-9230-9F905770B53F,Yes,NO APPARENT INJURY,"ICY OR SNOW-COVERED, N/A",NOT DISTRACTED,MD,43946D4F-A5BE-4534-A9EC-167FDD601374,SUPERFICIAL,TWO OCLOCK,PASSENGER CAR,MOVING CONSTANT SPEED,East,35,2009,HOND
EJ78870030,230054559,Gaithersburg Police Depar,Property Damage Crash,9/13/2023 7:00,SAME DIR REAR END,EC3C2901-3240-4F27-8F55-1BB5440190DE,No,NO APPARENT INJURY,N/A,NOT DISTRACTED,MD,87E2AA44-C0DC-46B0-B3B4-54BE3102976F,FUNCTIONAL,SIX OCLOCK,(SPORT) UTILITY VEHICLE,MOVING CONSTANT SPEED,South,35,2015,TOYOTA
MCP263900G6,230058706,Montgomery County Police,Injury Crash,10/5/2023 11:35,SAME DIR REAR END,F330D210-755C-477D-9FE8-9C673DAB8C40,Yes,NO APPARENT INJURY,N/A,NOT DISTRACTED,MD,A13ED487-25AE-46F5-82DB-5F3AB4FE269E,SUPERFICIAL,TWELVE OCLOCK,PICKUP TRUCK,SLOWING OR STOPPING,East,40,2005,FORD
MCP3353001Q,23295391,Montgomery County Police,Injury Crash,10/8/2023 13:29,STRAIGHT MOVEMENT ANGLE,D76568BE-E071-4844-BC3E-5AA9D1F385C5,No,POSSIBLE INJURY,N/A,NOT DISTRACTED,MD,880C23DC-D1C2-4345-9752-A5400336EC6F,DISABLING,TWELVE OCLOCK,PASSENGER CAR,MOVING CONSTANT SPEED,East,35,2023,KIA
MCP31090086,230034491,Montgomery County Police,Injury Crash,7/20/2023 7:30,SAME DIR REAR END,EF27DB55-7D60-484D-85C6-5BBA1DCF599E,Yes,NO APPARENT INJURY,N/A,NOT DISTRACTED,MD,9B27800B-094F-447C-A09E-18DFD669F85E,SUPERFICIAL,TWELVE OCLOCK,PASSENGER CAR,SLOWING OR STOPPING,South,35,2018,KIA
MCP31740046,230047574,Montgomery County Police,Property Damage Crash,8/3/2023 7:53,SAME DIR REAR END,C06D7B22-E982-40FB-9162-388D585EECE6,No,NO APPARENT INJURY,N/A,NOT DISTRACTED,MD,132D52BF-1373-4C37-B284-2C9329202CA2,DISABLING,SIX OCLOCK,PASSENGER CAR,SLOWING OR STOPPING,West,35,2022,NISS
MCP31640065,22003827,Montgomery County Police,Injury Crash,9/1/2022 8:58,SAME DIRECTION SIDESWIPE,F11D9269-D3F9-47A9-AD4F-FD5C46A1D3CA,No,NO APPARENT INJURY,N/A,LOOKED BUT DID NOT SEE,MD,9A5A0BF6-82AF-4BDE-A009-E9C95FAEC292,SUPERFICIAL,ONE OCLOCK,PASSENGER CAR,MOVING CONSTANT SPEED,North,45,1998,TOYT
EJ7885003Z,230073178,Gaithersburg Police Depar,Injury Crash,12/22/2023 16:12,SAME DIR REAR END,907ECDCF-9D23-4C0C-8EBE-F3D38DC456AE,No,NO APPARENT INJURY,N/A,NOT DISTRACTED,MD,F6BE3DCD-8808-4D9B-927E-F9CD214AE49A,DISABLING,SIX OCLOCK,PASSENGER CAR,SLOWING OR STOPPING,South,35,2010,TOYT
DM8492001H,230067301,Takoma Park Police Depart,Injury Crash,11/19/2023 21:01,SINGLE VEHICLE,039FF151-2EC3-45BE-A7BC-6D39BAED6E1A,Yes,NO APPARENT INJURY,N/A,UNKNOWN,MD,D20939C7-C797-4E9A-BF04-375D326AF87C,NO DAMAGE,TWELVE OCLOCK,PASSENGER CAR,ACCELERATING,East,25,2018,TOYOTA
MCP2399007H,230069332,Montgomery County Police,Property Damage Crash,12/1/2023 14:30,OTHER,DDF67149-2A14-4A1C-B10E-1622B97FD1A2,Yes,NO APPARENT INJURY,"N/A, SLEET, HAIL, FREEZ. RAIN",NOT DISTRACTED,MD,06A44749-C657-4DC5-B7E4-9F5D36C4D78A,NO DAMAGE,SIX OCLOCK,PASSENGER CAR,BACKING,North,5,2003,MNNI
MCP235800BM,230034492,Montgomery County Police,Property Damage Crash,7/20/2023 7:20,STRAIGHT MOVEMENT ANGLE,BE96BE47-2161-4AEA-B4C1-43BFCCE9637F,No,NO APPARENT INJURY,N/A,NOT DISTRACTED,MD,E98D5A42-B3CE-4B3C-80CC-768026919EF7,SUPERFICIAL,ONE OCLOCK,PASSENGER CAR,MOVING CONSTANT SPEED,North,35,2018,JEEP
EJ78950046,230048513,Gaithersburg Police Depar,Property Damage Crash,8/9/2023 9:00,SAME DIRECTION RIGHT TURN,D00A1817-9E60-4DC9-AB7B-CA4734984390,No,NO APPARENT INJURY,N/A,NOT DISTRACTED,MD,101309BC-694D-464D-A8AD-3DB9FEB4B29C,SUPERFICIAL,TEN OCLOCK,TRANSIT BUS,MOVING CONSTANT SPEED,West,30,2019,GILLIG
MCP2941004P,230046364,Montgomery County Police,Injury Crash,7/27/2023 7:30,STRAIGHT MOVEMENT ANGLE,8DD02B42-3AFE-4017-A8E5-48D7017283C1,No,NO APPARENT INJURY,N/A,NOT DISTRACTED,MD,D1780082-380F-4C21-BCF2-29E95CC92369,DISABLING,TWELVE OCLOCK,PASSENGER CAR,MOVING CONSTANT SPEED,South,30,2008,HONDA
MCP3220004G,230069349,Montgomery County Police,Property Damage Crash,12/1/2023 16:34,SAME DIR REAR END,A7D55B61-9E34-40B0-8A49-9FCDF7EAAF64,Yes,NO APPARENT INJURY,"RAIN, SNOW, WET",NOT DISTRACTED,MD,EC6CEE0D-AF63-4832-A2D9-0EDB5D1CB0EA,FUNCTIONAL,TWELVE OCLOCK,PASSENGER CAR,SLOWING OR STOPPING,South,35,2013,CADI
DD559500DS,230047945,Rockville Police Departme,Property Damage Crash,8/5/2023 12:15,STRAIGHT MOVEMENT ANGLE,095CAB03-85B1-4932-A3BE-142B11D20487,Yes,NO APPARENT INJURY,N/A,NOT DISTRACTED,MD,E37F908C-D853-4B2F-A341-E401951B5E71,DISABLING,TWELVE OCLOCK,PASSENGER CAR,ACCELERATING,East,25,2014,SUBA
MCP30890049,230073453,Montgomery County Police,Property Damage Crash,12/24/2023 14:13,OTHER,81F71592-9CD0-4CFC-95A9-45081F18FE50,Yes,NO APPARENT INJURY,"BACKUP DUE TO PRIOR CRASH, N/A",TALKING OR LISTENING TO CELLULAR PHONE,MD,79A5DEF2-626E-4C5F-9BE2-D88CB6FF2D49,FUNCTIONAL,ONE OCLOCK,PASSENGER CAR,ACCELERATING,North,20,2022,TOYOTA
MCP2635008K,230063208,Montgomery County Police,Property Damage Crash,10/29/2023 13:10,SAME DIR REAR END,772960F6-10BD-498A-B393-10636174E47E,Yes,NO APPARENT INJURY,N/A,UNKNOWN,MD,9BCD0DA5-9941-45B1-A68C-FB239328B739,DISABLING,TWELVE OCLOCK,PASSENGER CAR,MOVING CONSTANT SPEED,North,30,2013,HONDA
MCP2771002C,230035230,Montgomery County Police,Property Damage Crash,7/24/2023 12:39,STRAIGHT MOVEMENT ANGLE,EA107CAA-FE07-4FE9-A31F-A80D7542DFFD,No,NO APPARENT INJURY,"N/A, PHYSICAL OBSTRUCTION(S)",NOT DISTRACTED,VA,1800E461-CD18-4139-A9EF-39BE8F377ECE,SUPERFICIAL,ELEVEN OCLOCK,PASSENGER CAR,MOVING CONSTANT SPEED,West,5,2021,FORD
MCP32200049,230060535,Montgomery County Police,Property Damage Crash,10/14/2023 17:22,SINGLE VEHICLE,236254ED-899E-42CD-B14F-4DA52A0336B0,Yes,NO APPARENT INJURY,"RAIN, SNOW, WET",UNKNOWN,MD,FA6A61DE-B556-438F-ADCD-C9D12273232C,DISABLING,TWELVE OCLOCK,PASSENGER CAR,UNKNOWN,South,40,2007,FORD
EJ7887003C,230068871,Gaithersburg Police Depar,Property Damage Crash,11/29/2023 10:00,OTHER,535DAFED-4002-414F-A323-8EE704FAAC5B,Yes,NO APPARENT INJURY,N/A,LOOKED BUT DID NOT SEE,MD,6213F3ED-9495-4AE5-B04B-B6954838C620,DISABLING,TWELVE OCLOCK,VAN,ENTERING TRAFFIC LANE,East,50,2019,FORD
MCP3009006M,230057996,Montgomery County Police,Injury Crash,10/2/2023 8:50,SAME DIR REAR END,D7561C69-499A-4660-9C41-30E415AB0764,No,POSSIBLE INJURY,"N/A, VISION OBSTRUCTION (INCL. BLINDED BY SUN)",NOT DISTRACTED,MD,8242CFC0-4035-4E07-A03D-B15FF430A1CD,SUPERFICIAL,SIX OCLOCK,(SPORT) UTILITY VEHICLE,SLOWING OR STOPPING,West,40,2006,TOYOTA
MCP3009006Y,230063601,Montgomery County Police,Property Damage Crash,10/27/2023 17:15,SAME DIR REAR END,34AE22DF-7E38-4E52-9BB0-0CD62F2B1A1C,Yes,NO APPARENT INJURY,N/A,NOT DISTRACTED,MD,52CC9320-5E35-4FC1-981D-AC82DAC70DDB,SUPERFICIAL,TWELVE OCLOCK,PASSENGER CAR,ACCELERATING,East,50,2013,INFINITY
MCP0617005H,230060020,Montgomery County Police,Property Damage Crash,10/12/2023 9:00,SAME DIR REAR END,32B2F135-672C-4F0C-8E91-9E52FD8ECDB2,No,NO APPARENT INJURY,N/A,NOT DISTRACTED,MD,70A17C1E-4CA3-4129-88E5-E6B09E3628DF,SUPERFICIAL,SIX OCLOCK,PASSENGER CAR,STOPPED IN TRAFFIC LANE,East,40,2012,TOYOTA
DM8360000G,15035032,TAKOMA,Property Damage Crash,7/16/2015 19:50,OTHER,F48858B4-C20E-4594-91B3-72ABE852814F,Yes,NO APPARENT INJURY,N/A,LOOKED BUT DID NOT SEE,MD,EDAA5893-B2FD-4981-AE26-3D2E9EC8B1AB,SUPERFICIAL,SIX OCLOCK,PASSENGER CAR,STARTING FROM PARKED,Unknown,10,2006,KIA
MCP32300050,230069504,Montgomery County Police,Injury Crash,12/2/2023 16:45,HEAD ON,77D764EF-F50C-4773-894E-8534C4B286C8,Yes,SUSPECTED MINOR INJURY,N/A,NOT DISTRACTED,MD,5D1658EE-741B-4BDA-85E6-63D8D397FC88,DISABLING,TWELVE OCLOCK,PASSENGER CAR,MOVING CONSTANT SPEED,East,35,2013,SUBARU
MCP22780030,200002136,Montgomery County Police,Property Damage Crash,1/13/2020 14:46,STRAIGHT MOVEMENT ANGLE,8F04ACB4-5215-41C2-A06D-DFEB9426BF05,Yes,NO APPARENT INJURY,N/A,UNKNOWN,MD,6F346B28-864E-4F0F-B3C0-B89556D230A7,DISABLING,FOUR OCLOCK,PASSENGER CAR,MOVING CONSTANT SPEED,South,30,2012,MERZ
MCP2764002X,230059866,Montgomery County Police,Property Damage Crash,10/11/2023 13:45,STRAIGHT MOVEMENT ANGLE,52063F3E-E53B-44DC-959B-A84731B6033C,No,NO APPARENT INJURY,N/A,NOT DISTRACTED,MD,6251E2DC-B3C0-4CF3-B43C-7B4D99747873,SUPERFICIAL,ONE OCLOCK,"OTHER LIGHT TRUCKS (10,000LBS (4,536KG) OR LESS)",MOVING CONSTANT SPEED,West,35,2014,FORD
EJ7887003K,230071642,Gaithersburg Police Depar,Injury Crash,12/14/2023 8:50,HEAD ON LEFT TURN,46B6F115-C05A-4C57-B5B8-1E6028DCEAE4,Yes,POSSIBLE INJURY,N/A,LOOKED BUT DID NOT SEE,MD,15D14139-D9C1-4D29-95CF-0713EB75ED60,DISABLING,TWELVE OCLOCK,PASSENGER CAR,MAKING LEFT TURN,North,20,2020,CHEV
MCP30090075,230069321,Montgomery County Police,Injury Crash,12/1/2023 14:45,SAME DIRECTION LEFT TURN,64212374-1CE3-4630-88C2-9E04446F43CE,No,POSSIBLE INJURY,"N/A, WET",NOT DISTRACTED,MD,0F8B5CFF-6F24-4B79-97FB-C1F44410103D,DISABLING,ONE OCLOCK,PICKUP TRUCK,MOVING CONSTANT SPEED,East,30,2006,FORD
MCP3190005C,230056061,Montgomery County Police,Property Damage Crash,9/21/2023 9:53,SAME DIRECTION RIGHT TURN,9B25C39B-289F-4642-9711-7C7E412C4097,No,NO APPARENT INJURY,N/A,NOT DISTRACTED,MD,8C9F04F3-58BE-4A58-B660-B5B4D7FEB86D,SUPERFICIAL,TWELVE OCLOCK,PASSENGER CAR,MOVING CONSTANT SPEED,North,40,2006,MACK
MCP3123006N,230069784,Montgomery County Police,Injury Crash,12/4/2023 11:58,SAME DIR REAR END,194E4104-48E6-42B0-9B38-9752941BE940,Yes,POSSIBLE INJURY,N/A,LOOKED BUT DID NOT SEE,MD,D50F80D4-0933-4893-98E3-191892E3693A,DISABLING,TWELVE OCLOCK,PASSENGER CAR,SLOWING OR STOPPING,South,55,2009,VOLKSWAGEN
MCP3262003N,230067685,Montgomery County Police,Injury Crash,11/21/2023 18:00,OPPOSITE DIRECTION SIDESWIPE,F50FFC58-808B-4A47-A285-9E59A2302959,Yes,POSSIBLE INJURY,"N/A, WET",UNKNOWN,MD,DE1115C4-A9A7-454C-9CB9-513A760B4C9E,DISABLING,TWELVE OCLOCK,PASSENGER CAR,MOVING CONSTANT SPEED,West,35,2000,CHEVY
MCP31450046,230060327,Montgomery County Police,Property Damage Crash,10/13/2023 15:30,SAME DIR REAR END,9FC715EA-2F36-4260-A5DC-8DAB9D6A10F1,Yes,NO APPARENT INJURY,N/A,LOOKED BUT DID NOT SEE,MD,2599AB1D-2902-42FE-97B1-360ACDCCC314,DISABLING,TWELVE OCLOCK,PASSENGER CAR,CHANGING LANES,East,35,2006,JEEP
MCP3168005X,230051344,Montgomery County Police,Property Damage Crash,8/25/2023 17:49,SAME DIR REAR END,DF6BBD83-17D2-4B4B-9991-7174987BCA4D,Yes,NO APPARENT INJURY,"N/A, WET",LOOKED BUT DID NOT SEE,XX,68E2651E-73E7-4346-B877-0053535C184E,SUPERFICIAL,TWELVE OCLOCK,PICKUP TRUCK,MOVING CONSTANT SPEED,East,35,1999,FORD
MCP28710094,230051881,Montgomery County Police,Property Damage Crash,8/28/2023 15:14,OTHER,DC4B2E9F-DD58-4B68-AA0B-DB00EED3A4F1,Yes,NO APPARENT INJURY,N/A,NOT DISTRACTED,MD,53D39EBD-6A79-45D4-AED1-C73833B29B1B,FUNCTIONAL,ONE OCLOCK,PASSENGER CAR,PARKING,West,15,2018,TESLA
MCP3284001V,230073512,Montgomery County Police,Injury Crash,12/25/2023 3:21,STRAIGHT MOVEMENT ANGLE,9D7B3D7D-4DF8-4500-A541-0964C219C197,Yes,POSSIBLE INJURY,N/A,NOT DISTRACTED,MD,1630C03B-04C7-4564-82E9-12FB2F810B0C,DESTROYED,THREE OCLOCK,PASSENGER CAR,MOVING CONSTANT SPEED,South,30,2017,HYUNDAI
MCP31180048,230066458,Montgomery County Police,Property Damage Crash,11/15/2023 11:52,HEAD ON LEFT TURN,95F1CF09-A643-4BD2-B03D-B193CAE47BC4,No,NO APPARENT INJURY,N/A,NOT DISTRACTED,MD,AC9C8D7C-6790-4A2F-8E7B-A2079C82415C,DISABLING,TWELVE OCLOCK,PASSENGER CAR,MOVING CONSTANT SPEED,West,35,2018,HONDA
MCP33500027,230070027,Montgomery County Police,Property Damage Crash,12/5/2023 14:45,SAME DIRECTION SIDESWIPE,D75183E1-6D1F-4B22-9C1A-FAFB363E521D,No,NO APPARENT INJURY,N/A,NOT DISTRACTED,MD,1FBF0C81-1540-463F-B5F1-1CABDD38EF69,DISABLING,TWO OCLOCK,PASSENGER CAR,MOVING CONSTANT SPEED,North,35,2002,TOYOTA
MCP2898004C,230068589,Montgomery County Police,Injury Crash,11/27/2023 18:44,STRAIGHT MOVEMENT ANGLE,773B9459-510B-453E-BB7E-71179F34A1AE,Yes,POSSIBLE INJURY,N/A,LOOKED BUT DID NOT SEE,MD,70F7EA7F-0DAB-400C-B8C5-625AF9CEA3F4,DISABLING,FOUR OCLOCK,PASSENGER CAR,MAKING LEFT TURN,North,40,2001,HOND
MCP3313001S,230065879,Montgomery County Police,Property Damage Crash,11/12/2023 4:19,SINGLE VEHICLE,E38DFF1F-BA19-4849-90E6-B941F41997DA,Yes,NO APPARENT INJURY,N/A,NOT DISTRACTED,MD,A6D58B44-D69D-4885-AEFF-ED75260353CE,DESTROYED,TWELVE OCLOCK,PASSENGER CAR,MOVING CONSTANT SPEED,South,35,2003,FORD
MCP12600016,230058576,Montgomery County Police,Injury Crash,10/4/2023 20:03,HEAD ON LEFT TURN,6BC01B6E-2645-43C8-9BEA-3C3271B4B40B,Unknown,NO APPARENT INJURY,N/A,UNKNOWN,MD,3D1ACB52-F57C-444D-A4A8-F1C5E2C325D1,DISABLING,ELEVEN OCLOCK,PICKUP TRUCK,MOVING CONSTANT SPEED,North,35,2018,TOYOTA
HA2492000T,23001921,Maryland-National Capital,Property Damage Crash,10/7/2023 7:30,SINGLE VEHICLE,9F6EB525-0DC3-41B1-B9E6-6B3F27CFF9A1,Yes,NO APPARENT INJURY,N/A,INATTENTIVE OR LOST IN THOUGHT,MD,36231E60-78C4-43D0-BF20-EA88C08875F8,SUPERFICIAL,ONE OCLOCK,"OTHER LIGHT TRUCKS (10,000LBS (4,536KG) OR LESS)",STARTING FROM PARKED,West,25,2018,FORD
MCP2974004Z,230072305,Montgomery County Police,Injury Crash,12/18/2023 7:07,SAME DIR REAR END,9E80FD76-C557-4E6A-8B5E-567ACDB1BE0F,No,POSSIBLE INJURY,"RAIN, SNOW, WET",NOT DISTRACTED,MD,9879F138-A294-40DF-ABB0-417E8EFC4110,FUNCTIONAL,SIX OCLOCK,PASSENGER CAR,SLOWING OR STOPPING,South,55,2004,LEXUS
EJ7858008K,230069797,Gaithersburg Police Depar,Property Damage Crash,12/4/2023 13:00,OTHER,B5577472-0965-409E-9622-1E04BF2D8943,No,NO APPARENT INJURY,N/A,NOT DISTRACTED,VA,BA68C539-A6E6-4B3A-B66A-B5626C50459E,FUNCTIONAL,SIX OCLOCK,PASSENGER CAR,BACKING,East,0,2020,CHEV