Report Number,Local Case Number,Agency Name,ACRS Report Type,Crash Date/Time,Collision Type,Person ID,Driver At Fault,Injury Severity,Circumstance,Driver Distracted By,Drivers License State,Vehicle ID,Vehicle Damage Extent,Vehicle First Impact Location,Vehicle Body Type,Vehicle Movement,Vehicle Going Dir,Speed Limit,Vehicle Year,Vehicle Make
MCP3053006J,230028673,Montgomery County Police,Injury Crash,6/14/2023 19:25,OTHER,75D0140F-113D-4ACF-A2C9-48AD76C08290,Unknown,NO APPARENT INJURY,N/A,UNKNOWN,MD,74F6F087-1CC5-4ADC-87DC-F488F3371F69,NO DAMAGE,UNKNOWN,PASSENGER CAR,BACKING,Unknown,15,2013,CHRY
MCP33370024,230070866,Montgomery County Police,Property Damage Crash,12/10/2023 4:51,SINGLE VEHICLE,634DB844-6E22-4D6C-A657-C3093C8906F7,Yes,NO APPARENT INJURY,N/A,NOT DISTRACTED,VA,F1E2FAE2-C7E0-4773-8B54-4AC1FD171F61,DISABLING,NINE OCLOCK,PASSENGER CAR,MOVING CONSTANT SPEED,East,35,2020,BUICK
MCP3038006C,230049126,Montgomery County Police,Property Damage Crash,8/13/2023 16:26,SAME DIRECTION SIDESWIPE,E637649C-9857-47F1-B77E-B4F60DBA2C03,Yes,NO APPARENT INJURY,N/A,LOOKED BUT DID NOT SEE,,B74191E4-AD50-4EBE-9414-909483518D4D,UNKNOWN,TWO OCLOCK,,MOVING CONSTANT SPEED,South,30,0,UNKNOWN
MCP3292001T,230056555,Montgomery County Police,Property Damage Crash,9/23/2023 23:21,SAME DIR REAR END,395E94CB-7825-4DD5-A79D-ED28386D6261,No,NO APPARENT INJURY,"RAIN, SNOW, WET",NOT DISTRACTED,MD,93192533-B3C3-458F-8C7E-D9B6B561D156,FUNCTIONAL,TWELVE OCLOCK,PASSENGER CAR,MOVING CONSTANT SPEED,North,55,2012,HONDA
MCP2438000V,17000253,Montgomery County Police,Property Damage Crash,1/2/2017 16:29,OTHER,C230D9C3-5D9A-4088-9FF2-210ACB1A44A5,No,NO APPARENT INJURY,"N/A, WET",NOT DISTRACTED,,86DFE060-98E9-4668-8FD5-D14EFF8A6962,SUPERFICIAL,ELEVEN OCLOCK,POLICE VEHICLE/NON EMERGENCY,PARKED,,0,2014,DODGE
MCP2752005Q,230050975,Montgomery County Police,Property Damage Crash,8/23/2023 18:00,STRAIGHT MOVEMENT ANGLE,69EE8BC1-6A39-4B47-B3D6-A774FB433454,Yes,NO APPARENT INJURY,N/A,UNKNOWN,,F8F741AF-2554-498B-A37A-29803C3A95CC,SUPERFICIAL,ELEVEN OCLOCK,PICKUP TRUCK,STARTING FROM LANE,Unknown,5,2017,FORD
MCP2974004Y,230060995,Montgomery County Police,Property Damage Crash,10/17/2023 7:41,SAME DIR REAR END,C3B412A0-2994-432D-BEA6-5DE239EF2E8F,No,NO APPARENT INJURY,N/A,NOT DISTRACTED,MD,3FC2499B-2599-4303-832D-AFBF511A051B,SUPERFICIAL,SIX OCLOCK,SCHOOL BUS,STOPPED IN TRAFFIC LANE,South,40,2017,THOMMAS
EJ7781004R,230072555,Gaithersburg Police Depar,Property Damage Crash,12/19/2023 13:14,OTHER,6EBD6122-BD2F-4380-B258-6DC575CA8D3F,Yes,NO APPARENT INJURY,N/A,NOT DISTRACTED,MD,85178350-F34D-401F-82D7-DBDD9DB9F976,FUNCTIONAL,TWELVE OCLOCK,PASSENGER CAR,PARKING,South,15,2022,BMW
MCP3031004Z,230064573,Montgomery County Police,Property Damage Crash,11/5/2023 17:50,SAME DIR REAR END,D774F1B3-F201-4A0C-B39E-FFAA39602C12,Yes,NO APPARENT INJURY,N/A,BY OTHER OCCUPANTS,MD,775A1431-3B0B-4922-88F5-90FCC1E555A9,DISABLING,TWELVE OCLOCK,PASSENGER CAR,MOVING CONSTANT SPEED,East,35,2023,TOYT
MCP31450041,230055622,Montgomery County Police,Property Damage Crash,9/18/2023 19:30,SAME DIR REAR END,13362570-97A3-4F1C-9282-5D5391159B6C,No,NO APPARENT INJURY,N/A,NOT DISTRACTED,MD,832B9848-1AC3-47F8-B746-72C61A7E7FB3,FUNCTIONAL,TWELVE OCLOCK,PASSENGER CAR,MOVING CONSTANT SPEED,West,35,2021,NISS
DD56700007,230054514,Rockville Police Departme,Property Damage Crash,9/12/2023 18:26,SAME DIR REAR END,6310F0AD-3A70-40C9-826A-C33C5B60F21D,Yes,NO APPARENT INJURY,N/A,UNKNOWN,MD,6B49E541-FBD3-4A27-A5F3-11400B1247B6,DISABLING,TWELVE OCLOCK,PASSENGER CAR,SLOWING OR STOPPING,West,30,2015,HYUNDAI
MCP2776004Y,230064968,Montgomery County Police,Injury Crash,11/15/2023 17:41,HEAD ON LEFT TURN,0F1D78E3-ACBB-4F2F-99D5-557B8B838873,No,POSSIBLE INJURY,N/A,NOT DISTRACTED,MD,749BE5C5-9FEE-4660-B316-20D82053EB37,DISABLING,TWELVE OCLOCK,PICKUP TRUCK,MOVING CONSTANT SPEED,North,30,2012,CHEV
MCP32010056,230071016,Montgomery County Police,Injury Crash,12/11/2023 6:30,SAME DIR REAR END,3264B71F-3D94-46DF-9A95-3F883B5F0EB1,Yes,SUSPECTED MINOR INJURY,"ICY OR SNOW-COVERED, RAIN, SNOW, WET",LOOKED BUT DID NOT SEE,MD,E7472E53-CC3D-4694-A95B-856C22AAD18E,DESTROYED,SIX OCLOCK,PASSENGER CAR,MAKING RIGHT TURN,West,40,2017,HYUN
MCP2425005S,15052235,MONTGOMERY,Property Damage Crash,10/14/2015 19:41,SAME DIR REAR END,2C945ED3-787A-41CB-8AEA-6ADEEEDA3E91,No,NO APPARENT INJURY,N/A,NOT DISTRACTED,VA,A7ED7CD2-EE3F-460C-84F3-5D103196F55C,FUNCTIONAL,SIX OCLOCK,(SPORT) UTILITY VEHICLE,SLOWING OR STOPPING,North,40,2011,NISSAN
MCP2902006B,230053379,Montgomery County Police,Injury Crash,9/6/2023 6:56,STRAIGHT MOVEMENT ANGLE,60F8F7F1-1C8A-44F2-B0CB-4D4EC14556F2,Yes,NO APPARENT INJURY,N/A,UNKNOWN,MD,48EA2BB3-29A9-47F1-BED7-F71EF68BD6FE,DISABLING,TEN OCLOCK,PICKUP TRUCK,MOVING CONSTANT SPEED,West,45,2008,FORD
MCP3136006R,230070922,Montgomery County Police,Injury Crash,12/10/2023 13:17,SAME DIR REAR END,3939C798-F931-4404-9109-7D181B96D8EA,No,POSSIBLE INJURY,"RAIN, SNOW, WET",NOT DISTRACTED,MD,2EB7EF2F-3A8B-4DA5-AA58-2247C7E1CD66,FUNCTIONAL,SIX OCLOCK,PASSENGER CAR,MOVING CONSTANT SPEED,South,35,2013,TOYOTA
MCP31900057,230046643,Montgomery County Police,Property Damage Crash,7/28/2023 13:10,STRAIGHT MOVEMENT ANGLE,24DC1216-C50C-4D4B-94CE-DE40F6E073BE,Unknown,NO APPARENT INJURY,N/A,UNKNOWN,,CA997577-3982-4613-828A-D28CB9F43454,UNKNOWN,UNKNOWN,,MAKING LEFT TURN,South,30,0,UNKNOWN
DM85040017,230046659,Takoma Park Police Depart,Property Damage Crash,7/28/2023 14:31,STRAIGHT MOVEMENT ANGLE,BF19CC0B-57D6-444C-8014-065AA7DE5506,No,NO APPARENT INJURY,N/A,NOT DISTRACTED,DC,3FD09939-151F-4041-8462-34BD37E9C1C6,DISABLING,SEVEN OCLOCK,PASSENGER CAR,ACCELERATING,East,15,2020,CHEVROLET
MCP30890048,230066273,Montgomery County Police,Injury Crash,11/14/2023 13:20,SAME DIR REAR END,F54FD52A-DF31-4958-82EA-A6A831961A0D,No,POSSIBLE INJURY,N/A,NOT DISTRACTED,MD,A9981FB0-3B51-4ECB-9ADD-58407713B2F6,FUNCTIONAL,SIX OCLOCK,PASSENGER CAR,STOPPED IN TRAFFIC LANE,North,10,2004,TOYOTA
MCP3279002X,230070687,Montgomery County Police,Property Damage Crash,12/8/2023 18:03,SAME DIRECTION SIDESWIPE,1A558420-6ABF-423A-BFE0-87964F151672,No,NO APPARENT INJURY,N/A,NOT DISTRACTED,MD,610BE5F9-4D49-4D6A-8ADA-C1A23F312417,SUPERFICIAL,TWO OCLOCK,TRANSIT BUS,MOVING CONSTANT SPEED,East,40,2013,NEW FLYER
DD5607004P,230067919,Rockville Police Departme,Property Damage Crash,11/23/2023 5:15,SINGLE VEHICLE,8A3A9758-40C4-4F43-9522-4D4CE1DC2921,Yes,NO APPARENT INJURY,N/A,UNKNOWN,MD,8D107F96-1A4B-474B-BD93-0C5D88AB5259,DISABLING,TWELVE OCLOCK,PASSENGER CAR,MAKING LEFT TURN,East,35,2009,INFINITI
MCP2923002H,17011796,Montgomery County Police,Property Damage Crash,3/6/2017 11:51,OTHER,94C12C60-5273-4896-A0FE-859B087A6840,No,NO APPARENT INJURY,N/A,NOT DISTRACTED,MD,DA0C4090-D22A-4563-AB6A-CA2CD0E2F24A,NO DAMAGE,NON-COLLISION,SCHOOL BUS,PARKED,,15,2003,AMERICAN
MCP2932006T,230061527,Montgomery County Police,Property Damage Crash,10/19/2023 21:59,OTHER,659CF5F6-277C-4569-8EC8-3FC1BE2945AA,Yes,NO APPARENT INJURY,N/A,UNKNOWN,,E1C99DA0-E08B-43C0-9BA9-453B7C2B880C,UNKNOWN,TWELVE OCLOCK,,MOVING CONSTANT SPEED,North,25,0,UNKNOWN
MCP3259003P,230066805,Montgomery County Police,Injury Crash,11/16/2023 20:57,STRAIGHT MOVEMENT ANGLE,98F58AB6-5E63-4379-A397-D72B3B0B4754,Yes,NO APPARENT INJURY,N/A,UNKNOWN,MD,C08D867C-A64A-406E-8212-9A82522C534B,FUNCTIONAL,ONE OCLOCK,PASSENGER CAR,MOVING CONSTANT SPEED,North,25,2008,LEXUS
MCP1550004V,230067096,Montgomery County Police,Property Damage Crash,11/18/2023 13:21,STRAIGHT MOVEMENT ANGLE,A123079B-BB06-40DA-92B3-A8D81F54DD03,No,NO APPARENT INJURY,N/A,NOT DISTRACTED,VA,C53CD8CE-E756-4DD8-A98F-42F73CFC00CE,DISABLING,TWELVE OCLOCK,PASSENGER CAR,MOVING CONSTANT SPEED,South,35,2019,TOYOTA
MCP3010008F,230034738,Montgomery County Police,Property Damage Crash,7/21/2023 12:09,SAME DIRECTION SIDESWIPE,24BF219B-0F80-44F8-9B04-26EBD2C3B481,Yes,NO APPARENT INJURY,N/A,UNKNOWN,,127EDFED-4E54-46DA-92A4-B7E90CCA8FAE,UNKNOWN,THREE OCLOCK,TRUCK TRACTOR,MAKING LEFT TURN,North,35,2016,FREIGHTLINER
EJ7888004Y,230052977,Gaithersburg Police Depar,Property Damage Crash,9/3/2023 16:00,SAME DIR REAR END,81FC61C1-BC68-456C-B06B-0C93F42E70EB,Yes,NO APPARENT INJURY,N/A,LOOKED BUT DID NOT SEE,XX,1F170F50-FBCD-4E33-9030-A09EFE748007,FUNCTIONAL,TWELVE OCLOCK,PASSENGER CAR,SLOWING OR STOPPING,Unknown,5,2013,TOYT
MCP3201004P,230058671,Montgomery County Police,Injury Crash,10/5/2023 9:10,STRAIGHT MOVEMENT ANGLE,D62F9B95-83EF-486E-9F3C-E3A899A773C6,No,POSSIBLE INJURY,N/A,NOT DISTRACTED,MD,89112245-BA41-41B3-A0F8-4C2FCB7472FB,DISABLING,TWELVE OCLOCK,PASSENGER CAR,MAKING LEFT TURN,East,30,2009,HOND
MCP3268003B,230066620,Montgomery County Police,Injury Crash,11/16/2023 7:24,SAME DIR REAR END,0B249A5B-6D88-49C1-AB10-EA664BB10702,No,POSSIBLE INJURY,N/A,NOT DISTRACTED,MD,DF9C29BE-6C17-41DE-BE4F-72DADE16AFBF,SUPERFICIAL,SIX OCLOCK,(SPORT) UTILITY VEHICLE,STOPPED IN TRAFFIC LANE,South,30,2016,MERZ
MCP3230004Y,230057527,Montgomery County Police,Property Damage Crash,9/29/2023 16:33,STRAIGHT MOVEMENT ANGLE,36E71077-7974-49B2-89C8-2FA3A38E9ED7,Yes,NO APPARENT INJURY,N/A,NOT DISTRACTED,MD,C648B506-C3DB-49DF-A1A7-31E32CD92277,DISABLING,TWELVE OCLOCK,PASSENGER CAR,MOVING CONSTANT SPEED,East,35,2019,TOYOTA
MCP3351001V,230069550,Montgomery County Police,Injury Crash,12/2/2023 21:57,OTHER,93E82484-F05A-42FF-8212-F9908F039A73,Unknown,NO APPARENT INJURY,N/A,NOT DISTRACTED,MD,5E6A0A75-52C6-41D6-BC79-000375FE53A3,FUNCTIONAL,FOUR OCLOCK,PASSENGER CAR,STARTING FROM LANE,North,30,2018,BUIC
MCP30890045,230060319,Montgomery County Police,Property Damage Crash,10/13/2023 14:50,SAME DIR REAR END,C2E8CE59-4653-4C20-92BE-A2325B4A148A,No,NO APPARENT INJURY,N/A,NOT DISTRACTED,MD,CE9F20C9-2BF3-4D29-BC3C-9C7A967B62D2,FUNCTIONAL,SIX OCLOCK,PASSENGER CAR,STOPPED IN TRAFFIC LANE,North,25,2020,HONDA
MCP24550063,230050737,Montgomery County Police,Injury Crash,8/22/2023 16:38,STRAIGHT MOVEMENT ANGLE,CA6D4BC6-EC55-4422-B0AB-DDD371AD6E8A,Yes,NO APPARENT INJURY,N/A,UNKNOWN,MD,650954F5-993E-4C45-9FA3-C98C9AC84C9D,DISABLING,TWELVE OCLOCK,PASSENGER CAR,ACCELERATING,South,40,2012,HOND
MCP3170003G,230055780,Montgomery County Police,Injury Crash,9/19/2023 15:40,OTHER,C992B666-EB11-41CB-AAF1-B6492AEF64B7,Yes,NO APPARENT INJURY,N/A,LOOKED BUT DID NOT SEE,MD,20004442-2CB7-414C-85D3-B22135156D41,NO DAMAGE,ONE OCLOCK,PASSENGER CAR,SLOWING OR STOPPING,South,35,2023,ACURA
EJ7894003L,230060480,Gaithersburg Police Depar,Property Damage Crash,10/14/2023 12:40,STRAIGHT MOVEMENT ANGLE,D5614A08-0D71-4F7D-A59E-00F1838AC50B,Yes,NO APPARENT INJURY,"N/A, WET",LOOKED BUT DID NOT SEE,MD,2048B953-4275-4BDB-983C-B488FB2C08CC,DISABLING,TWELVE OCLOCK,PASSENGER CAR,MAKING LEFT TURN,South,35,2001,MAZD
MCP3263003N,230052032,Montgomery County Police,Property Damage Crash,8/29/2023 12:00,SAME DIRECTION SIDESWIPE,6550A1D8-E410-4324-ABE6-35FA068BF7D9,Yes,NO APPARENT INJURY,N/A,UNKNOWN,,FAEAB109-CCEA-46EF-BC6F-ED8C01A287AE,UNKNOWN,ONE OCLOCK,PASSENGER CAR,CHANGING LANES,South,35,2016,MAZDA
MCP31090080,230023258,Montgomery County Police,Property Damage Crash,5/15/2023 12:40,SAME DIR REND RIGHT TURN,4DF1EBC8-F819-4636-87ED-345DF0B228DD,No,NO APPARENT INJURY,N/A,NOT DISTRACTED,MD,C92B2FC3-B008-404A-A4C8-22CABF05D1AE,DISABLING,ONE OCLOCK,PASSENGER CAR,MOVING CONSTANT SPEED,North,25,2016,TOYOTA
DD5628005G,220003059,Rockville Police Departme,Property Damage Crash,1/24/2022 11:35,OTHER,19B7AE76-E468-4078-B65B-038BE884D5F7,Yes,NO APPARENT INJURY,N/A,UNKNOWN,,8080A1A6-2F48-41EE-8607-5C748CBC702F,UNKNOWN,FIVE OCLOCK,PASSENGER CAR,BACKING,North,5,2017,SUBARU
MCP3224001R,230055845,Montgomery County Police,Property Damage Crash,9/19/2023 23:22,STRAIGHT MOVEMENT ANGLE,FAD936C5-0523-40B3-B31E-4C686A7BC9FB,No,NO APPARENT INJURY,N/A,NOT DISTRACTED,MD,A1E79EBB-72EF-4880-AB9E-7035803ED1AC,DISABLING,TWELVE OCLOCK,PASSENGER CAR,MOVING CONSTANT SPEED,North,30,2012,HONDA
MCP10220077,170509222,Montgomery County Police,Property Damage Crash,5/22/2017 13:08,OPPOSITE DIRECTION SIDESWIPE,CBE4286A-8839-43AB-9201-283F41E961E7,No,NO APPARENT INJURY,N/A,NOT DISTRACTED,MD,E897B8DF-6750-4BCC-9E77-01CF8067AF1A,SUPERFICIAL,ELEVEN OCLOCK,SCHOOL BUS,MOVING CONSTANT SPEED,South,40,2014,THOMAS
MCP26620017,17513527,Montgomery County Police,Property Damage Crash,6/13/2017 21:39,HEAD ON LEFT TURN,B2FD2827-0DCD-499F-ACE0-41028E864EE9,Unknown,NO APPARENT INJURY,N/A,NOT DISTRACTED,MD,76ABB8DD-A063-40CA-8B91-4BEE62018666,FUNCTIONAL,TWELVE OCLOCK,PASSENGER CAR,MAKING LEFT TURN,West,35,2002,NISS
MCP20090029,22028867,Montgomery County Police,Injury Crash,7/5/2022 19:00,STRAIGHT MOVEMENT ANGLE,96DC0695-7136-42A2-9E18-DCC250036120,Yes,POSSIBLE INJURY,N/A,UNKNOWN,MD,DF104788-EF40-431D-BC29-93CF7DCC649D,DISABLING,TWELVE OCLOCK,PICKUP TRUCK,MOVING CONSTANT SPEED,South,35,2018,CHEVROLET
DD5653002Q,230058382,Rockville Police Departme,Property Damage Crash,9/30/2023 15:30,SAME DIR REAR END,B3CD2B0F-4ADA-4371-A540-EB1A0D2A1524,No,NO APPARENT INJURY,N/A,NOT DISTRACTED,MD,D266C225-A83B-43D0-AA15-88DA1FEDE431,SUPERFICIAL,SIX OCLOCK,PASSENGER CAR,STOPPED IN TRAFFIC LANE,West,0,2019,NISSAN
MCP2906002Y,210013293,Montgomery County Police,Property Damage Crash,4/9/2021 17:20,STRAIGHT MOVEMENT ANGLE,2EB1C00B-F9B9-4054-9EDC-3911C71BF465,Yes,NO APPARENT INJURY,"N/A, WET",UNKNOWN,VA,B4DE2113-5D43-49B0-943B-2F534A88C6C7,DISABLING,TEN OCLOCK,PASSENGER CAR,SLOWING OR STOPPING,East,45,2013,HONDA
DM85030016,230071466,Takoma Park Police Depart,Property Damage Crash,12/13/2023 12:02,SINGLE VEHICLE,23E46222-1DBA-414D-AAF4-EBBBB6F0CBB2,Yes,NO APPARENT INJURY,N/A,NOT DISTRACTED,MD,50A31C3E-F3A7-4FF5-B502-00770CC5D5B2,SUPERFICIAL,ELEVEN OCLOCK,TRANSIT BUS,STARTING FROM PARKED,East,20,2019,WMATA
EJ78980011,230055669,Gaithersburg Police Depar,Property Damage Crash,9/19/2023 6:35,HEAD ON,CC8BA3D9-E40C-4179-A941-9D068B964DB2,No,NO APPARENT INJURY,N/A,NOT DISTRACTED,MD,C5036615-6A7D-4E1E-B9C2-F38E837F5B53,SUPERFICIAL,TWELVE OCLOCK,PASSENGER CAR,PARKED,,15,2014,TOYOTA
DD56250014,180050617,Rockville Police Departme,Injury Crash,10/10/2018 6:40,OTHER,60CBC0CB-AE86-40DA-AA1B-53EC2B898FEF,Unknown,NO APPARENT INJURY,N/A,NOT DISTRACTED,MD,F7B15E22-657E-41E0-A7E5-E1FB33EB361D,SUPERFICIAL,FOUR OCLOCK,PASSENGER CAR,STARTING FROM PARKED,Unknown,5,2012,TOYT
MCP11130055,230056037,Montgomery County Police,Property Damage Crash,9/21/2023 6:55,OTHER,04CE8109-0229-40CF-A9B8-0330964E5D19,Yes,NO APPARENT INJURY,N/A,LOOKED BUT DID NOT SEE,MD,B3DFCA51-36DB-4A01-B6A1-64CB5FC88EB9,SUPERFICIAL,SIX OCLOCK,(SPORT) UTILITY VEHICLE,BACKING,South,0,2019,HOND
MCP3192004F,230072648,Montgomery County Police,Property Damage Crash,12/19/2023 19:50,SAME DIR REAR END,C6D0872D-0390-4C72-84AE-66D5964DC063,Yes,NO APPARENT INJURY,N/A,UNKNOWN,,CCAC498F-6149-483A-806F-FEC416E329A1,UNKNOWN,TWELVE OCLOCK,PASSENGER CAR,MOVING CONSTANT SPEED,East,35,1999,FORD
MCP235300CD,230061443,Montgomery County Police,Property Damage Crash,10/19/2023 13:14,STRAIGHT MOVEMENT ANGLE,CB47A164-C864-42BB-BD1D-0F696064E91E,Yes,NO APPARENT INJURY,N/A,UNKNOWN,MD,1CC6B0F2-7D93-44A9-B0B5-D5DE9149C5EB,SUPERFICIAL,FIVE OCLOCK,SCHOOL BUS,PARKING,South,15,2022,FREIGHTLINER
MCP9429000J,230066754,Montgomery County Police,Property Damage Crash,11/16/2023 17:00,OTHER,27BA1553-F22E-4B1F-8017-9021C21138BD,Unknown,NO APPARENT INJURY,N/A,NOT DISTRACTED,MD,10DD9FEF-38AC-4DFE-8B65-C2332FFF3DCA,SUPERFICIAL,NINE OCLOCK,OTHER,MOVING CONSTANT SPEED,East,35,2022,NEWFLYER
MCP2648000J,15056686,Montgomery County Police,Property Damage Crash,11/6/2015 22:16,SINGLE VEHICLE,C07C5BD0-0148-4742-A40B-A9D93D6D0CF1,No,NO APPARENT INJURY,N/A,NOT DISTRACTED,MD,732BCA47-BB1B-495F-89F4-24C49EF4D927,SUPERFICIAL,TWELVE OCLOCK,TRANSIT BUS,MOVING CONSTANT SPEED,South,40,2004,ORION
MCP30210077,230071614,Montgomery County Police,Property Damage Crash,12/14/2023 6:00,SAME DIR REAR END,2E76393A-E1F4-4C48-AECB-1B350899E2C0,No,NO APPARENT INJURY,N/A,NOT DISTRACTED,MD,E20E3A75-D446-4847-9E36-E5AA5BF064D5,DISABLING,SIX OCLOCK,PASSENGER CAR,STOPPED IN TRAFFIC LANE,North,50,2010,MITS
MCP2353004H,170539725,Montgomery County Police,Property Damage Crash,10/30/2017 6:43,SINGLE VEHICLE,C6AAAA9A-B51F-4767-9E2A-A704D1649C58,Yes,NO APPARENT INJURY,N/A,UNKNOWN,MD,9CC7DD88-EB6E-40F3-8F2D-B43EECCCF140,NO DAMAGE,TWELVE OCLOCK,PASSENGER CAR,MAKING LEFT TURN,South,25,2011,CADILLAC
DD5659000H,230049130,Rockville Police Departme,Property Damage Crash,8/12/2023 16:28,SAME DIRECTION SIDESWIPE,092C63FB-692B-444C-A7FC-B276B8383E7F,No,NO APPARENT INJURY,N/A,NOT DISTRACTED,MD,C43780AE-95C4-47F4-9057-DABCFFCE618A,SUPERFICIAL,ONE OCLOCK,PASSENGER CAR,MOVING CONSTANT SPEED,South,35,2019,TOYOTA
MCP2933001D,16066222,Montgomery County Police,Property Damage Crash,12/24/2016 18:02,SAME DIR REAR END,428100FC-53D8-4BFD-9F44-D0CE1E4031E9,Yes,NO APPARENT INJURY,N/A,UNKNOWN,MD,D910F000-B6DD-445C-989A-E84E132E479D,FUNCTIONAL,TWELVE OCLOCK,PASSENGER CAR,SLOWING OR STOPPING,South,40,1998,HONDA
MCP9301004R,230056031,Montgomery County Police,Injury Crash,9/21/2023 5:15,STRAIGHT MOVEMENT ANGLE,D0165CB7-629A-4B70-9253-48327A8331A7,No,POSSIBLE INJURY,N/A,NOT DISTRACTED,MD,579D5D3D-618F-409B-8881-A33D0E032DF4,DISABLING,TWELVE OCLOCK,PASSENGER CAR,MOVING CONSTANT SPEED,East,35,2006,HOND
MCP32950038,230057039,Montgomery County Police,Injury Crash,9/26/2023 20:12,STRAIGHT MOVEMENT ANGLE,1372478D-2CEF-45F3-8CCA-18DA3E3F03D3,Yes,POSSIBLE INJURY,N/A,LOOKED BUT DID NOT SEE,MD,8985F245-D403-447C-B592-C8660294D496,DISABLING,TWELVE OCLOCK,PASSENGER CAR,MAKING LEFT TURN,South,25,2015,FORD
MCP3176002F,230064453,Montgomery County Police,Injury Crash,11/4/2023 2:15,SAME DIR REAR END,4718F231-E2BC-4A08-9441-CB2A686A79AC,Yes,SUSPECTED MINOR INJURY,N/A,UNKNOWN,MD,AC403E8A-F320-466B-8544-B770C3C10612,FUNCTIONAL,TWELVE OCLOCK,PASSENGER CAR,MOVING CONSTANT SPEED,Unknown,35,2002,TOYOTA
MCP2738000X,15042632,MONTGOMERY,Property Damage Crash,8/25/2015 15:53,OTHER,DCBCAD42-2926-48F7-AC07-D47AC9B414F1,No,NO APPARENT INJURY,N/A,NOT DISTRACTED,MD,88F9195C-5E8F-4A70-AAF0-6825A1B10972,FUNCTIONAL,EIGHT OCLOCK,OTHER,PARKED,,25,2000,FORD
MCP28460091,230061510,Montgomery County Police,Property Damage Crash,10/19/2023 19:10,SAME DIR REAR END,DBC7AEAA-EE0E-47D5-86E0-C6A13113BEFC,No,NO APPARENT INJURY,N/A,NOT DISTRACTED,MD,211F5975-8987-419E-844B-DC053C8C38F9,SUPERFICIAL,SIX OCLOCK,PASSENGER CAR,SLOWING OR STOPPING,North,35,2016,HOND
EJ7870006J,230069566,Gaithersburg Police Depar,Injury Crash,12/2/2023 23:55,SAME DIR REAR END,6FCFB424-B206-4388-934B-636E9D08802E,Yes,NO APPARENT INJURY,"RAIN, SNOW, WET",LOOKED BUT DID NOT SEE,MD,2584D963-D86B-4E89-8C7C-D46812BB92BC,SUPERFICIAL,TWELVE OCLOCK,PASSENGER CAR,SLOWING OR STOPPING,North,50,2019,NISSAN
EJ7879003Q,230062206,Gaithersburg Police Depar,Property Damage Crash,10/23/2023 20:15,SAME DIR REAR END,ECF81319-BD19-4C80-A72A-67EF07785B00,Yes,NO APPARENT INJURY,N/A,UNKNOWN,MD,594CD7F5-005F-41AB-85FC-18E475F9D095,DISABLING,TWELVE OCLOCK,PASSENGER CAR,MOVING CONSTANT SPEED,South,35,2011,BUIC
MCP2641003L,230066709,Montgomery County Police,Injury Crash,11/16/2023 13:35,STRAIGHT MOVEMENT ANGLE,4AAEC090-607A-4173-A911-67702C9C63CB,Yes,POSSIBLE INJURY,N/A,UNKNOWN,MD,E5FAD061-AF73-4C74-A684-DEFC077A01C4,DESTROYED,TWELVE OCLOCK,PICKUP TRUCK,MOVING CONSTANT SPEED,West,35,2019,FORD
MCP1378015H,230053794,Montgomery County Police,Property Damage Crash,9/8/2023 12:34,STRAIGHT MOVEMENT ANGLE,6EC8C147-C701-4EC0-8D7E-2AE5ADF46D00,Yes,NO APPARENT INJURY,N/A,UNKNOWN,MD,E312EC76-097E-4153-876F-B172A0610BB1,UNKNOWN,ONE OCLOCK,PICKUP TRUCK,MAKING LEFT TURN,West,40,2012,FORD
MCP3145003Y,230053472,Montgomery County Police,Property Damage Crash,9/6/2023 16:30,OTHER,B93FD093-5385-46CD-A420-172A77740E30,Yes,NO APPARENT INJURY,N/A,UNKNOWN,,8343A78B-2BA2-4557-A27A-62AAA3A7D7F4,UNKNOWN,ONE OCLOCK,,MOVING CONSTANT SPEED,West,35,0,UNKNOWN
MCP2631001P,170533918,Montgomery County Police,Property Damage Crash,9/29/2017 16:30,OTHER,3BD0567C-50BF-4700-92C0-61A34A5D6F8C,Yes,NO APPARENT INJURY,N/A,UNKNOWN,,FCE4ED3B-DAD4-41F3-94FC-C62360240B17,FUNCTIONAL,UNKNOWN,,UNKNOWN,West,30,0,UNKNOWN
MCP30050025,170511072,Montgomery County Police,Injury Crash,6/1/2017 8:50,SAME DIR REAR END,C136335D-9DD6-486E-9781-70AC57DE677E,No,POSSIBLE INJURY,N/A,NOT DISTRACTED,DC,E2768AB5-F3A5-49DE-A279-0B4B8D8AD0C0,SUPERFICIAL,SIX OCLOCK,PASSENGER CAR,MOVING CONSTANT SPEED,South,35,2014,FORD