Report Number,Local Case Number,Agency Name,ACRS Report Type,Crash Date/Time,Collision Type,Person ID,Driver At Fault,Injury Severity,Circumstance,Driver Distracted By,Drivers License State,Vehicle ID,Vehicle Damage Extent,Vehicle First Impact Location,Vehicle Body Type,Vehicle Movement,Vehicle Going Dir,Speed Limit,Vehicle Year,Vehicle Make
MCP26560073,230049000,Montgomery County Police,Injury Crash,8/11/2023 19:40,SAME DIR REAR END,80A3EC2D-2825-4268-A3E5-15BCA14F776C,Unknown,NO APPARENT INJURY,N/A,NOT DISTRACTED,MD,007F9093-DC44-492E-A80D-48AF27473406,UNKNOWN,TWELVE OCLOCK,PICKUP TRUCK,MOVING CONSTANT SPEED,East,40,2009,GMC
MCP22490005,15039652,MONTGOMERY,Property Damage Crash,8/9/2015 17:49,SAME DIR REAR END,3A3CF091-08B2-4EC5-B8C0-F2B166E710AA,No,NO APPARENT INJURY,N/A,NOT DISTRACTED,MD,E703C6C5-D742-47EC-85DB-4BE808D7B51B,FUNCTIONAL,SIX OCLOCK,PASSENGER CAR,STOPPED IN TRAFFIC LANE,North,40,2011,JAGUAR
MCP29680054,230061272,Montgomery County Police,Property Damage Crash,10/18/2023 16:05,HEAD ON LEFT TURN,67C94266-3210-4AE6-A7AD-5FB9D3DA8F90,No,NO APPARENT INJURY,N/A,NOT DISTRACTED,MD,A8775987-C029-4C7C-BB36-CDBE9BD631B2,DISABLING,TWELVE OCLOCK,PASSENGER CAR,STOPPED IN TRAFFIC LANE,West,40,2023,MERZ
MCP2612005J,230067692,Montgomery County Police,Injury Crash,11/21/2023 18:35,SINGLE VEHICLE,D1A0C124-7589-4F9D-8CDB-E124140113D5,Unknown,NO APPARENT INJURY,"RAIN, SNOW, WET",UNKNOWN,MD,2C188524-A62E-4E27-90CF-04E951D9D192,NO DAMAGE,TWELVE OCLOCK,PASSENGER CAR,MAKING LEFT TURN,South,35,2004,PONTIAC
MCP31680060,230060513,Montgomery County Police,Property Damage Crash,10/14/2023 14:50,SAME DIR REAR END,F58A586D-E48A-41BA-B79B-CA2F7AA42BC0,Yes,NO APPARENT INJURY,"RAIN, SNOW, WET",LOOKED BUT DID NOT SEE,,EC84F4DE-8525-4439-BB47-1EBCC6FC1A31,UNKNOWN,TWELVE OCLOCK,PASSENGER CAR,MOVING CONSTANT SPEED,West,35,2003,MITSUBISHI
MCP3312003W,230048710,Montgomery County Police,Injury Crash,8/10/2023 10:30,HEAD ON LEFT TURN,E38F1151-C7B2-46DF-AAA1-AF74264A86E5,No,POSSIBLE INJURY,N/A,NOT DISTRACTED,MD,4C3F7FAF-C541-4675-9207-4C6CDFB67AA4,DISABLING,TWELVE OCLOCK,PASSENGER CAR,MOVING CONSTANT SPEED,West,40,2017,NISSAN
MCP1566001T,230061894,Montgomery County Police,Injury Crash,10/21/2023 21:15,SAME DIR REAR END,6309B200-DE5A-4FBC-823E-AF0074634132,No,POSSIBLE INJURY,N/A,NOT DISTRACTED,MD,2B2D8642-8FA8-42EE-9D80-09832AF0EA91,FUNCTIONAL,SIX OCLOCK,(SPORT) UTILITY VEHICLE,MOVING CONSTANT SPEED,East,40,2020,NISS
MCP3127002M,230034952,Montgomery County Police,Injury Crash,7/22/2023 17:22,SAME DIRECTION SIDESWIPE,C398F08E-AB5B-4302-AF9D-C8C7C8150F7F,No,NO APPARENT INJURY,N/A,NOT DISTRACTED,MD,A930B290-C9F1-4D03-B580-BEB1043B4301,SUPERFICIAL,ELEVEN OCLOCK,TRANSIT BUS,ACCELERATING,North,35,2009,GILL
EJ7858008K,230069797,Gaithersburg Police Depar,Property Damage Crash,12/4/2023 13:00,OTHER,60F36744-C6D0-4642-BF8C-0F2A11A924B0,Yes,NO APPARENT INJURY,N/A,UNKNOWN,MD,BF1E5F2C-3857-4A7B-9A58-993262AC1CD6,FUNCTIONAL,SIX OCLOCK,PASSENGER CAR,BACKING,West,0,2009,MOZDA
MCP10150015,170526338,Montgomery County Police,Property Damage Crash,8/23/2017 6:54,OPPOSITE DIRECTION SIDESWIPE,2283F07B-E93F-4351-A06B-C3FF4255FCA7,Yes,NO APPARENT INJURY,N/A,OTHER DISTRACTION,MD,6B8551ED-5766-4AAE-A4DA-B39A2B92A70A,DISABLING,ELEVEN OCLOCK,PASSENGER CAR,MOVING CONSTANT SPEED,West,50,2016,FORD
MCP1212001L,190020609,Montgomery County Police,Property Damage Crash,5/2/2019 12:56,HEAD ON LEFT TURN,2764E1D9-2F33-40FC-9929-53854DF492EB,Unknown,NO APPARENT INJURY,N/A,UNKNOWN,MD,EA921D53-7F13-454B-897F-2CB0F66F7168,FUNCTIONAL,ELEVEN OCLOCK,PASSENGER CAR,MAKING LEFT TURN,South,15,2007,FORD
MCP33730017,230047717,Montgomery County Police,Property Damage Crash,8/3/2023 10:35,SAME DIRECTION SIDESWIPE,E0347720-3DCA-4332-9CC0-932640158755,Yes,NO APPARENT INJURY,"RAIN, SNOW, WET",UNKNOWN,PA,0E2579C4-6531-4E23-8A8C-FB13B9E3DFCE,NO DAMAGE,ONE OCLOCK,"MEDIUM/HEAVY TRUCKS 3 AXLES (OVER 10,000LBS (4,536KG))",ACCELERATING,South,30,2017,FRT
MCP3263003V,230062734,Montgomery County Police,Injury Crash,10/26/2023 16:34,OTHER,B4760D4E-9B4D-480F-BDDF-8CF7E6876EE1,Yes,NO APPARENT INJURY,N/A,LOOKED BUT DID NOT SEE,VA,B625A997-A66B-4DD2-9FBA-F3AE8BAC7085,NO DAMAGE,TWELVE OCLOCK,PASSENGER CAR,MAKING LEFT TURN,Unknown,5,2010,NISSAN
DD5623001C,180016072,Rockville Police Departme,Property Damage Crash,4/3/2018 12:29,SAME DIR REAR END,EFCDB879-8B04-44F4-A11C-8E8E9EAFB597,Yes,NO APPARENT INJURY,N/A,NOT DISTRACTED,MD,9A6C2FF3-2D97-480B-A16D-EF9320AA27C1,FUNCTIONAL,TWELVE OCLOCK,PASSENGER CAR,STARTING FROM LANE,North,25,2008,TOYOTA
MCP27020023,230062049,Montgomery County Police,Injury Crash,10/23/2023 8:06,SINGLE VEHICLE,D22F66CF-8752-421F-BA9B-9E2AF38DF613,Yes,POSSIBLE INJURY,"N/A, VISION OBSTRUCTION (INCL. BLINDED BY SUN)",UNKNOWN,MD,F6031957-1249-499F-83B6-D95BC941EAC8,DISABLING,TWELVE OCLOCK,PASSENGER CAR,STARTING FROM LANE,South,35,2002,TOYT
MCP3267001Z,230055839,Montgomery County Police,Property Damage Crash,9/19/2023 20:30,SAME DIR REAR END,329BEA58-E65B-4D2A-A5F5-6121D2A70E68,Yes,NO APPARENT INJURY,N/A,UNKNOWN,,DBDC3388-4EDA-43A8-AD72-75D9470C7727,UNKNOWN,TWELVE OCLOCK,PASSENGER CAR,MOVING CONSTANT SPEED,West,35,2017,FORD
MCP2039009G,230065300,Montgomery County Police,Property Damage Crash,11/9/2023 8:50,ANGLE MEETS LEFT TURN,A0D235D5-FB8E-4D87-B2CE-5FEDC3135CA6,Yes,NO APPARENT INJURY,N/A,LOOKED BUT DID NOT SEE,MD,FBF53B5D-BACC-4E62-8CD8-490F849ACC24,FUNCTIONAL,ONE OCLOCK,OTHER,MAKING LEFT TURN,South,35,2000,TOYOTA
MCP2013000L,170505721,Montgomery County Police,Property Damage Crash,5/3/2017 17:16,SAME DIR REAR END,8D896B06-7303-4524-B421-58C47932E6FD,No,NO APPARENT INJURY,N/A,NOT DISTRACTED,MD,28486AD9-99FB-45CF-8C79-554B1C02E7E9,FUNCTIONAL,SIX OCLOCK,PASSENGER CAR,SLOWING OR STOPPING,North,35,2001,TOYT
MCP28980047,230058808,Montgomery County Police,Injury Crash,10/5/2023 18:12,STRAIGHT MOVEMENT ANGLE,A9792BD5-CB55-4682-A105-546D135DDA2C,Yes,NO APPARENT INJURY,N/A,UNKNOWN,MD,F3D5DDBC-3EA5-4957-9515-6A648F55DC8B,FUNCTIONAL,TWELVE OCLOCK,PASSENGER CAR,MAKING LEFT TURN,South,40,2020,HYUN
MCP3208004N,230049043,Montgomery County Police,Property Damage Crash,8/12/2023 3:12,SAME DIR REAR END,22601BE4-D0BE-474D-AC1A-8768F8367BF6,No,NO APPARENT INJURY,N/A,NOT DISTRACTED,MD,6EB657D7-ABCC-4A89-A127-C2689DA8006C,FUNCTIONAL,SIX OCLOCK,(SPORT) UTILITY VEHICLE,STOPPED IN TRAFFIC LANE,North,45,2020,TOYT
MCP2752005W,230060956,Montgomery County Police,Property Damage Crash,10/16/2023 15:06,SAME DIR REAR END,A6128330-53E9-4D86-AFCB-FDFFE8672E50,Yes,NO APPARENT INJURY,N/A,NOT DISTRACTED,MD,2214E8EE-FF71-431A-B27C-A31E077B9224,FUNCTIONAL,TWELVE OCLOCK,PASSENGER CAR,MOVING CONSTANT SPEED,South,35,2018,TOYOTA
MCP2588008N,220018177,Montgomery County Police,Property Damage Crash,4/29/2022 10:41,SAME DIR REAR END,D7394230-9135-41A7-A80A-063949AA3D6A,Yes,NO APPARENT INJURY,N/A,NOT DISTRACTED,MD,5864D57F-187F-4EC2-ADB2-C3CC071536A4,SUPERFICIAL,TWELVE OCLOCK,PASSENGER CAR,MOVING CONSTANT SPEED,South,5,2008,LEXUS
MCP3068004Z,230057363,Montgomery County Police,Property Damage Crash,9/28/2023 18:30,SAME DIRECTION SIDESWIPE,B2A937FA-F69B-4919-B045-9D81D98DCC55,No,NO APPARENT INJURY,N/A,NOT DISTRACTED,MD,A1CBD1B0-7282-44AD-A3F1-49305811F2F5,SUPERFICIAL,FOUR OCLOCK,PASSENGER CAR,MOVING CONSTANT SPEED,East,35,2019,VOLKSWAGON
MCP3095004R,230066518,Montgomery County Police,Injury Crash,11/13/2023 19:42,STRAIGHT MOVEMENT ANGLE,BCE61B9D-62DF-4774-8741-839FC7DEC54D,No,NO APPARENT INJURY,N/A,NOT DISTRACTED,NY,51095696-AFB2-45C7-A08E-7F3E453F6124,DISABLING,TWELVE OCLOCK,PASSENGER CAR,MOVING CONSTANT SPEED,South,30,2009,TOYOTA
DD55670022,230071752,Rockville Police Departme,Injury Crash,12/14/2023 16:31,SAME DIR REAR END,699B0013-3FE2-40D3-B835-4CAEA2173883,No,POSSIBLE INJURY,N/A,NOT DISTRACTED,MD,EFA60FAA-3AA9-48DB-98F3-2A1D459EA356,NO DAMAGE,SIX OCLOCK,PASSENGER CAR,STOPPED IN TRAFFIC LANE,South,40,2006,DODGE
MCP3353001Z,230069152,Montgomery County Police,Injury Crash,11/30/2023 16:19,OTHER,A5175AB4-39D4-4050-9561-07DC2D79497A,Yes,NO APPARENT INJURY,N/A,LOOKED BUT DID NOT SEE,MD,A7E3FFCE-2794-4D56-852B-16BC48AA9B48,NO DAMAGE,SIX OCLOCK,PASSENGER CAR,BACKING,Unknown,15,2002,TOYOTA
MCP33110020,230055963,Montgomery County Police,Property Damage Crash,9/20/2023 17:04,OTHER,CA9227E4-7388-44A1-AAC3-3F63AB7BAF35,Yes,NO APPARENT INJURY,N/A,UNKNOWN,MD,39AEC0AF-452C-4B9D-9FE4-BF5626CC8260,SUPERFICIAL,TWO OCLOCK,"OTHER LIGHT TRUCKS (10,000LBS (4,536KG) OR LESS)",MOVING CONSTANT SPEED,North,35,2008,FORD
MCP26740039,220035367,Montgomery County Police,Property Damage Crash,8/16/2022 16:50,SAME DIR REAR END,4732A40E-7ACD-4074-AD24-F73DADD234EC,No,NO APPARENT INJURY,N/A,NOT DISTRACTED,MD,169B9580-0DC0-4EC1-B9B0-E0E005DD87CC,FUNCTIONAL,SIX OCLOCK,VAN,MAKING LEFT TURN,East,40,2016,HONDA
MCP2863002W,230046487,Montgomery County Police,Injury Crash,7/27/2023 16:40,SAME DIR REAR END,C933F5FE-D970-4976-AD78-B750FA4C2158,Yes,NO APPARENT INJURY,N/A,UNKNOWN,MD,E3763729-4991-4751-B04E-42083783F5EE,SUPERFICIAL,TWELVE OCLOCK,PASSENGER CAR,ACCELERATING,East,35,2008,TOYT
MCP30210073,230070018,Montgomery County Police,Property Damage Crash,12/5/2023 14:15,STRAIGHT MOVEMENT ANGLE,E4AA716D-D0A8-49E9-A144-5CB18E3EDA1D,No,NO APPARENT INJURY,N/A,NOT DISTRACTED,MD,5724187C-8501-4426-A22F-15FDF1E41987,DISABLING,TEN OCLOCK,PASSENGER CAR,PARKED,,0,2016,TOYOTA
MCP2450004S,230066759,Montgomery County Police,Property Damage Crash,11/16/2023 18:00,SAME DIR REAR END,7D326CD5-F2DD-40EF-90DC-4D2654CC19F5,Yes,NO APPARENT INJURY,N/A,UNKNOWN,MD,2DD144AA-C045-4B9A-8613-A847CE3B246A,FUNCTIONAL,TWELVE OCLOCK,PASSENGER CAR,MOVING CONSTANT SPEED,North,40,2013,HUNDAI
MCP3351001G,230051861,Montgomery County Police,Property Damage Crash,8/28/2023 15:26,STRAIGHT MOVEMENT ANGLE,BC9D0D25-BAE5-4448-857E-1DADEAB47107,No,NO APPARENT INJURY,N/A,NOT DISTRACTED,MD,BFD87795-984C-49AF-AB80-FBC0DA3019B3,FUNCTIONAL,ELEVEN OCLOCK,PASSENGER CAR,MOVING CONSTANT SPEED,West,40,2001,TOYOTA
DD56480018,220046848,Rockville Police Departme,Property Damage Crash,10/25/2022 12:00,OTHER,12EAF65E-4FDB-4542-9CFD-45C4D6C0EA3D,Yes,NO APPARENT INJURY,N/A,LOOKED BUT DID NOT SEE,MD,80875A13-17CE-4C19-B8AA-762787CB112B,SUPERFICIAL,ONE OCLOCK,(SPORT) UTILITY VEHICLE,PARKING,South,5,2017,ACURA
MCP3280003V,230050648,Montgomery County Police,Property Damage Crash,8/22/2023 8:20,SAME DIR REAR END,D72F1312-185B-443E-B829-4F44DDF46544,No,NO APPARENT INJURY,"BACKUP DUE TO PRIOR CRASH, N/A",DISTRACTED BY OUTSIDE PERSON OBJECT OR EVENT,MD,473F6B8D-57BC-4353-8C40-A8CE7CCE0B26,DISABLING,TWELVE OCLOCK,PASSENGER CAR,MOVING CONSTANT SPEED,North,55,2018,FORD
MCP3334001V,230064214,Montgomery County Police,Property Damage Crash,11/3/2023 14:43,SAME DIR REAR END,28DFCF24-49B7-4534-88F7-2896953F2294,Yes,NO APPARENT INJURY,N/A,UNKNOWN,,C531FD35-A3B2-4545-AE20-00A483D43381,UNKNOWN,UNKNOWN,(SPORT) UTILITY VEHICLE,UNKNOWN,North,10,2016,HONDA
MCP30100094,230070923,Montgomery County Police,Property Damage Crash,12/10/2023 12:55,SAME DIRECTION SIDESWIPE,854A7950-FEDC-4ACE-8FBD-25DBD4F071B1,Yes,NO APPARENT INJURY,"BACKUP DUE TO NON-RECURRING INCIDENT, RAIN, SNOW, WET",UNKNOWN,,ADA3F09B-27EC-496D-86CD-8FCFA12A4427,UNKNOWN,UNKNOWN,,PASSING,East,30,0,UNKNOWN
MCP3274001W,230057399,Montgomery County Police,Injury Crash,9/28/2023 20:00,SAME DIR REAR END,3382AE7A-298E-4A05-84AA-76FFE593B394,Yes,NO APPARENT INJURY,N/A,NOT DISTRACTED,MD,0E156B25-E910-4551-BA90-A41AD202FD77,UNKNOWN,SIX OCLOCK,PICKUP TRUCK,SLOWING OR STOPPING,Unknown,10,2020,CHEVY
MCP32900026,230033569,Montgomery County Police,Property Damage Crash,7/14/2023 14:22,SAME DIR REAR END,42394778-78CC-4A0D-82E0-BC0A7950299F,Unknown,NO APPARENT INJURY,N/A,UNKNOWN,MD,D7C5FA89-92AA-4A92-8F9D-9F4A5DFD5ECF,FUNCTIONAL,SIX OCLOCK,PASSENGER CAR,CHANGING LANES,North,35,2013,INFI
MCP003600HH,230067663,Montgomery County Police,Injury Crash,11/21/2023 16:23,STRAIGHT MOVEMENT ANGLE,57B579E2-AB13-4882-9AD4-5FD10E37AEBA,No,SUSPECTED SERIOUS INJURY,"N/A, WET",NOT DISTRACTED,MD,71DABC5B-99BF-4870-B4AF-DC41553B02B4,DESTROYED,NINE OCLOCK,PASSENGER CAR,STARTING FROM LANE,East,40,2012,TOYOTA
EJ786600CN,230057666,Gaithersburg Police Depar,Property Damage Crash,9/30/2023 10:34,STRAIGHT MOVEMENT ANGLE,8AA9D375-2C97-4EDA-95C8-6BA9056AD6C6,Yes,NO APPARENT INJURY,N/A,LOOKED BUT DID NOT SEE,MI,D5EE4E4F-6612-4371-BDAB-B5A0BE3EBE7B,SUPERFICIAL,TWELVE OCLOCK,PASSENGER CAR,ENTERING TRAFFIC LANE,East,35,2023,FORD
MCP91180048,230071828,Montgomery County Police,Property Damage Crash,12/15/2023 4:06,SAME DIR REAR END,29475A70-04F9-4478-9F6B-1000F5B3CBA0,No,NO APPARENT INJURY,N/A,NOT DISTRACTED,TX,C2487546-2726-4A82-98E1-493A029632C2,FUNCTIONAL,SIX OCLOCK,(SPORT) UTILITY VEHICLE,STOPPED IN TRAFFIC LANE,North,35,2016,BMW
MCP3113005B,230056586,Montgomery County Police,Property Damage Crash,9/24/2023 8:00,HEAD ON LEFT TURN,FB50A42C-9EB2-4A88-8CE3-78BE1E07B6A0,Yes,NO APPARENT INJURY,"RAIN, SNOW, WET",LOOKED BUT DID NOT SEE,MD,E9609369-C30D-4D8B-B8F7-12279495F5D5,DISABLING,TWELVE OCLOCK,PASSENGER CAR,MAKING LEFT TURN,South,30,2013,HYUNDAI
DM8352000M,230050704,Takoma Park Police Depart,Injury Crash,8/22/2023 13:19,SAME DIR REAR END,93202CB9-85AD-4256-9AB2-860F372EACBC,No,SUSPECTED MINOR INJURY,N/A,NOT DISTRACTED,MD,92842C1E-09B8-4C7F-8547-AA9AC2CB3626,FUNCTIONAL,SIX OCLOCK,PASSENGER CAR,MOVING CONSTANT SPEED,North,25,2012,LEXUS
EJ7889004F,230067882,Gaithersburg Police Depar,Property Damage Crash,11/22/2023 20:20,SAME DIR REAR END,6EEC24EA-5470-4E65-B49B-73143A413765,No,NO APPARENT INJURY,N/A,NOT DISTRACTED,MD,10451ADC-38DF-4913-AD8C-0A27235184E2,SUPERFICIAL,SIX OCLOCK,PASSENGER CAR,MAKING RIGHT TURN,South,30,2013,TESL
MCP3145004B,230066957,Montgomery County Police,Property Damage Crash,11/17/2023 18:45,OTHER,EFAD2279-F124-4EB7-8421-262A082B970D,Yes,NO APPARENT INJURY,N/A,INATTENTIVE OR LOST IN THOUGHT,MD,6F0FAF85-3D49-4DC0-95F5-EFCCB4924F93,SUPERFICIAL,ONE OCLOCK,PASSENGER CAR,CHANGING LANES,West,35,2023,TOYT
MCP24550063,230050737,Montgomery County Police,Injury Crash,8/22/2023 16:38,STRAIGHT MOVEMENT ANGLE,1976DA20-3369-4D89-8638-63197393B56A,No,NO APPARENT INJURY,N/A,NOT DISTRACTED,MD,36BC64EF-223D-4C09-A2EB-5006B30B1274,DISABLING,SEVEN OCLOCK,(SPORT) UTILITY VEHICLE,MOVING CONSTANT SPEED,East,40,2021,TOYT
MCP10170010,180027456,Montgomery County Police,Property Damage Crash,5/31/2018 14:10,OTHER,26FD800F-1737-4F03-A681-636D0852661D,Yes,NO APPARENT INJURY,N/A,NOT DISTRACTED,DE,BC123776-8280-4433-9987-1A081ABBC1A9,SUPERFICIAL,THREE OCLOCK,PICKUP TRUCK,N/A,Unknown,0,2017,FORD
MCP2603005Y,230073450,Montgomery County Police,Property Damage Crash,12/24/2023 13:51,OTHER,EF99ABE1-2029-4F1F-ABE4-10F4A1AAA8DB,No,NO APPARENT INJURY,N/A,NOT DISTRACTED,MD,448D00BB-CD6D-4C5C-AB71-8E799B5844D6,SUPERFICIAL,SIX OCLOCK,PASSENGER CAR,PARKED,,5,2013,HONDA
MCP13660054,16049676,Montgomery County Police,Property Damage Crash,9/27/2016 11:42,SAME DIRECTION SIDESWIPE,A3AB4389-9C64-4E92-B102-1BC6BE6050CF,Yes,NO APPARENT INJURY,N/A,LOOKED BUT DID NOT SEE,MD,794189F8-46D6-4885-AC11-181E54BEB4DF,FUNCTIONAL,THREE OCLOCK,PASSENGER CAR,CHANGING LANES,East,30,2006,HOND
MCP24640032,230064807,Montgomery County Police,Property Damage Crash,11/6/2023 22:30,SAME DIR REAR END,28C0AD13-1039-45F7-9AA0-08557055C669,Yes,NO APPARENT INJURY,"N/A, ROAD UNDER CONSTRUCTION/MAINTENANCE",UNKNOWN,MD,48DFAECC-78B8-4A39-8874-DBBF393DCCE9,SUPERFICIAL,TWELVE OCLOCK,PASSENGER CAR,MOVING CONSTANT SPEED,East,55,2003,INFINI
MCP0617005L,230066883,Montgomery County Police,Property Damage Crash,11/17/2023 11:33,STRAIGHT MOVEMENT ANGLE,CD83F6A1-F8F2-4524-BB5C-AB3E043971CD,No,NO APPARENT INJURY,N/A,NOT DISTRACTED,MD,81C0746E-99B7-4C6F-87BC-612D53D135AD,DISABLING,ELEVEN OCLOCK,PASSENGER CAR,MOVING CONSTANT SPEED,South,30,2007,TOYT
MCP3309001Z,230061169,Montgomery County Police,Property Damage Crash,10/17/2023 23:17,SINGLE VEHICLE,46F250A9-A669-440F-B408-4085AF5A9BD9,Yes,NO APPARENT INJURY,N/A,NOT DISTRACTED,MD,90878505-2625-4684-8F83-D179A197575D,DESTROYED,TWELVE OCLOCK,PASSENGER CAR,NEGOTIATING A CURVE,South,40,1997,HOND
DD5635004H,230066336,Rockville Police Departme,Property Damage Crash,11/14/2023 17:10,SAME DIR REAR END,A98A0F43-5950-4F38-9539-F0C4B72990A5,No,NO APPARENT INJURY,N/A,UNKNOWN,MD,418C0552-4947-418B-BCCC-2689C1B5C770,FUNCTIONAL,SIX OCLOCK,PASSENGER CAR,STOPPED IN TRAFFIC LANE,East,50,2019,AUDI
MCP3368001N,230051961,Montgomery County Police,Injury Crash,8/29/2023 9:47,HEAD ON,637B5991-ACF7-4055-9697-76BBF7D10FF7,No,NO APPARENT INJURY,N/A,NOT DISTRACTED,MD,25035B80-DB0E-4BAE-B5CB-A6A2F192D53D,FUNCTIONAL,ONE OCLOCK,PASSENGER CAR,STOPPED IN TRAFFIC LANE,North,35,2013,TOYT
MCP3201004Z,230065927,Montgomery County Police,Property Damage Crash,11/12/2023 13:07,STRAIGHT MOVEMENT ANGLE,4DA2F934-6549-452A-BB5E-9E727ACD1874,No,NO APPARENT INJURY,N/A,NOT DISTRACTED,MD,0768A506-1B7A-44DB-AF84-1D9D57E5FCE6,DISABLING,TEN OCLOCK,PASSENGER CAR,MOVING CONSTANT SPEED,South,40,2008,CHEV
MCP3207003J,230053463,Montgomery County Police,Property Damage Crash,9/6/2023 15:52,STRAIGHT MOVEMENT ANGLE,452E423A-598D-4367-9E49-1DBDC6EC8F27,No,NO APPARENT INJURY,N/A,NOT DISTRACTED,MD,B04761B1-E00E-4595-9EB6-3E9FD7D0C500,DESTROYED,TWELVE OCLOCK,PASSENGER CAR,MOVING CONSTANT SPEED,East,35,2005,TOYT
MCP3311000N,220013134,Montgomery County Police,Property Damage Crash,3/26/2022 13:50,OTHER,4F98F07E-93F5-4B3D-AE70-BBA71B7AB593,Yes,NO APPARENT INJURY,N/A,UNKNOWN,,B5B626A2-42A1-4AB8-908E-592FA287695A,UNKNOWN,ONE OCLOCK,PASSENGER CAR,BACKING,West,0,2022,TOYOTA
MCP3299002T,230035045,Montgomery County Police,Property Damage Crash,7/23/2023 13:13,SAME DIR REAR END,532C8956-7EA0-4DB0-8F9F-E9789110D02E,Yes,NO APPARENT INJURY,N/A,OTHER CELLULAR PHONE RELATED,MD,B2CBA1B6-DCF9-4078-9628-69F48FAE9A55,DISABLING,TWELVE OCLOCK,PASSENGER CAR,MOVING CONSTANT SPEED,West,40,2015,ACURA
MCP3267001W,230050002,Montgomery County Police,Property Damage Crash,8/17/2023 21:43,SAME DIR REAR END,BCF78223-0004-44B4-B3F3-4C220D36D633,Yes,NO APPARENT INJURY,N/A,NOT DISTRACTED,MD,31C47956-F807-4D4B-AFCB-4C2F3A377536,DISABLING,TWELVE OCLOCK,PASSENGER CAR,MOVING CONSTANT SPEED,North,35,2007,TOYOTA
EJ78890048,230060581,Gaithersburg Police Depar,Property Damage Crash,10/14/2023 21:45,STRAIGHT MOVEMENT ANGLE,6D5D0434-B127-4802-8830-9EAC9E33F1FB,No,NO APPARENT INJURY,"RAIN, SNOW, WET",NOT DISTRACTED,MD,5835E1FD-A6DF-4B4F-9677-A5BF88913059,DISABLING,TWELVE OCLOCK,PASSENGER CAR,MOVING CONSTANT SPEED,North,35,2007,TOYT
MCP3022005J,230067126,Montgomery County Police,Property Damage Crash,11/18/2023 16:36,ANGLE MEETS LEFT TURN,76EE7DF1-2735-4EE8-B700-87B5860B0D75,No,NO APPARENT INJURY,N/A,NOT DISTRACTED,MD,58AD44E8-428B-4F37-BBF6-7D8AEBC6B814,DISABLING,TEN OCLOCK,PASSENGER CAR,MOVING CONSTANT SPEED,North,40,2015,FORD
MCP32350027,230062030,Montgomery County Police,Property Damage Crash,10/23/2023 1:15,SAME DIRECTION SIDESWIPE,1590BB9A-1EB3-4A8B-837D-8CEF7B50661D,No,NO APPARENT INJURY,N/A,NOT DISTRACTED,DC,0FD6F6B1-2D4F-4AC0-97C1-0D1E9848E281,SUPERFICIAL,SIX OCLOCK,PASSENGER CAR,BACKING,North,25,2015,VOLKSWAGEN
EJ78860037,230052873,Gaithersburg Police Depar,Property Damage Crash,9/3/2023 1:18,STRAIGHT MOVEMENT ANGLE,13CA8B72-C647-458F-B4CE-5F952A73F555,Yes,NO APPARENT INJURY,N/A,UNKNOWN,MD,9B8A4897-9C0B-4D96-BDAC-1348B57509FE,DISABLING,TEN OCLOCK,PASSENGER CAR,MAKING LEFT TURN,West,25,2015,CHEVROLET
MCP285900DT,230053928,Montgomery County Police,Injury Crash,9/9/2023 9:40,SAME DIR REAR END,899DEC91-111B-4A49-AE0D-9638209F097B,Yes,NO APPARENT INJURY,N/A,UNKNOWN,MD,F6C1F404-90A3-419A-991F-4E18108BF5CB,DISABLING,ELEVEN OCLOCK,PASSENGER CAR,SLOWING OR STOPPING,North,30,2014,CHEV
EJ786600CH,230049458,Gaithersburg Police Depar,Property Damage Crash,8/14/2023 18:20,SAME DIR REAR END,D4B45145-5433-4073-906A-7F8F49231BF3,Yes,NO APPARENT INJURY,"N/A, WET",NOT DISTRACTED,MD,1A63F026-B957-43CC-8DE1-030BBE69DBD8,DISABLING,TWELVE OCLOCK,PASSENGER CAR,MOVING CONSTANT SPEED,North,40,2013,HOND
MCP0617005M,230067945,Montgomery County Police,Injury Crash,11/23/2023 11:07,SINGLE VEHICLE,A0E607DF-A238-465D-B80E-5530A47DCCAF,Yes,POSSIBLE INJURY,N/A,NOT DISTRACTED,XX,B69D603E-3904-4150-A5F6-34D1C6E7A44A,DISABLING,ELEVEN OCLOCK,PASSENGER CAR,MOVING CONSTANT SPEED,North,40,2002,FORD
MCP2456007Q,230053740,Montgomery County Police,Property Damage Crash,9/8/2023 6:45,SAME DIRECTION RIGHT TURN,02F3D3BD-C418-4B5F-8E43-81D5276D3D06,No,NO APPARENT INJURY,N/A,NOT DISTRACTED,DC,8BAF4315-C1A3-41EB-8B4F-6B4B32AE9F52,SUPERFICIAL,TEN OCLOCK,TRANSIT BUS,MOVING CONSTANT SPEED,North,40,2020,BU