Report Number,Local Case Number,Agency Name,ACRS Report Type,Crash Date/Time,Collision Type,Person ID,Driver At Fault,Injury Severity,Circumstance,Driver Distracted By,Drivers License State,Vehicle ID,Vehicle Damage Extent,Vehicle First Impact Location,Vehicle Body Type,Vehicle Movement,Vehicle Going Dir,Speed Limit,Vehicle Year,Vehicle Make
MCP2738004R,230046918,Montgomery County Police,Injury Crash,7/30/2023 5:29,SAME DIR REAR END,4F007D92-3F0A-48E8-837D-43D85053CE3A,Unknown,POSSIBLE INJURY,N/A,LOOKED BUT DID NOT SEE,MD,FCB7C5E7-155F-46BB-AA19-33A082BE1361,DESTROYED,SEVEN OCLOCK,PASSENGER CAR,MOVING CONSTANT SPEED,East,40,2022,LEXUS
DD5567001Z,230071625,Rockville Police Departme,Property Damage Crash,12/14/2023 7:24,OTHER,6F418C1C-6E2A-4F90-8B05-45098CC7FEE8,Yes,NO APPARENT INJURY,N/A,UNKNOWN,MD,7D92C561-3DB8-46FB-94E7-12602268615E,FUNCTIONAL,EIGHT OCLOCK,OTHER,MAKING LEFT TURN,North,0,2014,MACK
MCP25920034,230054180,Montgomery County Police,Property Damage Crash,9/11/2023 7:17,SAME DIRECTION SIDESWIPE,B36020A1-63D5-4215-817A-6B73AAB3A68F,No,NO APPARENT INJURY,"RAIN, SNOW, WET",NOT DISTRACTED,MD,E71B0386-AAB4-4AD2-B634-84A18EBB9400,FUNCTIONAL,THREE OCLOCK,PASSENGER CAR,MOVING CONSTANT SPEED,South,30,2012,TOYT
MCP285900F8,230067825,Montgomery County Police,Injury Crash,11/22/2023 13:50,SAME DIRECTION LEFT TURN,AE468975-E0F8-4202-9079-BEE2953C575B,Yes,NO APPARENT INJURY,N/A,UNKNOWN,MD,13718D9F-0E21-44D6-9A70-96984CD83C91,DISABLING,EIGHT OCLOCK,PASSENGER CAR,MAKING U TURN,North,30,2014,HOND
MCP28350036,230059225,Montgomery County Police,Property Damage Crash,10/8/2023 3:33,SAME DIR REAR END,02DF1C65-AC64-413A-9BF0-F64DB72F1C40,No,NO APPARENT INJURY,N/A,NOT DISTRACTED,MD,C69E0BB4-9098-4D61-8BAC-CBAE58052BFC,FUNCTIONAL,SIX OCLOCK,PASSENGER CAR,STOPPED IN TRAFFIC LANE,North,30,2015,CHEV
HA2451000B,23000655,Maryland-National Capital,Property Damage Crash,4/12/2023 18:59,OTHER,215B8D42-A2CB-4870-BAB4-DE4E1FEF4E48,Yes,NO APPARENT INJURY,N/A,NOT DISTRACTED,MD,255674CE-4FE4-4998-BC7C-E4BDE69949E4,SUPERFICIAL,ELEVEN OCLOCK,PASSENGER CAR,PARKING,North,15,2012,TOYOTA
MCP3214002F,230065489,Montgomery County Police,Injury Crash,11/9/2023 23:05,SINGLE VEHICLE,40B24EA4-AC59-4BB0-9A21-0F8A200461C1,Yes,NO APPARENT INJURY,N/A,NOT DISTRACTED,MD,50785BD0-FFE0-4AF1-951D-962E641AF344,FUNCTIONAL,TWELVE OCLOCK,PASSENGER CAR,MOVING CONSTANT SPEED,East,40,2016,HONDA
MCP94420009,15054153,MONTGOMERY,Property Damage Crash,10/25/2015 11:15,SAME DIR REAR END,38178A83-E566-4C2A-8EA3-EDCEBB1534B7,Yes,NO APPARENT INJURY,"N/A, WET",NOT DISTRACTED,MD,A1C7EAD5-8EBF-4A40-B566-F6DDD6DD2F5F,DISABLING,TWELVE OCLOCK,PASSENGER CAR,ACCELERATING,West,35,2000,HOND
MCP2948006L,230063683,Montgomery County Police,Property Damage Crash,10/31/2023 21:05,SAME DIRECTION SIDESWIPE,47BBD23E-5C90-4AB9-B7EA-55DCF5B082AA,Yes,NO APPARENT INJURY,N/A,UNKNOWN,,708FD267-0CFD-4AFE-AA6B-9B6CB0C872A2,UNKNOWN,TEN OCLOCK,,MOVING CONSTANT SPEED,East,35,0,UNKNOWN
MCP21820033,230064188,Montgomery County Police,Property Damage Crash,10/23/2023 16:45,SAME DIR REND RIGHT TURN,6AF5C826-F125-4F55-99E7-72D7C88E8C53,Yes,NO APPARENT INJURY,N/A,NOT DISTRACTED,MD,0F0F05CA-361C-4518-88A1-D8D4FA3DEF2B,NO DAMAGE,TWELVE OCLOCK,PASSENGER CAR,SLOWING OR STOPPING,East,20,2011,TOYOTA
MCP30520023,190047127,Montgomery County Police,Injury Crash,10/1/2019 20:20,SAME DIRECTION SIDESWIPE,2150F2D2-D611-47B0-B892-5AC35A6C4E5C,Yes,POSSIBLE INJURY,N/A,NOT DISTRACTED,MD,94041AD0-DB9B-4C73-9E8A-19D71DF22AF8,SUPERFICIAL,FIVE OCLOCK,PASSENGER CAR,MAKING LEFT TURN,West,35,2016,TOYOTA
MCP9419004P,230051956,Montgomery County Police,Injury Crash,8/29/2023 9:25,SINGLE VEHICLE,77891F3D-AEF6-4E10-B437-78579FB62EB2,Yes,SUSPECTED MINOR INJURY,N/A,UNKNOWN,MD,FEB5060B-4AD8-4589-9FC3-57FF1F0B0947,DISABLING,TWELVE OCLOCK,(SPORT) UTILITY VEHICLE,MOVING CONSTANT SPEED,South,40,2012,TOYOTA
MCP3372001J,230059021,Montgomery County Police,Property Damage Crash,10/6/2023 19:39,SINGLE VEHICLE,CF628B4B-94DA-4E65-9A01-2F72639EB417,Yes,NO APPARENT INJURY,N/A,UNKNOWN,,1857D18F-39EE-4C87-BBAC-E4F7D2E15DFD,UNKNOWN,TWELVE OCLOCK,PASSENGER CAR,ACCELERATING,East,25,2023,KIA
MCP3086009K,230056011,Montgomery County Police,Property Damage Crash,9/20/2023 20:50,ANGLE MEETS LEFT TURN,888F0F95-C499-4530-82AD-1C645257480F,No,NO APPARENT INJURY,N/A,NOT DISTRACTED,MD,C6839DF7-D696-4C00-8A5B-1F7822662F6E,DESTROYED,TWELVE OCLOCK,PASSENGER CAR,MOVING CONSTANT SPEED,West,30,2012,TOYOTA
MCP32640041,230056924,Montgomery County Police,Property Damage Crash,9/26/2023 10:00,SAME DIR REAR END,5BA7E4E2-FC30-4662-BAF8-CAE27978AD7D,Yes,NO APPARENT INJURY,"RAIN, SNOW, WET",INATTENTIVE OR LOST IN THOUGHT,MD,B766E694-6E87-4BD1-A458-269322CD9FA9,DISABLING,TWELVE OCLOCK,PASSENGER CAR,MOVING CONSTANT SPEED,South,30,2005,NISSAN
MCP3163006C,230069672,Montgomery County Police,Property Damage Crash,12/3/2023 18:47,SAME DIR REAR END,C811DDAB-224C-4AC2-987B-1FC78ED03B67,Yes,NO APPARENT INJURY,"N/A, WET",LOOKED BUT DID NOT SEE,MD,3B97B8A7-A10F-4508-A314-41CA1BDF9317,DISABLING,TWELVE OCLOCK,(SPORT) UTILITY VEHICLE,ACCELERATING,South,35,2011,VOLV
MCP2966006W,230060564,Montgomery County Police,Property Damage Crash,10/14/2023 20:07,SAME DIR REAR END,CD7DF1A8-23AC-4F27-BB8E-BF52ABF7D16C,Yes,NO APPARENT INJURY,N/A,NOT DISTRACTED,,88952A46-95AE-4609-98E1-E45616DA0709,NO DAMAGE,TWELVE OCLOCK,PASSENGER CAR,STARTING FROM PARKED,South,25,2007,TOYOTA
EJ7898001K,230064506,Gaithersburg Police Depar,Injury Crash,11/5/2023 8:50,OTHER,3431995B-13EA-437B-A64A-334A71C49A66,Unknown,SUSPECTED MINOR INJURY,N/A,UNKNOWN,XX,FB42C393-1045-460E-B69D-0047D2369A19,DISABLING,TWELVE OCLOCK,PASSENGER CAR,MOVING CONSTANT SPEED,East,25,2023,TOYOTA
MCP30510071,230056146,Montgomery County Police,Property Damage Crash,9/21/2023 15:50,OTHER,489DCE00-B5DA-492A-B69B-E7D8FCC68DD4,Unknown,NO APPARENT INJURY,N/A,UNKNOWN,MD,2141F416-82DA-49A4-ACE5-C7D1208B0460,SUPERFICIAL,EIGHT OCLOCK,TRANSIT BUS,MAKING LEFT TURN,East,35,2013,GILLIG
MCP2298013W,230047105,Montgomery County Police,Property Damage Crash,7/31/2023 11:53,OTHER,612A96C1-DB3D-4DCD-B835-6055DA7343D1,Yes,NO APPARENT INJURY,N/A,NOT DISTRACTED,MD,4FF3A3CA-C747-4757-86C5-6D20EA5C4A8B,FUNCTIONAL,SIX OCLOCK,(SPORT) UTILITY VEHICLE,BACKING,Unknown,10,2011,JEEP
MCP235300CF,230062636,Montgomery County Police,Property Damage Crash,10/26/2023 9:32,SAME DIRECTION SIDESWIPE,638198EC-0EF5-46D8-B885-1CEA7AD650AA,No,NO APPARENT INJURY,N/A,NOT DISTRACTED,MD,AEC147DE-640D-4524-ABF6-B5B0CCCF7995,SUPERFICIAL,TEN OCLOCK,TRANSIT BUS,UNKNOWN,South,35,2013,THOMAS
MCP2648000G,15034147,MONTGOMERY,Property Damage Crash,7/11/2015 23:30,OTHER,AF86A96D-8342-4405-BECB-1B5FE34B94BA,Yes,NO APPARENT INJURY,N/A,UNKNOWN,,CEBD257A-C75E-4C4F-906E-38388AE25846,UNKNOWN,SIX OCLOCK,PASSENGER CAR,MOVING CONSTANT SPEED,South,25,2004,TOYOTA
MCP3372001N,230061514,Montgomery County Police,Property Damage Crash,10/19/2023 19:26,SINGLE VEHICLE,02DEC22C-5E79-4BBB-9FB8-AAE372E5D0ED,Yes,NO APPARENT INJURY,N/A,LOOKED BUT DID NOT SEE,MD,E7125756-FDA3-4003-A0F7-8A48CC92A0E7,DISABLING,TWELVE OCLOCK,PASSENGER CAR,MOVING CONSTANT SPEED,North,25,2010,CHRY
MCP33670017,230054285,Montgomery County Police,Property Damage Crash,9/11/2023 16:46,OTHER,A98A7F2B-D8BE-4770-8BE6-72E3C70B3C4F,No,NO APPARENT INJURY,N/A,NOT DISTRACTED,MD,4AD00BC1-3EA4-4FA2-946F-AA174A3C8E78,DISABLING,ELEVEN OCLOCK,PASSENGER CAR,MOVING CONSTANT SPEED,West,30,2010,INFINTY
DD5664000S,230048180,Rockville Police Departme,Property Damage Crash,8/7/2023 10:13,HEAD ON LEFT TURN,0EE00227-5DD0-4D6C-8985-134FF7A702AD,No,NO APPARENT INJURY,N/A,DISTRACTED BY OUTSIDE PERSON OBJECT OR EVENT,MD,94320AEA-CC9C-4CD3-A531-9FBB6EF9B506,DISABLING,NINE OCLOCK,PASSENGER CAR,ACCELERATING,North,25,2008,BMW
DD5660000G,230057746,Rockville Police Departme,Injury Crash,9/30/2023 19:16,SAME DIR REND LEFT TURN,7C1352C8-2744-48B6-9D8F-FF23A832E982,No,SUSPECTED MINOR INJURY,N/A,NOT DISTRACTED,MD,C6D304A8-5E44-48E2-881A-7AFA71AF2B25,SUPERFICIAL,SIX OCLOCK,PASSENGER CAR,SLOWING OR STOPPING,North,35,2019,HONDA
MCP3160004S,230034385,Montgomery County Police,Property Damage Crash,7/18/2023 14:10,SAME DIRECTION SIDESWIPE,736B22E3-A910-4922-BF36-39380253EA8D,Yes,NO APPARENT INJURY,N/A,LOOKED BUT DID NOT SEE,DC,B75AE6C7-E768-49ED-92B7-FD81B7A6762E,SUPERFICIAL,EIGHT OCLOCK,PASSENGER CAR,MOVING CONSTANT SPEED,South,30,2008,HONDA
MCP1233005D,230068223,Montgomery County Police,Property Damage Crash,11/25/2023 15:50,STRAIGHT MOVEMENT ANGLE,D0960A60-78C1-41BC-90F4-478D53F6A84F,Yes,NO APPARENT INJURY,N/A,NOT DISTRACTED,MD,A94CD039-9CB9-4EB2-A1F1-F4D342B1418D,DISABLING,TWELVE OCLOCK,PASSENGER CAR,MAKING LEFT TURN,West,35,2013,SUBA
MCP3113005F,230058646,Montgomery County Police,Property Damage Crash,10/5/2023 7:30,SINGLE VEHICLE,683BD5F8-A9EF-4DFC-B038-D347201DD8CB,Yes,NO APPARENT INJURY,N/A,INATTENTIVE OR LOST IN THOUGHT,MD,F7072962-B661-4829-848F-23BE8ACE2D1B,DISABLING,TWELVE OCLOCK,PASSENGER CAR,MOVING CONSTANT SPEED,North,30,2014,HYUNDAI
MCP3280004B,230070601,Montgomery County Police,Property Damage Crash,12/2/2023 0:00,OTHER,8BA4CE74-4D7E-463B-960C-28A85D5A72DD,Yes,NO APPARENT INJURY,N/A,UNKNOWN,,15FEB8F1-88DA-423C-B492-15969C0EF5A6,SUPERFICIAL,ELEVEN OCLOCK,PASSENGER CAR,PARKING,North,10,2007,TOYOTA
DM8494003D,230059136,Takoma Park Police Depart,Injury Crash,10/7/2023 15:52,SAME DIR REAR END,3218CA84-9F0A-4BDE-8009-04AD7495B9DC,No,NO APPARENT INJURY,N/A,NOT DISTRACTED,MD,F14C4E71-92F0-4C14-BEF9-B28C9C5AACA3,SUPERFICIAL,SIX OCLOCK,PASSENGER CAR,STARTING FROM LANE,North,35,2016,INFINITI
MCP3021006T,230054582,Montgomery County Police,Property Damage Crash,9/13/2023 10:00,SAME DIR REAR END,39D18F01-BE34-4C19-8932-C2479D3629F2,No,NO APPARENT INJURY,N/A,NOT DISTRACTED,MD,8E5B4C5F-7307-44D0-9933-75EAF151C606,DISABLING,SIX OCLOCK,PASSENGER CAR,STOPPED IN TRAFFIC LANE,South,50,2021,TESLA
EJ78660093,200042803,Gaithersburg Police Depar,Injury Crash,10/30/2020 13:30,HEAD ON LEFT TURN,503ED941-7BFC-4769-A77C-8FEB766411EF,No,POSSIBLE INJURY,N/A,NOT DISTRACTED,MD,EFB4D30D-F8C1-466C-AB07-12B41D5B3614,FUNCTIONAL,TWELVE OCLOCK,(SPORT) UTILITY VEHICLE,MOVING CONSTANT SPEED,South,25,2002,SUZI
MCP913000H7,230067237,Montgomery County Police,Property Damage Crash,11/19/2023 12:53,SAME DIRECTION RIGHT TURN,93C41A06-F216-48F9-8EDB-AFD2FA1C8B08,Yes,NO APPARENT INJURY,N/A,LOOKED BUT DID NOT SEE,MD,AB96C42F-E775-4A89-8132-2A006EB18984,FUNCTIONAL,ONE OCLOCK,(SPORT) UTILITY VEHICLE,MOVING CONSTANT SPEED,West,25,2014,TOYOTA
MCP22700020,230049408,Montgomery County Police,Property Damage Crash,8/14/2023 14:25,STRAIGHT MOVEMENT ANGLE,B12E3290-F9D4-45CD-8E8A-5B63CB58D481,No,NO APPARENT INJURY,N/A,NOT DISTRACTED,MD,44C41830-BB25-42C0-922B-99E5A0997007,DISABLING,EIGHT OCLOCK,POLICE VEHICLE/EMERGENCY,MOVING CONSTANT SPEED,West,30,2014,HOND
MCP3360000V,230052566,Montgomery County Police,Property Damage Crash,9/1/2023 7:51,SAME DIRECTION SIDESWIPE,580EEA53-0285-43BE-8B79-D7010D0AEFCE,Yes,NO APPARENT INJURY,N/A,NOT DISTRACTED,MD,4496E769-007C-43E1-B911-097ED67F23FA,SUPERFICIAL,EIGHT OCLOCK,SCHOOL BUS,MAKING LEFT TURN,North,35,2020,THMS
MCP26870043,230055358,Montgomery County Police,Property Damage Crash,9/17/2023 10:39,SAME DIRECTION SIDESWIPE,DAEDB75E-E3D8-400B-967A-A72C33FFC904,Yes,NO APPARENT INJURY,N/A,NOT DISTRACTED,MD,2D3C836C-0D78-4D11-B38F-BFC6DBD0720A,DISABLING,NINE OCLOCK,PASSENGER CAR,STARTING FROM LANE,North,25,2023,HYUNDAI
MCP295400DL,230049818,Montgomery County Police,Property Damage Crash,8/16/2023 18:46,OTHER,53B1C584-8487-4549-9A49-E1693E7D93E1,No,NO APPARENT INJURY,N/A,NOT DISTRACTED,MD,3646B45D-0469-4EC3-ADA1-341DB3CBCF7C,SUPERFICIAL,TWELVE OCLOCK,PASSENGER CAR,STOPPED IN TRAFFIC LANE,South,0,2015,HONDA
MCP3289002V,230065800,Montgomery County Police,Injury Crash,11/11/2023 15:00,STRAIGHT MOVEMENT ANGLE,ED7387E8-5E3E-4319-AB3E-79FC1B0CD368,No,NO APPARENT INJURY,N/A,NOT DISTRACTED,MD,7934C8D9-8088-4E0E-851D-081529E4A56A,SUPERFICIAL,TWELVE OCLOCK,PASSENGER CAR,MOVING CONSTANT SPEED,North,25,2016,SUBARU
MCP3339002P,230058004,Montgomery County Police,Injury Crash,10/2/2023 9:45,STRAIGHT MOVEMENT ANGLE,31B98223-1EFE-4D52-A920-7F9DBEE4D19F,No,SUSPECTED MINOR INJURY,N/A,NOT DISTRACTED,MD,190028F4-123C-4C48-B8E8-42186CA4C120,DESTROYED,NINE OCLOCK,VAN,MOVING CONSTANT SPEED,South,35,2017,CHRYSLEY
MCP3212003V,220048242,Montgomery County Police,Property Damage Crash,11/2/2022 14:51,OTHER,9CCAF41A-88EE-4F55-B577-63DCAF9AA084,No,NO APPARENT INJURY,N/A,NOT DISTRACTED,MD,7DDF1154-150F-46CF-9D24-7AEF2195EE58,FUNCTIONAL,EIGHT OCLOCK,PASSENGER CAR,PARKED,,10,2007,HOND
MCP91180045,230056023,Montgomery County Police,Property Damage Crash,9/20/2023 23:59,SAME DIRECTION SIDESWIPE,2B5101DC-A600-4867-9C13-FC90E40D3A7F,Yes,NO APPARENT INJURY,N/A,UNKNOWN,MD,49ACB856-738D-4FF4-9F69-1048DAB7458B,DISABLING,ONE OCLOCK,(SPORT) UTILITY VEHICLE,MOVING CONSTANT SPEED,West,30,2017,ACURA
MCP289200F9,230057945,Montgomery County Police,Injury Crash,10/1/2023 21:54,OTHER,57E1D45C-1D7D-468F-BAC2-9232D5ED9763,Yes,POSSIBLE INJURY,N/A,NOT DISTRACTED,MD,DFA5D571-D505-4D2E-AF2C-5410C74897D6,DISABLING,TWELVE OCLOCK,PASSENGER CAR,STARTING FROM PARKED,Unknown,0,2009,NISSAN
MCP9386009R,230066642,Montgomery County Police,Property Damage Crash,11/16/2023 9:15,SAME DIR REAR END,1C4F5AD9-B621-4116-A4B9-DD122888D7F0,Yes,NO APPARENT INJURY,N/A,UNKNOWN,MD,D5700B96-6E6F-4C4B-BB6A-1152DE0587EE,SUPERFICIAL,TWELVE OCLOCK,SCHOOL BUS,STOPPED IN TRAFFIC LANE,East,15,2016,THOMAS
MCP30910044,230057851,Montgomery County Police,Property Damage Crash,10/1/2023 12:46,STRAIGHT MOVEMENT ANGLE,D0C93750-176D-451B-8B84-CCFDC750EAB8,Yes,NO APPARENT INJURY,N/A,UNKNOWN,MD,A8F17174-D486-4B93-A386-DDD0E03270F3,FUNCTIONAL,TWELVE OCLOCK,PICKUP TRUCK,MOVING CONSTANT SPEED,South,40,2021,TOYOTA
MCP3279002S,230063482,Montgomery County Police,Injury Crash,10/30/2023 19:35,SAME DIR REAR END,A461CFE2-95EC-4D80-9B87-68DFD6926DA5,No,SUSPECTED MINOR INJURY,"N/A, WET",NOT DISTRACTED,MD,F58C49FE-8A3B-4A5E-89C1-6D882E7C8F1D,DISABLING,SIX OCLOCK,PASSENGER CAR,STOPPED IN TRAFFIC LANE,East,40,2020,GMC
MCP3136006G,230034724,Montgomery County Police,Property Damage Crash,7/21/2023 10:10,SAME DIRECTION SIDESWIPE,F0F85292-8C0B-4022-9551-5D725AE98FFD,No,NO APPARENT INJURY,N/A,NOT DISTRACTED,MD,59791C1E-6C68-4EE2-A026-1C418B399764,SUPERFICIAL,ONE OCLOCK,(SPORT) UTILITY VEHICLE,MOVING CONSTANT SPEED,South,35,2018,MAZD
EJ78750044,230064425,Gaithersburg Police Depar,Property Damage Crash,11/4/2023 17:27,SAME DIRECTION SIDESWIPE,4BD12BA3-FA4F-4580-84A0-FC0BCE1187FF,No,NO APPARENT INJURY,N/A,NOT DISTRACTED,MD,82383A40-C087-488D-839B-9DBD349575F3,SUPERFICIAL,TEN OCLOCK,TRANSIT BUS,STOPPED IN TRAFFIC LANE,South,30,2016,GILL
MCP2780007H,230071164,Montgomery County Police,Injury Crash,12/11/2023 18:30,STRAIGHT MOVEMENT ANGLE,37BB20D1-0D08-4E41-8892-49C1CF064DE1,No,POSSIBLE INJURY,N/A,NOT DISTRACTED,MD,82458D61-3D33-45CE-958A-1A518773E54A,FUNCTIONAL,TWELVE OCLOCK,PASSENGER CAR,MOVING CONSTANT SPEED,East,15,2009,HOND
MCP3362001V,230046331,Montgomery County Police,Property Damage Crash,7/25/2023 13:07,SAME DIR REAR END,AB8E4A0E-4E37-4651-B4DF-55576F56B371,Yes,NO APPARENT INJURY,"BACKUP DUE TO REGULAR CONGESTION, N/A",UNKNOWN,MD,DDEE4D40-56AA-4DBC-B5FB-A706E931D4EA,SUPERFICIAL,TWELVE OCLOCK,PASSENGER CAR,SLOWING OR STOPPING,West,55,2013,TOYOTA
MCP3300002L,230074431,Montgomery County Police,Property Damage Crash,12/31/2023 22:00,HEAD ON LEFT TURN,AA5FAE6A-9EBF-475D-BCE3-371D47F2D316,Yes,NO APPARENT INJURY,N/A,UNKNOWN,XX,D9D431FB-D6B8-4203-9344-9C6BFFEFAF33,DISABLING,TWELVE OCLOCK,PASSENGER CAR,MAKING LEFT TURN,West,40,2015,HONDA
MCP209400MV,230064842,Montgomery County Police,Property Damage Crash,11/7/2023 8:38,SAME DIR REAR END,99AFB2C6-5B7C-4FBA-A011-0B40DB12CFD8,No,NO APPARENT INJURY,N/A,NOT DISTRACTED,MD,D10F42B1-D794-44F5-9209-1B5EDCA23AF5,SUPERFICIAL,SIX OCLOCK,PASSENGER CAR,SLOWING OR STOPPING,North,40,2013,TESLA
MCP2892002W,170528066,Montgomery County Police,Injury Crash,8/31/2017 20:57,STRAIGHT MOVEMENT ANGLE,B65E925A-7A7B-49A8-BF68-C4A7436F6ED6,Yes,POSSIBLE INJURY,N/A,NOT DISTRACTED,MD,22334AB8-234F-4F8C-96E4-D48DD5049A7B,DISABLING,TWELVE OCLOCK,POLICE VEHICLE/EMERGENCY,MOVING CONSTANT SPEED,North,35,2013,HONDA
MCP3209004H,230067196,Montgomery County Police,Property Damage Crash,11/19/2023 19:08,SAME DIRECTION RIGHT TURN,7FDB8765-6A88-494B-86B8-C1CB36BC3FAE,No,NO APPARENT INJURY,N/A,NOT DISTRACTED,MD,D17188B0-491F-43C9-B5F7-A883D44CE728,SUPERFICIAL,EIGHT OCLOCK,PASSENGER CAR,MOVING CONSTANT SPEED,North,45,2016,BMW
MCP3230004M,230055274,Montgomery County Police,Property Damage Crash,9/16/2023 18:40,SAME DIR REAR END,BDCED71E-DDA0-49B1-8B64-6263395DED50,No,NO APPARENT INJURY,N/A,NOT DISTRACTED,MD,83BD242D-2237-4D6F-AF64-89D143A308DB,SUPERFICIAL,SIX OCLOCK,PASSENGER CAR,STOPPED IN TRAFFIC LANE,West,35,2021,TOYOYTA
MCP1378016N,230068046,Montgomery County Police,Injury Crash,11/24/2023 11:35,STRAIGHT MOVEMENT ANGLE,162667BF-A70A-46ED-BD84-8DCC6D4E8D9C,No,SUSPECTED MINOR INJURY,N/A,NOT DISTRACTED,MD,A0C55DF6-1842-4549-8B7B-10E5FFDC7EDA,DISABLING,TWELVE OCLOCK,PASSENGER CAR,ACCELERATING,East,35,2009,HONDA
EJ7888004S,230050416,Gaithersburg Police Depar,Property Damage Crash,8/20/2023 18:15,HEAD ON LEFT TURN,8FEF5483-CEAA-439D-8AEC-AD6D268D16C9,No,NO APPARENT INJURY,N/A,NOT DISTRACTED,MD,FA4744C7-6984-487D-877F-E7B9715A15B2,DISABLING,EIGHT OCLOCK,(SPORT) UTILITY VEHICLE,ACCELERATING,South,30,2007,MITS
MCP2782004S,230049980,Montgomery County Police,Injury Crash,8/17/2023 18:39,STRAIGHT MOVEMENT ANGLE,3B79C0DD-6A2B-4D51-A2F4-573A58792F71,No,NO APPARENT INJURY,N/A,NOT DISTRACTED,MD,DEE5E6D7-6EC2-4CF8-9097-32186463F506,DISABLING,TWELVE OCLOCK,(SPORT) UTILITY VEHICLE,MOVING CONSTANT SPEED,North,35,2020,CHEVROLET
EJ7885003P,230063613,Gaithersburg Police Depar,Injury Crash,10/31/2023 15:34,SAME DIRECTION SIDESWIPE,F8D90B1F-D15D-45C9-94DF-A5E790038309,Yes,POSSIBLE INJURY,N/A,UNKNOWN,MD,205A5A80-4897-4A72-8FAB-08CB4C8B6E91,FUNCTIONAL,THREE OCLOCK,PASSENGER CAR,MOVING CONSTANT SPEED,West,35,2017,NISS
MCP26080055,230046873,Montgomery County Police,Injury Crash,7/29/2023 21:11,SAME DIR REAR END,36E5BC34-7366-4AE7-90F7-0D42614307BD,Yes,NO APPARENT INJURY,N/A,NOT DISTRACTED,MD,C42A9160-39BD-4F04-B2E5-AB774219B3CE,DISABLING,TWELVE OCLOCK,PASSENGER CAR,MOVING CONSTANT SPEED,North,35,2014,HYUNDAI
DD5665001N,230064393,Rockville Police Departme,Property Damage Crash,11/4/2023 13:55,STRAIGHT MOVEMENT ANGLE,09674D8B-7CFE-4BAB-8C0E-88B5A9A4BC68,No,NO APPARENT INJURY,N/A,NOT DISTRACTED,MD,34A37BC1-9A03-4ABC-A9D6-DE3AF67A29A5,DISABLING,ONE OCLOCK,PASSENGER CAR,MOVING CONSTANT SPEED,South,40,2015,KIA
MCP3277003D,230073934,Montgomery County Police,Property Damage Crash,12/28/2023 5:09,SINGLE VEHICLE,E9AB4B4F-92BE-415A-ADA0-C9E72FC6AB7E,Yes,NO APPARENT INJURY,"RAIN, SNOW, WET",UNKNOWN,MD,EEA9F5A5-5C0A-49D6-B44A-4EEA0FDA2EF3,DISABLING,ELEVEN OCLOCK,PASSENGER CAR,SKIDDING,North,35,2015,CHRYSLER
MCP23390086,230022456,Montgomery County Police,Injury Crash,5/10/2023 17:01,OTHER,3660E464-4505-4A40-98FB-194428788196,Yes,NO APPARENT INJURY,N/A,UNKNOWN,MD,ED48113C-61B3-44F7-A2C9-63E41C14DA59,NO DAMAGE,TWELVE OCLOCK,PASSENGER CAR,MAKING RIGHT TURN,East,35,2018,TOYOTA
MCP3372001B,230054287,Montgomery County Police,Property Damage Crash,9/11/2023 17:08,STRAIGHT MOVEMENT ANGLE,F4C1BE7C-673A-433A-9CE1-66EE1D383165,Yes,NO APPARENT INJURY,N/A,UNKNOWN,,E3D45577-265B-4F31-9C3D-454BB4703548,FUNCTIONAL,ELEVEN OCLOCK,PASSENGER CAR,MAKING RIGHT TURN,West,25,2018,TOYOTA
MCP28880027,230070696,Montgomery County Police,Property Damage Crash,12/8/2023 21:05,SAME DIRECTION SIDESWIPE,9F37F7BE-7DC6-4909-A5DD-55874E1B5221,Yes,NO APPARENT INJURY,N/A,UNKNOWN,,1A02FC0C-A4B9-4A6F-8FDD-D3C7D7DDB8F8,UNKNOWN,TWO OCLOCK,(SPORT) UTILITY VEHICLE,MOVING CONSTANT SPEED,West,40,2005,GMC
MCP33420014,230047708,Montgomery County Police,Injury Crash,8/3/2023 21:28,SAME DIR REAR END,FB339A06-DD87-4A0D-AC95-468E89A30049,Yes,NO APPARENT INJURY,"RAIN, SNOW, WET",NOT DISTRACTED,NJ,669B8908-76C1-4DCC-8655-B0B6213B88DE,DISABLING,TWELVE OCLOCK,PASSENGER CAR,MOVING CONSTANT SPEED,North,25,2011,HYUND