Report Number,Local Case Number,Agency Name,ACRS Report Type,Crash Date/Time,Collision Type,Person ID,Driver At Fault,Injury Severity,Circumstance,Driver Distracted By,Drivers License State,Vehicle ID,Vehicle Damage Extent,Vehicle First Impact Location,Vehicle Body Type,Vehicle Movement,Vehicle Going Dir,Speed Limit,Vehicle Year,Vehicle Make
MCP9301004T,230064531,Montgomery County Police,Injury Crash,11/5/2023 12:00,STRAIGHT MOVEMENT ANGLE,C645E52E-60E4-40DA-890A-51434927D426,Yes,NO APPARENT INJURY,N/A,NOT DISTRACTED,MD,E5092346-1FA4-46EB-A797-F0724CBA6EBA,SUPERFICIAL,TWELVE OCLOCK,PICKUP TRUCK,MOVING CONSTANT SPEED,West,30,2004,FORD
MCP2846008Y,230034257,Montgomery County Police,Injury Crash,7/18/2023 20:10,OTHER,A26DDB54-4D10-4A35-8D9E-C13BCFB5DDF6,No,SUSPECTED MINOR INJURY,N/A,NOT DISTRACTED,MD,99AD6D25-2626-4F6A-854E-DB77D4FD140A,DESTROYED,TWELVE OCLOCK,PASSENGER CAR,ACCELERATING,West,35,2012,TOYT
MCP2203007W,230072570,Montgomery County Police,Property Damage Crash,12/19/2023 14:05,SAME DIR REAR END,E8772460-96EC-47ED-93E5-FEF69CC61895,Yes,NO APPARENT INJURY,N/A,NOT DISTRACTED,MD,948EF412-E710-4CF6-AA4F-2F098F6E3A5D,SUPERFICIAL,TWELVE OCLOCK,OTHER,SLOWING OR STOPPING,North,25,2000,FORD
MCP21070047,230053641,Montgomery County Police,Injury Crash,9/7/2023 12:49,STRAIGHT MOVEMENT ANGLE,D9D8D0D1-3191-4BAF-931C-F2D539E8DB98,No,POSSIBLE INJURY,N/A,NOT DISTRACTED,MD,22C24EE5-39AA-473B-BA10-C089BDEBF73F,DISABLING,NINE OCLOCK,PASSENGER CAR,MOVING CONSTANT SPEED,North,35,2022,TOYOTA
MCP271700Y0,230058107,Montgomery County Police,Injury Crash,10/2/2023 15:30,SAME DIRECTION SIDESWIPE,337C0436-7B3C-44D3-A1CB-AB34F206DD0D,No,SUSPECTED MINOR INJURY,N/A,NOT DISTRACTED,MD,AC1785A1-67D4-4275-B7E9-E7E8CBB38908,DISABLING,ONE OCLOCK,PICKUP TRUCK,MOVING CONSTANT SPEED,South,55,2017,CHEVROLT
MCP20470052,230056941,Montgomery County Police,Property Damage Crash,9/26/2023 11:23,HEAD ON LEFT TURN,9807C9D5-E130-411E-9574-5DE0665861CF,Yes,NO APPARENT INJURY,"N/A, WET",LOOKED BUT DID NOT SEE,MD,3C21991C-FEF2-473E-BD69-F0058B7D9DA0,SUPERFICIAL,TEN OCLOCK,"MEDIUM/HEAVY TRUCKS 3 AXLES (OVER 10,000LBS (4,536KG))",MAKING LEFT TURN,West,25,2013,ISUZU
MCP30080043,230065492,Montgomery County Police,Injury Crash,11/10/2023 0:01,STRAIGHT MOVEMENT ANGLE,3A071662-1452-4BCF-ADC8-FB44407772FD,No,POSSIBLE INJURY,N/A,UNKNOWN,MD,511BB844-2448-4D2E-8BE5-DA6E599BDD5A,FUNCTIONAL,TWELVE OCLOCK,PASSENGER CAR,MOVING CONSTANT SPEED,West,30,2010,NISSAN
MCP30940035,230046057,Montgomery County Police,Injury Crash,7/25/2023 17:59,SAME DIR REAR END,FAD52601-44A2-45BD-92EE-8EE227278C26,No,NO APPARENT INJURY,N/A,NOT DISTRACTED,MD,E089A91F-40D0-43C2-A3A8-4C9FD576D365,FUNCTIONAL,SIX OCLOCK,PASSENGER CAR,STOPPED IN TRAFFIC LANE,North,35,2008,TOYOTA
MCP2055003G,220055666,Montgomery County Police,Property Damage Crash,12/16/2022 9:40,SAME DIR REAR END,762AE2BD-BE65-4B28-A756-CF60B118F74B,Yes,NO APPARENT INJURY,N/A,UNKNOWN,MD,18770DBF-DF1A-4555-8098-721A616B069D,NO DAMAGE,TWELVE OCLOCK,PASSENGER CAR,SLOWING OR STOPPING,East,45,2002,CHRYSLER
MCP33730019,230049683,Montgomery County Police,Injury Crash,8/16/2023 1:22,STRAIGHT MOVEMENT ANGLE,29778879-28BF-4BD9-9AB7-0F86B6EB1A0F,Yes,SUSPECTED MINOR INJURY,N/A,UNKNOWN,IN,57C33A10-DF3F-4A45-8FDF-34E2E2392C58,DISABLING,ONE OCLOCK,PASSENGER CAR,MOVING CONSTANT SPEED,West,30,2021,BMW
MCP33040017,230055398,Montgomery County Police,Property Damage Crash,9/16/2023 21:05,SAME DIR REND RIGHT TURN,68C4616F-0ABC-410F-8020-007BFE9216F5,Yes,NO APPARENT INJURY,N/A,LOOKED BUT DID NOT SEE,MD,6794C8BD-A914-40DD-A20A-DF1814CB5F3F,NO DAMAGE,TWELVE OCLOCK,PASSENGER CAR,SLOWING OR STOPPING,South,25,2019,MAZDA
DM85030010,230059593,Takoma Park Police Depart,Property Damage Crash,10/10/2023 8:05,OTHER,7AFA0FB4-745F-4F13-B762-8EFEE8DF6846,No,NO APPARENT INJURY,N/A,NOT DISTRACTED,MD,AD433528-6854-4154-9FF0-C4C1694C0688,DISABLING,THREE OCLOCK,PASSENGER CAR,MOVING CONSTANT SPEED,East,25,2006,TOYOTA
MCP3170003Q,230071137,Montgomery County Police,Injury Crash,12/11/2023 16:31,SAME DIR REAR END,E0A10E3B-C3A8-4FCD-AD2D-7B12DDE40787,No,NO APPARENT INJURY,N/A,NOT DISTRACTED,MD,1F20C45A-0363-450D-88F2-80ED1C207B0F,NO DAMAGE,SIX OCLOCK,PASSENGER CAR,STOPPED IN TRAFFIC LANE,West,35,2020,TOYT
MCP14980002,200013264,Montgomery County Police,Property Damage Crash,3/19/2020 8:30,OTHER,7073FE7D-0092-4AD9-AD5B-A065B062324D,Yes,NO APPARENT INJURY,N/A,UNKNOWN,,967F99A0-DC33-4622-8728-BFE36FCE4380,UNKNOWN,UNKNOWN,,UNKNOWN,South,0,0,UNKNOWN
MCP3207003Q,230073857,Montgomery County Police,Injury Crash,12/27/2023 15:17,STRAIGHT MOVEMENT ANGLE,83903612-3E61-47A0-B473-EF4ACE9ABD78,Yes,NO APPARENT INJURY,"RAIN, SNOW, WET",NOT DISTRACTED,MD,D6191B82-3AFE-4B88-8CEC-BC132E6BD8C8,DISABLING,TEN OCLOCK,PASSENGER CAR,MAKING RIGHT TURN,South,40,2019,NISSAN
MCP302600C8,230073285,Montgomery County Police,Property Damage Crash,12/23/2023 10:14,SAME DIRECTION LEFT TURN,512DCFFD-63B0-428F-A3A3-7673A6626DA1,Yes,NO APPARENT INJURY,N/A,NOT DISTRACTED,MD,3F0B5132-EC5D-4434-A174-AABE5354F99E,FUNCTIONAL,SIX OCLOCK,PASSENGER CAR,SLOWING OR STOPPING,South,35,2015,TOYOTA
MCP3220004G,230069349,Montgomery County Police,Property Damage Crash,12/1/2023 16:34,SAME DIR REAR END,49DB4B56-5A9A-450A-A4A0-78B8BAA0F2B6,No,NO APPARENT INJURY,"RAIN, SNOW, WET",NOT DISTRACTED,MD,05130BFF-5F6E-4065-9E7D-33232B4C8E38,FUNCTIONAL,SIX OCLOCK,PASSENGER CAR,SLOWING OR STOPPING,South,35,2023,HOND
MCP2564003P,230057048,Montgomery County Police,Property Damage Crash,9/26/2023 18:50,OTHER,C2DB1B98-0F97-4202-90E2-C2B3B9DFD2C3,No,NO APPARENT INJURY,N/A,NOT DISTRACTED,MD,D78249BA-D976-4B2F-9F7F-E473F95BFB0A,SUPERFICIAL,SEVEN OCLOCK,(SPORT) UTILITY VEHICLE,PARKED,,25,2016,FORD
MCP2931005J,210042848,Montgomery County Police,Injury Crash,10/24/2021 19:55,SINGLE VEHICLE,44B187D8-2B6B-4420-807A-DF0155A2278D,Yes,POSSIBLE INJURY,N/A,INATTENTIVE OR LOST IN THOUGHT,MD,25FC5797-DD4B-4753-9166-9182FE3BB53A,FUNCTIONAL,TWELVE OCLOCK,PASSENGER CAR,ACCELERATING,Unknown,0,2009,HOND
MCP3053006V,230059423,Montgomery County Police,Property Damage Crash,10/9/2023 10:28,SAME DIR REAR END,A785B309-B027-4683-BE0F-7C70C3E1BC01,No,NO APPARENT INJURY,N/A,NOT DISTRACTED,MD,F94BA4EE-2F56-448B-934F-D582C246FB20,FUNCTIONAL,SEVEN OCLOCK,OTHER,MOVING CONSTANT SPEED,North,20,2019,MAKE
MCP1400001J,230064456,Montgomery County Police,Property Damage Crash,11/4/2023 17:30,SAME DIRECTION SIDESWIPE,795F5471-7442-46F2-A016-028892AC4023,No,NO APPARENT INJURY,N/A,NOT DISTRACTED,MD,83707607-95C5-481F-9C23-B1D396F82EB1,FUNCTIONAL,ELEVEN OCLOCK,PASSENGER CAR,ACCELERATING,West,30,2017,TOYOTA
MCP32770035,230050582,Montgomery County Police,Property Damage Crash,8/21/2023 17:32,STRAIGHT MOVEMENT ANGLE,81F87048-013D-4DA9-A049-B3633C100C89,No,NO APPARENT INJURY,N/A,NOT DISTRACTED,MD,5B48F196-7486-41C8-B0D1-261DBF714E10,FUNCTIONAL,TWELVE OCLOCK,PASSENGER CAR,MOVING CONSTANT SPEED,North,35,2016,SUBA
MCP3200009V,230065569,Montgomery County Police,Injury Crash,11/10/2023 11:24,OTHER,38FAC474-C36C-44CF-9898-5B551DA2EDE3,Yes,NO APPARENT INJURY,"RAIN, SNOW, WET",UNKNOWN,CA,561C57F7-72EF-4353-86CB-790227E8B7C4,DISABLING,TWELVE OCLOCK,PASSENGER CAR,MAKING LEFT TURN,South,35,2011,NISSAN
MCP3256002R,230073573,Montgomery County Police,Injury Crash,12/25/2023 18:26,SAME DIR REAR END,5121A894-8A45-4AFA-876D-55E06229B0D9,No,NO APPARENT INJURY,N/A,NOT DISTRACTED,MD,2077DD69-7664-48A7-91A4-00E586DE972B,FUNCTIONAL,SIX OCLOCK,PASSENGER CAR,STOPPED IN TRAFFIC LANE,North,55,2018,HONDA
DD5660000X,230070671,Rockville Police Departme,Property Damage Crash,12/8/2023 17:58,HEAD ON LEFT TURN,CF965E5F-307B-4440-8040-0CDF56DA52A0,No,NO APPARENT INJURY,N/A,NOT DISTRACTED,MD,82691218-5076-4616-AE6B-B26E52D5D4CF,NO DAMAGE,TWELVE OCLOCK,PASSENGER CAR,MOVING CONSTANT SPEED,South,35,2017,NISSAN
EJ78370077,230062318,Gaithersburg Police Depar,Injury Crash,10/24/2023 14:00,ANGLE MEETS RIGHT TURN,AA521CD2-B6D8-49F4-A99F-ADE0A18CAE2F,Unknown,POSSIBLE INJURY,N/A,NOT DISTRACTED,MD,6E91AD2E-CBAB-4E81-95C4-B90EFC38158C,DISABLING,TWELVE OCLOCK,PASSENGER CAR,STARTING FROM LANE,East,30,2017,TOYOTA
MCP29620087,230056616,Montgomery County Police,Property Damage Crash,9/24/2023 12:16,HEAD ON LEFT TURN,8D1CD884-14EA-4A6E-BEDE-CD1E344329B9,No,NO APPARENT INJURY,"RAIN, SNOW, WET",NOT DISTRACTED,MD,C0EAF6EE-5AB1-46A8-8035-47AC078254C1,FUNCTIONAL,EIGHT OCLOCK,PICKUP TRUCK,MOVING CONSTANT SPEED,South,35,2022,TOYOTA
EJ7781004C,230051272,Gaithersburg Police Depar,Injury Crash,8/25/2023 12:50,HEAD ON LEFT TURN,5AFB0F81-0054-4023-88C5-97CF7B520963,Yes,NO APPARENT INJURY,N/A,NOT DISTRACTED,MD,66EF67A9-C6E8-4DA6-90C3-E360C85E4D04,FUNCTIONAL,TWELVE OCLOCK,PASSENGER CAR,MAKING LEFT TURN,North,25,2013,TOYT
MCP24320011,230052716,Montgomery County Police,Injury Crash,9/1/2023 21:48,STRAIGHT MOVEMENT ANGLE,0F1F3BA4-EC6D-4ADA-A5A1-8D3361C3CF61,No,SUSPECTED MINOR INJURY,N/A,NOT DISTRACTED,MD,C1CD33E4-28EA-4F1F-8CB4-8FB6A4C1C837,DISABLING,EIGHT OCLOCK,PASSENGER CAR,MOVING CONSTANT SPEED,North,35,2011,KIA
MCP2396000Y,15051731,MONTGOMERY,Injury Crash,10/12/2015 13:34,SAME DIR REAR END,8252B6AB-736F-45C6-806E-BCBA68247AEC,No,SUSPECTED MINOR INJURY,N/A,NOT DISTRACTED,MD,A0B3CD53-952B-47E8-AB74-ACB28D77EFC9,SUPERFICIAL,SIX OCLOCK,VAN,PARKED,,5,2009,HONDA
MCP2875007K,230048973,Montgomery County Police,Injury Crash,8/11/2023 17:50,HEAD ON,7EAA83AF-372A-4A5F-B36F-AA1079ACE63D,Yes,SUSPECTED SERIOUS INJURY,N/A,NOT DISTRACTED,MD,94F73F6E-0EAB-45CB-A075-CE1E70BD3728,DESTROYED,TWELVE OCLOCK,(SPORT) UTILITY VEHICLE,MOVING CONSTANT SPEED,South,50,2013,HONDA
MCP2598004F,230052652,Montgomery County Police,Property Damage Crash,9/1/2023 14:44,SAME DIR REAR END,2F76DE46-CD0D-4088-A749-4F456B0398F8,Yes,NO APPARENT INJURY,N/A,NOT DISTRACTED,MD,4FF1DE24-D9B2-4AE3-B108-E70EB0C4B5D4,FUNCTIONAL,TWELVE OCLOCK,SCHOOL BUS,SLOWING OR STOPPING,South,40,2020,THMS
MCP2776004Z,230066738,Montgomery County Police,Property Damage Crash,11/16/2023 16:04,SAME DIRECTION RIGHT TURN,18722CB8-8E4F-4C68-A4C7-4803A0F5DA78,No,NO APPARENT INJURY,N/A,NOT DISTRACTED,MD,BCCD3546-64AF-43D1-B33F-5986FFE48533,FUNCTIONAL,TEN OCLOCK,(SPORT) UTILITY VEHICLE,STOPPED IN TRAFFIC LANE,North,30,2018,NISS
MCP285900DS,230052761,Montgomery County Police,Property Damage Crash,9/2/2023 9:20,STRAIGHT MOVEMENT ANGLE,8BB62EE3-A335-4BD1-8D4F-2DD109621B20,Yes,NO APPARENT INJURY,N/A,UNKNOWN,MD,F622EFB6-16AB-4B58-A995-3BACE99E859F,DISABLING,FOUR OCLOCK,PASSENGER CAR,MOVING CONSTANT SPEED,North,40,2015,HYUN
MCP3199005D,230035027,Montgomery County Police,Property Damage Crash,7/23/2023 3:30,STRAIGHT MOVEMENT ANGLE,5150E943-1C6D-4450-907F-D734E04712AF,No,NO APPARENT INJURY,N/A,NOT DISTRACTED,MD,F47D10A5-9EDD-46A1-B592-CDBD7A5882F0,DISABLING,FIVE OCLOCK,(SPORT) UTILITY VEHICLE,MAKING U TURN,North,25,2023,KIA
MCP32000091,230050062,Montgomery County Police,Injury Crash,8/18/2023 9:06,STRAIGHT MOVEMENT ANGLE,28DA7C0A-41E9-4BDB-A132-BDD911E03F98,Yes,SUSPECTED MINOR INJURY,N/A,UNKNOWN,MD,41995983-F7C0-4614-9937-67B729DF31AD,DISABLING,NINE OCLOCK,(SPORT) UTILITY VEHICLE,STARTING FROM LANE,West,20,2017,JEEP
MCP31880009,190013489,Montgomery County Police,Injury Crash,3/23/2019 21:33,OTHER,5C359508-BFE5-4816-ADB8-271D54A65D00,No,POSSIBLE INJURY,N/A,UNKNOWN,MD,1693FE8D-49D6-47CE-AEC2-7BDE6577448D,DISABLING,SIX OCLOCK,VAN,MOVING CONSTANT SPEED,North,35,2013,TOYOTA
MCP292300B2,230059118,Montgomery County Police,Injury Crash,10/7/2023 13:52,OTHER,02D7FF38-9CF5-4A0A-90F5-FE44268C9513,Yes,NO APPARENT INJURY,N/A,LOOKED BUT DID NOT SEE,MD,F7EF4643-A945-4BD2-8EA2-9C176E920070,SUPERFICIAL,TWELVE OCLOCK,(SPORT) UTILITY VEHICLE,MAKING RIGHT TURN,West,25,2012,LEXUS
MCP209400ML,230052126,Montgomery County Police,Property Damage Crash,8/24/2023 15:30,SAME DIR REAR END,712E2D58-F798-4F3B-80D7-13F700758062,No,NO APPARENT INJURY,N/A,NOT DISTRACTED,MD,451941C8-9C7F-4D94-A7D0-DF10D43CAAF5,SUPERFICIAL,SIX OCLOCK,PASSENGER CAR,STOPPED IN TRAFFIC LANE,Unknown,0,2018,TOYOTA
MCP2534004T,230051416,Montgomery County Police,Injury Crash,8/26/2023 3:15,SINGLE VEHICLE,C1B869C7-99E0-468F-8929-ACF1D7C2FF44,Yes,SUSPECTED MINOR INJURY,N/A,NOT DISTRACTED,MD,544CE1C3-F398-49DC-B8A0-F122DEB0857F,DESTROYED,UNDERSIDE,PASSENGER CAR,MOVING CONSTANT SPEED,East,35,2018,CHEVROLET
MCP29680053,230058048,Montgomery County Police,Property Damage Crash,10/2/2023 12:03,SAME DIR REAR END,BF96DFA9-5CEC-48BF-A2C6-9EF4FFBC0D14,No,NO APPARENT INJURY,N/A,NOT DISTRACTED,MD,38AAAED6-ADE3-4DE9-96FD-0E4811905D43,FUNCTIONAL,SIX OCLOCK,PASSENGER CAR,MOVING CONSTANT SPEED,East,40,2016,FORD
MCP31930052,230067312,Montgomery County Police,Property Damage Crash,11/19/2023 15:20,SAME DIR REAR END,0886B436-FC00-41C2-A150-635A9B7809A5,Yes,NO APPARENT INJURY,N/A,OTHER DISTRACTION,MD,443DDE74-B12B-44F1-84B5-7DA531790696,DISABLING,TWELVE OCLOCK,PASSENGER CAR,MOVING CONSTANT SPEED,South,25,2008,MAZDA
MCP3259003D,230055970,Montgomery County Police,Property Damage Crash,9/20/2023 16:30,SAME DIRECTION SIDESWIPE,3469654F-3193-434C-A2E3-ECC5219E4664,Yes,NO APPARENT INJURY,N/A,UNKNOWN,,600DB518-A807-4968-A669-8FF25505CAA1,UNKNOWN,UNKNOWN,PASSENGER CAR,PASSING,North,35,2014,HONDA
MCP3378000N,230054661,Montgomery County Police,Injury Crash,9/13/2023 16:40,SAME DIR REAR END,41C36358-E9F0-442C-B4E4-D9B408163045,Yes,NO APPARENT INJURY,N/A,INATTENTIVE OR LOST IN THOUGHT,MD,BA8EFDA5-AD55-44F3-8BEF-1DE60346A3F8,DISABLING,TWELVE OCLOCK,PASSENGER CAR,MOVING CONSTANT SPEED,South,45,2021,TOYT
MCP2203007L,230062061,Montgomery County Police,Property Damage Crash,10/23/2023 8:20,SAME DIRECTION SIDESWIPE,7927DB14-FAE0-410E-8CA9-858C7B4EDC5A,Yes,NO APPARENT INJURY,N/A,NOT DISTRACTED,DC,51EEC543-7DAE-4E98-B941-BB0203C2E74F,FUNCTIONAL,TWELVE OCLOCK,(SPORT) UTILITY VEHICLE,CHANGING LANES,North,15,2015,SUBARU
MCP304800BG,230034928,Montgomery County Police,Property Damage Crash,7/22/2023 15:40,SAME DIRECTION SIDESWIPE,84D57709-3373-43F9-903C-131F334FA17E,Unknown,NO APPARENT INJURY,N/A,NOT DISTRACTED,MD,F567868A-4456-47D3-AB35-1E8467F18B85,FUNCTIONAL,TWO OCLOCK,PASSENGER CAR,MOVING CONSTANT SPEED,North,35,2014,CHEVROLET
MCP3262003T,230073905,Montgomery County Police,Property Damage Crash,12/27/2023 19:09,STRAIGHT MOVEMENT ANGLE,DAD60F3F-D8E6-4990-A3DA-DDCB897CD3C4,Yes,NO APPARENT INJURY,"N/A, WET",UNKNOWN,,D5E02568-C0DB-4756-AA82-88B04AC88842,FUNCTIONAL,TWELVE OCLOCK,PASSENGER CAR,ACCELERATING,West,5,2016,TOYOTA
MCP291700CG,230059841,Montgomery County Police,Property Damage Crash,10/11/2023 12:00,HEAD ON LEFT TURN,75F3734A-07B0-4C50-9658-92FBF4AABD63,Unknown,NO APPARENT INJURY,N/A,NOT DISTRACTED,MD,C3FB2E07-5DC1-49E5-8616-63E2FEE54FF6,SUPERFICIAL,TWELVE OCLOCK,PASSENGER CAR,MAKING LEFT TURN,South,35,2015,TOYOTA
MCP24560083,230069601,Montgomery County Police,Property Damage Crash,12/3/2023 11:00,STRAIGHT MOVEMENT ANGLE,3FB1BC51-0853-408F-A16A-80F2AE008861,No,NO APPARENT INJURY,"RAIN, SNOW, WET",NOT DISTRACTED,MD,94234CC9-1A85-40C9-AD93-5442FB03A69E,DISABLING,ONE OCLOCK,PASSENGER CAR,MOVING CONSTANT SPEED,West,60,2021,TOYT
MCP3361000V,230053405,Montgomery County Police,Property Damage Crash,9/6/2023 10:15,SINGLE VEHICLE,59D7CAC6-C20C-469F-9021-DFB0E0E0C47D,Yes,NO APPARENT INJURY,N/A,NOT DISTRACTED,MD,0BF02D76-0BE7-4064-8B27-6282E51D47F5,DISABLING,TWELVE OCLOCK,PASSENGER CAR,MOVING CONSTANT SPEED,East,35,2014,TOYOTA
DD5663000L,230073872,Rockville Police Departme,Injury Crash,12/27/2023 16:14,SAME DIRECTION RIGHT TURN,194875B4-7578-4326-9475-AC20D7A57E0F,Yes,NO APPARENT INJURY,N/A,NOT DISTRACTED,MD,1FF4484B-EC74-4532-A301-A7822829844F,SUPERFICIAL,ONE OCLOCK,FIRE VEHICLE/EMERGENCY,ACCELERATING,South,40,2009,CHEV
MCP28000062,230070869,Montgomery County Police,Property Damage Crash,12/10/2023 5:15,SAME DIR REAR END,C8F14516-7E1D-47E8-8E31-57CF3B8D4763,No,NO APPARENT INJURY,N/A,NOT DISTRACTED,XX,CD6DF4CD-145B-4DED-959F-D49E549ABF19,FUNCTIONAL,SEVEN OCLOCK,PASSENGER CAR,MOVING CONSTANT SPEED,South,40,2017,FORD
MCP33680019,230046353,Montgomery County Police,Injury Crash,7/25/2023 10:00,HEAD ON LEFT TURN,49FD8E77-F98A-4A27-BC53-E35B6A9E343A,Yes,POSSIBLE INJURY,N/A,UNKNOWN,MD,D6D31CF9-2868-49FC-AC12-F8143DDD8BD7,DISABLING,ONE OCLOCK,PASSENGER CAR,MAKING LEFT TURN,North,35,2020,CHEVY
MCP2552006H,230057765,Montgomery County Police,Injury Crash,9/30/2023 21:10,OTHER,40806B05-6D01-4952-9427-C158B3BDCEC1,Yes,SUSPECTED MINOR INJURY,N/A,NOT DISTRACTED,MD,E791BE1B-47A4-4FEA-BF7C-00334AA162B2,DISABLING,TWELVE OCLOCK,PASSENGER CAR,MOVING CONSTANT SPEED,North,35,2016,NISSAN
DD5567001D,230064710,Rockville Police Departme,Property Damage Crash,11/6/2023 13:56,HEAD ON LEFT TURN,A7D92AFF-4E31-4876-ABF9-AFE3CB07EC85,Yes,NO APPARENT INJURY,N/A,UNKNOWN,MD,6274D716-15BE-4E1D-BCCD-632231A8EBAA,DISABLING,THREE OCLOCK,PASSENGER CAR,MAKING LEFT TURN,North,40,2019,INFI
MCP26830064,220044357,Montgomery County Police,Property Damage Crash,10/10/2022 21:01,HEAD ON LEFT TURN,F3D3F1C2-FB5D-4D76-8ECA-6E2BED4313FF,Unknown,NO APPARENT INJURY,N/A,NOT DISTRACTED,MD,BD3115DA-D2EC-4787-B5EA-E63019FDFCC7,DISABLING,TWELVE OCLOCK,PASSENGER CAR,MOVING CONSTANT SPEED,South,35,2012,NISSAN
MCP3356000L,230046543,Montgomery County Police,Property Damage Crash,7/27/2023 23:25,SINGLE VEHICLE,2AF20C26-C44D-40D9-91B6-C065E3F16D6A,Yes,NO APPARENT INJURY,N/A,INATTENTIVE OR LOST IN THOUGHT,MD,C4BFDA19-BD81-479A-8207-F4BAFEE08CC7,DISABLING,ONE OCLOCK,PASSENGER CAR,MOVING CONSTANT SPEED,North,45,2012,TOYOTA
MCP3292001T,230056555,Montgomery County Police,Property Damage Crash,9/23/2023 23:21,SAME DIR REAR END,6703B8B3-EC59-45EE-9557-C99B4AF096D1,Yes,NO APPARENT INJURY,"RAIN, SNOW, WET",LOOKED BUT DID NOT SEE,MD,F6767B0F-962A-4DA2-8EF7-C5ED3966F3A0,DISABLING,SIX OCLOCK,PASSENGER CAR,SLOWING OR STOPPING,North,55,2023,KIA
MCP2899006Q,230046550,Montgomery County Police,Property Damage Crash,7/28/2023 0:50,SINGLE VEHICLE,2B54011A-054B-4B72-AE7D-D4C1F015309F,Yes,NO APPARENT INJURY,N/A,NOT DISTRACTED,MD,C0544868-4A90-48F3-9F34-1669C21B60F8,DISABLING,SEVEN OCLOCK,PASSENGER CAR,MOVING CONSTANT SPEED,West,30,2021,MAZDA
MCP3289002Q,230061818,Montgomery County Police,Property Damage Crash,10/21/2023 13:45,SAME DIRECTION RIGHT TURN,0CD75ABF-68A3-4D6B-B147-CC69FD85E798,No,NO APPARENT INJURY,N/A,NOT DISTRACTED,MH,5469CCC1-F046-46E1-9712-32CB468A5D7A,SUPERFICIAL,SIX OCLOCK,PASSENGER CAR,STOPPED IN TRAFFIC LANE,East,25,2018,TOYOTA
MCP2859006T,190017971,Montgomery County Police,Injury Crash,4/17/2019 13:00,SAME DIRECTION SIDESWIPE,1E5AE99D-442E-4C2D-B031-7433CB361507,No,NO APPARENT INJURY,N/A,NOT DISTRACTED,MD,F014CD1F-35C3-4D88-AFB2-5BC4E6D57C8A,DISABLING,ONE OCLOCK,PASSENGER CAR,MOVING CONSTANT SPEED,West,40,2018,HOND
MCP2906003C,230058514,Montgomery County Police,Injury Crash,10/4/2023 16:00,STRAIGHT MOVEMENT ANGLE,9C5A7D5C-9ECD-4255-9216-AA759CE334CC,No,SUSPECTED MINOR INJURY,N/A,NOT DISTRACTED,MD,97C9D9BE-E8F7-4A31-9ABB-23E25C89E61F,FUNCTIONAL,NINE OCLOCK,PASSENGER CAR,MOVING CONSTANT SPEED,South,25,2019,MITS
EJ78370076,2300139854,Gaithersburg Police Depar,Injury Crash,10/10/2023 12:30,SAME DIR REAR END,15ADE94E-3A23-4A75-B68B-5855D52ACB9C,Yes,NO APPARENT INJURY,N/A,NOT DISTRACTED,MD,BE76B297-2F4E-49D5-9E78-DF0A67CB5E3A,NO DAMAGE,SIX OCLOCK,PASSENGER CAR,BACKING,South,15,2023,FORD
MCP2855004Y,230068748,Montgomery County Police,Injury Crash,11/28/2023 15:39,HEAD ON,BBD7DFB1-3256-43C9-8E24-2D51E88A331E,Yes,SUSPECTED MINOR INJURY,N/A,UNKNOWN,XX,55F73213-C28C-4D5D-993E-DFB326640E0C,DESTROYED,TWELVE OCLOCK,PASSENGER CAR,MOVING CONSTANT SPEED,South,40,1994,TOYT
MCP30510073,230062330,Montgomery County Police,Injury Crash,10/24/2023 14:49,SAME DIR REAR END,EA2525E4-6960-40F8-97DC-857FA956A9B3,Yes,SUSPECTED MINOR INJURY,N/A,OTHER DISTRACTION,MD,F21F1FF4-528F-4A1D-A2D5-C61264C78AE0,DISABLING,TWELVE OCLOCK,(SPORT) UTILITY VEHICLE,SLOWING OR STOPPING,East,35,2021,GMC
MCP31630068,230066160,Montgomery County Police,Property Damage Crash,11/13/2023 19:45,SAME DIRECTION SIDESWIPE,3C41B705-6D0B-4CBC-9326-1AA934C47819,No,NO APPARENT INJURY,N/A,NOT DISTRACTED,MD,48400150-4875-4900-8963-B4CF2446EEB2,SUPERFICIAL,TWO OCLOCK,(SPORT) UTILITY VEHICLE,MOVING CONSTANT SPEED,North,35,2012,LANDROVER
DD559500DX,230051500,Rockville Police Departme,Property Damage Crash,8/26/2023 15:32,OTHER,8206D0D7-0025-4F55-8FB1-BCACCA06EF60,Yes,NO APPARENT INJURY,N/A,NOT DISTRACTED,MD,3E505474-75F2-4CCE-B380-40459C9E9D3A,SUPERFICIAL,SEVEN OCLOCK,PASSENGER CAR,CHANGING LANES,South,25,2007,ACUR