Report Number,Local Case Number,Agency Name,ACRS Report Type,Crash Date/Time,Collision Type,Person ID,Driver At Fault,Injury Severity,Circumstance,Driver Distracted By,Drivers License State,Vehicle ID,Vehicle Damage Extent,Vehicle First Impact Location,Vehicle Body Type,Vehicle Movement,Vehicle Going Dir,Speed Limit,Vehicle Year,Vehicle Make
MCP2270002C,230061234,Montgomery County Police,Injury Crash,10/18/2023 12:30,ANGLE MEETS LEFT TURN,D1DF2C0C-2CE2-4739-9603-C826E48B0418,No,NO APPARENT INJURY,N/A,NOT DISTRACTED,PA,3F3F314D-DB15-4E0C-A45C-5BC3A0EECD79,FUNCTIONAL,TWELVE OCLOCK,TRUCK TRACTOR,MOVING CONSTANT SPEED,North,35,1997,FREIGHTLINER
MCP2965007P,230062830,Montgomery County Police,Property Damage Crash,10/27/2023 9:00,SAME DIR REND RIGHT TURN,ADA1BD60-4E0A-44A3-AFA8-F50505EEAF38,Yes,NO APPARENT INJURY,N/A,LOOKED BUT DID NOT SEE,MD,D9E2DE79-5D26-4C87-86CE-0899F47B42FF,DISABLING,TWELVE OCLOCK,PASSENGER CAR,SLOWING OR STOPPING,East,35,2006,TOYT
MCP29680053,230058048,Montgomery County Police,Property Damage Crash,10/2/2023 12:03,SAME DIR REAR END,0BD41F4B-EB38-41FF-937F-F2137B240961,Yes,NO APPARENT INJURY,N/A,LOOKED BUT DID NOT SEE,MD,62FAB859-0933-410F-B307-B98895BDC516,DISABLING,TWELVE OCLOCK,PASSENGER CAR,MOVING CONSTANT SPEED,East,40,2006,HOND
MCP3134004J,230050952,Montgomery County Police,Property Damage Crash,8/23/2023 18:22,STRAIGHT MOVEMENT ANGLE,4111D8CB-4EC8-4F68-94F3-E20A4F147508,Yes,NO APPARENT INJURY,N/A,LOOKED BUT DID NOT SEE,MD,AAB7B818-BB1D-4318-832D-84AACAF32A03,FUNCTIONAL,TWELVE OCLOCK,PASSENGER CAR,ACCELERATING,South,45,2003,TOYOTA
MCP3337001X,230057382,Montgomery County Police,Property Damage Crash,9/28/2023 20:03,SAME DIR REAR END,5721AC32-9093-4FAB-BF68-30627FDF717B,No,NO APPARENT INJURY,N/A,NOT DISTRACTED,,14007E11-39C9-4800-A17B-5B861B504531,FUNCTIONAL,SIX OCLOCK,,SLOWING OR STOPPING,North,30,0,UNKNOWN
MCP2871009B,230068115,Montgomery County Police,Property Damage Crash,11/24/2023 20:18,SAME DIR REAR END,719A6957-E27F-4F57-B123-196B81CEF5E1,Yes,NO APPARENT INJURY,N/A,INATTENTIVE OR LOST IN THOUGHT,MD,853D8F16-8B51-487E-B17E-CE5E81B33DBE,DISABLING,ONE OCLOCK,PASSENGER CAR,SLOWING OR STOPPING,South,35,2019,NISS
MCP1378015J,230054303,Montgomery County Police,Property Damage Crash,9/11/2023 18:31,SAME DIRECTION SIDESWIPE,E18806C7-15ED-4418-B754-C298828AB775,Yes,NO APPARENT INJURY,N/A,NOT DISTRACTED,MD,1E19DAD6-DB49-4C9B-9D2B-DCAD2CE3BDCA,SUPERFICIAL,EIGHT OCLOCK,TRANSIT BUS,MAKING LEFT TURN,East,30,2021,NEW FLYER
MCP3207003C,230048963,Montgomery County Police,Property Damage Crash,8/11/2023 16:15,STRAIGHT MOVEMENT ANGLE,9845E972-03B7-4021-A6BF-7ACE775801E8,Unknown,NO APPARENT INJURY,N/A,NOT DISTRACTED,,130D724C-238B-496D-8BAA-AF297DC17542,FUNCTIONAL,THREE OCLOCK,,MAKING LEFT TURN,West,50,0,UNKNOWN
MCP2667008Z,230073137,Montgomery County Police,Injury Crash,12/22/2023 13:00,SAME DIR REAR END,CFFB7252-6FC5-467B-96DD-178A68979C89,Yes,NO APPARENT INJURY,N/A,UNKNOWN,,40271F5E-F0B3-4B2E-A08B-9F947C810CBA,FUNCTIONAL,TWELVE OCLOCK,PASSENGER CAR,UNKNOWN,East,35,2009,HYUN
MCP3350002F,230072300,Montgomery County Police,Injury Crash,12/18/2023 5:56,STRAIGHT MOVEMENT ANGLE,FBB8B374-80AD-4A73-B931-FD05C97C8741,Yes,NO APPARENT INJURY,N/A,LOOKED BUT DID NOT SEE,MD,AAC07149-04F4-43EC-8400-F150D7604D0E,DISABLING,TWO OCLOCK,VAN,MAKING LEFT TURN,North,35,2015,FORD
MCP32670020,230056197,Montgomery County Police,Injury Crash,9/21/2023 21:45,SAME DIR REAR END,F69A143C-B4B6-4AA5-8182-2F3EBB1014AE,Yes,SUSPECTED MINOR INJURY,N/A,NOT DISTRACTED,MD,4F16622C-1392-4042-87B3-395DDF67F407,DISABLING,TWELVE OCLOCK,PASSENGER CAR,MOVING CONSTANT SPEED,West,35,2001,LEXUS
MCP3353001S,230062178,Montgomery County Police,Injury Crash,10/23/2023 17:13,SAME DIR REAR END,3B8756C5-53E8-40A5-86E1-8A1CFE555272,No,NO APPARENT INJURY,N/A,NOT DISTRACTED,MD,113CFCD4-4EC7-4E39-BBDB-AFEC462C606B,FUNCTIONAL,SIX OCLOCK,PASSENGER CAR,STOPPED IN TRAFFIC LANE,East,40,2009,HOND
MCP1022004H,16016401,Montgomery County Police,Injury Crash,4/4/2016 12:46,SAME DIR REAR END,77963BE8-0584-4842-9BFE-DC98C5D8ADA4,No,NO APPARENT INJURY,N/A,NOT DISTRACTED,MD,ED6F1DC9-4529-4D04-B89C-867D9CD2CA38,SUPERFICIAL,SIX OCLOCK,(SPORT) UTILITY VEHICLE,STOPPED IN TRAFFIC LANE,South,30,2009,LEXS
MCP29910029,180000973,Montgomery County Police,Property Damage Crash,1/7/2018 11:45,OTHER,9AF416E4-5263-440D-A166-979191DA3AAF,Yes,NO APPARENT INJURY,N/A,NOT DISTRACTED,VA,B68AE660-080E-4F21-9354-B33B97D9AD6E,DISABLING,TWELVE OCLOCK,PASSENGER CAR,ACCELERATING,West,40,2008,HONDA
MCP22910079,230068358,Montgomery County Police,Property Damage Crash,11/26/2023 14:40,SINGLE VEHICLE,83C46411-86CE-4770-8027-1AEAD80BD353,Yes,NO APPARENT INJURY,"RAIN, SNOW, WET",UNKNOWN,MD,992639A3-7A82-430B-8E39-3BCE5A2DB548,DISABLING,TWELVE OCLOCK,(SPORT) UTILITY VEHICLE,MOVING CONSTANT SPEED,North,35,2019,BUICK
MCP33170013,230035273,Montgomery County Police,Property Damage Crash,7/24/2023 17:29,HEAD ON LEFT TURN,473DDBAD-8E29-46AB-B17F-C2D1B4BC0D14,Yes,NO APPARENT INJURY,N/A,NOT DISTRACTED,MD,1B2194A7-67E0-4DC3-9858-3E1AA89797E8,DISABLING,TWELVE OCLOCK,(SPORT) UTILITY VEHICLE,MOVING CONSTANT SPEED,North,35,2016,TOYT
MCP3230004M,230055274,Montgomery County Police,Property Damage Crash,9/16/2023 18:40,SAME DIR REAR END,15AE73D6-9B55-4231-8C89-04355A4292FA,No,NO APPARENT INJURY,N/A,NOT DISTRACTED,MD,3BCEA638-D777-4A00-93C2-9C5646FCFAD7,DISABLING,SIX OCLOCK,PASSENGER CAR,STOPPED IN TRAFFIC LANE,West,35,2015,TOYOTA
MCP27030035,230057155,Montgomery County Police,Property Damage Crash,9/27/2023 14:49,SAME DIR REAR END,37904F5E-BAE9-499D-8B89-BE6B2E3B7009,Yes,NO APPARENT INJURY,N/A,UNKNOWN,DC,7ED3B3F3-87BA-446C-990A-9FE7A47CA5F5,DISABLING,TWELVE OCLOCK,PASSENGER CAR,MOVING CONSTANT SPEED,North,35,2011,BMW
MCP1378015V,230058957,Montgomery County Police,Injury Crash,10/6/2023 15:42,SAME DIR REAR END,0798C240-47E2-4A76-824F-A5CFE0BE6FDA,No,SUSPECTED MINOR INJURY,N/A,NOT DISTRACTED,MD,96DACAD9-7817-4BBE-A12E-9C50C180DA90,FUNCTIONAL,SIX OCLOCK,(SPORT) UTILITY VEHICLE,SLOWING OR STOPPING,East,40,2024,HONDA
EJ7852008P,230060366,Gaithersburg Police Depar,Property Damage Crash,10/12/2023 17:15,OTHER,F6E83945-D691-40B6-BF7A-971A4BF4C9BD,Yes,NO APPARENT INJURY,N/A,UNKNOWN,MD,6DBB5781-55AA-46AB-8036-8A03B45A1653,FUNCTIONAL,SIX OCLOCK,PASSENGER CAR,BACKING,Unknown,25,2012,TOYOTA
MCP289200F6,230053846,Montgomery County Police,Injury Crash,9/8/2023 17:26,HEAD ON LEFT TURN,08B1F0F1-05D0-442A-8049-9551C3BA308B,No,NO APPARENT INJURY,N/A,NOT DISTRACTED,MD,182D39BE-A4E7-4087-964F-10E2B3ABD180,FUNCTIONAL,TWELVE OCLOCK,PASSENGER CAR,MOVING CONSTANT SPEED,North,35,2017,HOND
MCP27030032,230054719,Montgomery County Police,Property Damage Crash,9/13/2023 21:00,SAME DIRECTION LEFT TURN,8942F5FB-4BD7-498A-84B4-54CDA6709D88,No,NO APPARENT INJURY,N/A,NOT DISTRACTED,MD,6B37F015-2628-4E28-8E08-9DC1C53AADAD,SUPERFICIAL,SIX OCLOCK,PASSENGER CAR,MOVING CONSTANT SPEED,North,30,2020,TOYOTA
MCP27710033,230072910,Montgomery County Police,Property Damage Crash,12/21/2023 9:55,SINGLE VEHICLE,F4E6F8E1-7388-4BF6-B873-CA2E999C31B8,No,NO APPARENT INJURY,"N/A, TRAFFIC CONTROL DEVICE INOPERATIVE",NOT DISTRACTED,MD,5291A6A3-9A3C-49A4-A888-58E0A2875A4C,DISABLING,ONE OCLOCK,PASSENGER CAR,MOVING CONSTANT SPEED,North,45,2013,FORD
MCP2816003R,230061733,Montgomery County Police,Property Damage Crash,10/20/2023 22:16,HEAD ON LEFT TURN,605F9F39-EF46-498C-81B0-DAE4EE902A03,Yes,NO APPARENT INJURY,"N/A, WET",INATTENTIVE OR LOST IN THOUGHT,MD,CDF59A30-0B63-4573-8E72-69F71F4F5348,FUNCTIONAL,ONE OCLOCK,PASSENGER CAR,MAKING LEFT TURN,South,35,2018,HONDA
MCP20590081,230064153,Montgomery County Police,Property Damage Crash,11/3/2023 8:00,STRAIGHT MOVEMENT ANGLE,D6667395-2D52-4720-89D3-3C2ED35CBCC9,No,NO APPARENT INJURY,N/A,NOT DISTRACTED,,058BCFDE-B2A5-45D5-8422-A3EA9FC4A1FE,SUPERFICIAL,SEVEN OCLOCK,(SPORT) UTILITY VEHICLE,SLOWING OR STOPPING,West,25,2016,SUBARU
MCP3262001Q,220014515,Montgomery County Police,Injury Crash,4/5/2022 16:29,HEAD ON,75F7AA49-17F0-4974-93B0-B025C7EB0D4F,Yes,NO APPARENT INJURY,"N/A, WET",OTHER DISTRACTION,MD,18A723C2-DDC4-4B9E-B9AB-B64E239278D5,DISABLING,TWELVE OCLOCK,PASSENGER CAR,CHANGING LANES,East,40,2007,TOYOTA
MCP3334001W,230064749,Montgomery County Police,Property Damage Crash,11/6/2023 16:13,SAME DIRECTION SIDESWIPE,FF234FD7-FC30-4D45-BCE7-4F62E892366D,No,NO APPARENT INJURY,N/A,NOT DISTRACTED,MD,BF77C3F3-E324-4E0B-83C1-BC3C08B5735C,FUNCTIONAL,TEN OCLOCK,TRANSIT BUS,MOVING CONSTANT SPEED,South,35,2020,NOVA
MCP2940006Q,230061555,Montgomery County Police,Property Damage Crash,10/20/2023 6:30,SAME DIRECTION SIDESWIPE,99B4FB09-B5E7-430D-B0BC-96FC7D8509BA,No,NO APPARENT INJURY,N/A,NOT DISTRACTED,MD,2160ABC4-3407-4C4F-8981-B478369A2F6C,FUNCTIONAL,EIGHT OCLOCK,SCHOOL BUS,MOVING CONSTANT SPEED,South,55,2024,THOMAS
MCP3305002N,230064613,Montgomery County Police,Property Damage Crash,11/6/2023 1:55,SAME DIR REAR END,453CDBFC-94D8-4323-B43E-45FAFD44A4F0,Yes,NO APPARENT INJURY,N/A,LOOKED BUT DID NOT SEE,MD,992BF9F5-2196-43B8-95EF-DDBCFCE9A4AB,DISABLING,TWELVE OCLOCK,PASSENGER CAR,MOVING CONSTANT SPEED,North,35,2016,NISSAN
MCP2385002X,230060599,Montgomery County Police,Property Damage Crash,10/15/2023 0:25,HEAD ON LEFT TURN,97AFAFC2-F8A8-4175-B5E2-A7AD93F189BD,Yes,NO APPARENT INJURY,"N/A, RAIN, SNOW",NOT DISTRACTED,MD,F87B6912-E67E-4AD4-89FE-F184834126ED,FUNCTIONAL,ONE OCLOCK,(SPORT) UTILITY VEHICLE,MAKING LEFT TURN,East,40,2009,BUICK
DM85030010,230059593,Takoma Park Police Depart,Property Damage Crash,10/10/2023 8:05,OTHER,F1466BE1-F4CB-4642-9D92-D69F1EE0FCA5,Yes,NO APPARENT INJURY,N/A,UNKNOWN,MD,6F840EEA-F17A-421D-9802-3B483DFEE4A9,DISABLING,TWELVE OCLOCK,PASSENGER CAR,MOVING CONSTANT SPEED,North,35,2013,HONDA
MCP2991008P,230058222,Montgomery County Police,Injury Crash,10/3/2023 7:30,HEAD ON LEFT TURN,2F4C2DC4-6B81-4437-A4B8-BC62A326D85B,No,NO APPARENT INJURY,N/A,NOT DISTRACTED,MD,544773BB-1DD0-4326-9EAE-50F26F4436AC,DISABLING,TWELVE OCLOCK,OTHER,MOVING CONSTANT SPEED,West,35,2002,FORD
MCP1205009Q,230056603,Montgomery County Police,Injury Crash,9/24/2023 10:49,SAME DIR REAR END,5D237EFF-2C26-447F-89A1-530CEFEC8DB4,Yes,NO APPARENT INJURY,"RAIN, SNOW, WET",NOT DISTRACTED,MD,5DD095C1-0C33-4EA1-B907-98E8EB3A3531,FUNCTIONAL,TWELVE OCLOCK,PASSENGER CAR,SLOWING OR STOPPING,South,30,2020,TOYOTA
MCP2269002M,230060438,Montgomery County Police,Property Damage Crash,10/14/2023 1:30,OTHER,C2869F57-67AC-4DDD-887D-6E27DD7E6AE3,Yes,NO APPARENT INJURY,N/A,UNKNOWN,,26A5CB8E-889F-4C25-91AF-CC88270723A4,DISABLING,SIX OCLOCK,PASSENGER CAR,BACKING,Unknown,0,2011,MB
MCP29600008,15020927,Montgomery County Police,Property Damage Crash,5/3/2015 14:10,UNKNOWN,9FE20EF9-C351-43CF-B032-D1219DFBAEDC,Yes,NO APPARENT INJURY,N/A,UNKNOWN,MD,5414784F-55C2-48CD-A0DF-6399CE74915B,UNKNOWN,UNKNOWN,PASSENGER CAR,UNKNOWN,Unknown,0,0,HONDA
MCP2703003C,230063124,Montgomery County Police,Property Damage Crash,10/28/2023 20:23,STRAIGHT MOVEMENT ANGLE,45A27C09-7FFF-47F9-97C7-2100BD86EE8C,Yes,NO APPARENT INJURY,N/A,LOOKED BUT DID NOT SEE,TN,8722FAEE-C490-4E51-B06E-4050B1BD4312,SUPERFICIAL,TWELVE OCLOCK,PASSENGER CAR,ACCELERATING,North,35,2023,TESLA
MCP32260045,230034764,Montgomery County Police,Property Damage Crash,7/21/2023 15:28,SAME DIR REAR END,FB87E3AE-B2AE-4EEC-BFCB-21B3CACE0BD1,No,NO APPARENT INJURY,N/A,NOT DISTRACTED,MD,FD04CB26-20CD-4C53-8002-B8529400E3EE,FUNCTIONAL,SIX OCLOCK,PASSENGER CAR,STOPPED IN TRAFFIC LANE,West,40,2010,HONDA
MCP34040008,230072041,Montgomery County Police,Property Damage Crash,12/16/2023 10:10,SAME DIRECTION RIGHT TURN,501D606A-85B6-4D68-9AE9-2E8004C42569,No,NO APPARENT INJURY,N/A,NOT DISTRACTED,MD,100F8A3A-3000-462F-99DD-5BF6A7C33CEC,FUNCTIONAL,TEN OCLOCK,PASSENGER CAR,MOVING CONSTANT SPEED,North,35,2015,NISSAN
MCP32260046,230035067,Montgomery County Police,Injury Crash,7/23/2023 15:07,STRAIGHT MOVEMENT ANGLE,CA33467F-B2CC-4BB3-8AA7-739763177BF6,Yes,POSSIBLE INJURY,N/A,LOOKED BUT DID NOT SEE,MD,BD0958A9-E0B9-4A3D-B962-8D8F9D3B58E2,DESTROYED,THREE OCLOCK,PASSENGER CAR,MOVING CONSTANT SPEED,South,45,2018,CHEV
MCP30900072,230048142,Montgomery County Police,Property Damage Crash,8/6/2023 10:15,SAME DIR REAR END,98A0252B-5F3E-4DA7-88C1-3AFAE81FEF0C,Yes,NO APPARENT INJURY,"RAIN, SNOW, WET",NOT DISTRACTED,MD,324DC2EC-6980-45A6-8BD9-54E7F390FEC5,FUNCTIONAL,TWELVE OCLOCK,PASSENGER CAR,MOVING CONSTANT SPEED,North,35,2004,TOYOTA
MCP23350021,230052539,Montgomery County Police,Property Damage Crash,8/30/2023 23:30,SAME DIR REAR END,D411E8E1-9A05-48A4-AAEB-E4A869605FA7,Yes,NO APPARENT INJURY,N/A,NOT DISTRACTED,,1C87FFD7-E9C0-4E53-B212-505A541C4D66,FUNCTIONAL,TWELVE OCLOCK,PASSENGER CAR,MOVING CONSTANT SPEED,West,25,0,TOYT
MCP29620085,230054257,Montgomery County Police,Property Damage Crash,9/11/2023 14:37,SAME DIRECTION SIDESWIPE,E29C244F-1286-48BA-BA57-5F9F5E8C0E4E,Yes,NO APPARENT INJURY,N/A,LOOKED BUT DID NOT SEE,MD,C2F5F2F1-57B8-401D-988F-FECED504DC0F,DISABLING,NINE OCLOCK,PASSENGER CAR,CHANGING LANES,South,45,2011,ACURA
MCP3347001K,230071848,Montgomery County Police,Property Damage Crash,12/15/2023 8:47,SAME DIR REAR END,221B4B61-8391-4F17-B295-81F36A17FAAB,Yes,NO APPARENT INJURY,N/A,LOOKED BUT DID NOT SEE,MD,1B88B54B-03FD-49ED-90E9-66AF5BE286C7,FUNCTIONAL,TWELVE OCLOCK,PASSENGER CAR,MOVING CONSTANT SPEED,West,25,2013,MERZ
DD5610008K,230067763,Rockville Police Departme,Property Damage Crash,11/22/2023 8:38,SAME DIRECTION LEFT TURN,8BC970F9-157F-4C8F-8122-7F55B62C85A6,No,NO APPARENT INJURY,N/A,NOT DISTRACTED,MD,411EA177-2C82-435D-96DC-86096E541141,FUNCTIONAL,FIVE OCLOCK,POLICE VEHICLE/EMERGENCY,MOVING CONSTANT SPEED,South,10,2022,FORD
EJ7871006W,230063861,Gaithersburg Police Depar,Property Damage Crash,11/1/2023 20:50,SAME DIRECTION RIGHT TURN,467F1F64-D805-475A-9364-36B2EA200B2F,No,NO APPARENT INJURY,N/A,NOT DISTRACTED,MD,17B2696C-4F57-45EA-9C01-EB57A1C270A6,DISABLING,ELEVEN OCLOCK,PASSENGER CAR,MOVING CONSTANT SPEED,East,30,2015,TOYOTA
MCP24200055,230055680,Montgomery County Police,Property Damage Crash,9/19/2023 7:36,SAME DIR REAR END,7C7B9373-373B-4C8B-84E2-C404BF39AB8F,No,NO APPARENT INJURY,N/A,NOT DISTRACTED,MD,D99CCF34-027A-4C6C-BD0E-53DEB3DF0764,SUPERFICIAL,SIX OCLOCK,PASSENGER CAR,STOPPED IN TRAFFIC LANE,South,40,2019,FORD
MCP32070039,230046670,Montgomery County Police,Property Damage Crash,7/28/2023 15:54,SAME DIRECTION SIDESWIPE,C578D75E-F9A2-4BCC-B611-546519048FDD,Yes,NO APPARENT INJURY,N/A,NOT DISTRACTED,,4C09BEDA-EA92-4994-B673-5E01C315BBF9,SUPERFICIAL,TEN OCLOCK,PASSENGER CAR,CHANGING LANES,South,45,2014,HYUNDAI
MCP32850021,230034826,Montgomery County Police,Property Damage Crash,7/21/2023 22:38,SAME DIR REAR END,33A86402-B10E-47CF-BA4F-82437F720A14,Yes,NO APPARENT INJURY,N/A,UNKNOWN,MD,C7F77730-A9E0-435F-A426-FE990D132E82,DISABLING,TWELVE OCLOCK,PASSENGER CAR,MOVING CONSTANT SPEED,North,35,2020,TOYTOA
EJ7871006T,230062804,Gaithersburg Police Depar,Property Damage Crash,10/26/2023 23:38,SINGLE VEHICLE,19BD2966-F511-4AE7-A97A-40C290AD70A1,Yes,NO APPARENT INJURY,N/A,LOOKED BUT DID NOT SEE,MD,3C346625-8ED7-40ED-BAE1-D3FD5B49C2CA,DISABLING,TWELVE OCLOCK,PASSENGER CAR,MOVING CONSTANT SPEED,North,25,2008,NISSAN
MCP3305002H,230050007,Montgomery County Police,Property Damage Crash,8/17/2023 22:02,SAME DIR BOTH LEFT TURN,BE1DE742-DE4F-4F90-9CB9-77F245F8DEBA,Yes,NO APPARENT INJURY,N/A,UNKNOWN,,006BCD95-3794-4B37-BF9B-6D58D32D821F,UNKNOWN,ONE OCLOCK,PASSENGER CAR,UNKNOWN,East,0,2007,TOYOTA
MCP21020048,230052137,Montgomery County Police,Property Damage Crash,8/30/2023 7:12,SAME DIRECTION SIDESWIPE,F5F87B16-AB77-4C86-A292-49C1B96C47E1,No,NO APPARENT INJURY,N/A,NOT DISTRACTED,MD,9D309E3C-2112-4249-BC6B-E70BEAE9D990,SUPERFICIAL,TEN OCLOCK,PASSENGER CAR,MOVING CONSTANT SPEED,North,50,2013,HONDA
MCP3312003W,230048710,Montgomery County Police,Injury Crash,8/10/2023 10:30,HEAD ON LEFT TURN,76C6A31E-D305-4850-90F2-B0EBACD43C31,Yes,POSSIBLE INJURY,N/A,LOOKED BUT DID NOT SEE,MD,5D2DD6A5-D8CA-46A6-BC22-FD8C498C8F88,DISABLING,TWELVE OCLOCK,PASSENGER CAR,MAKING LEFT TURN,East,40,2016,NISSAN
MCP27230089,230073859,Montgomery County Police,Property Damage Crash,12/23/2023 17:40,SAME DIRECTION SIDESWIPE,928ADA3D-A511-4441-8B15-F26F99F5F100,No,NO APPARENT INJURY,N/A,NOT DISTRACTED,MD,09172276-4622-437C-B77E-F4440D8E471A,SUPERFICIAL,ELEVEN OCLOCK,PASSENGER CAR,STOPPED IN TRAFFIC LANE,East,20,2019,CHEVROLET
MCP295400DL,230049818,Montgomery County Police,Property Damage Crash,8/16/2023 18:46,OTHER,2DEDEB6E-5D5C-45AD-8CA2-A968CD290354,Yes,NO APPARENT INJURY,N/A,UNKNOWN,,8757C5C1-2254-4C46-AA53-ABFE846A7412,SUPERFICIAL,SIX OCLOCK,PASSENGER CAR,BACKING,North,0,0,UNKNOWN
EJ7898000N,230048068,Gaithersburg Police Depar,Property Damage Crash,8/6/2023 12:35,SINGLE VEHICLE,A7CE71DE-2F7F-4F5E-A0B5-695FB096C9E6,Yes,NO APPARENT INJURY,N/A,LOOKED BUT DID NOT SEE,MD,6870DF08-6B1F-4A72-AD82-37FF16311CBB,SUPERFICIAL,TWELVE OCLOCK,PASSENGER CAR,ACCELERATING,North,15,2012,HYUN
MCP3226004D,230053317,Montgomery County Police,Property Damage Crash,9/5/2023 17:23,SAME DIR REAR END,42D356D9-BDD3-49D8-A728-C45954CB2950,Yes,NO APPARENT INJURY,N/A,LOOKED BUT DID NOT SEE,MD,595B9999-1D74-4297-8941-4EEA67BAC477,DISABLING,TWELVE OCLOCK,PASSENGER CAR,SLOWING OR STOPPING,East,40,2016,CHEV
MCP2952002J,16053798,Montgomery County Police,Property Damage Crash,10/18/2016 16:30,OTHER,7CE8C67A-3E46-4F38-8947-5D17E6BDE292,Yes,NO APPARENT INJURY,N/A,UNKNOWN,MD,114F48A0-BEA6-4C0D-A97F-4F57C18B8EB0,SUPERFICIAL,SIX OCLOCK,PASSENGER CAR,BACKING,Unknown,30,2012,KIA
MCP2269002P,230066643,Montgomery County Police,Property Damage Crash,11/16/2023 9:08,SAME DIRECTION SIDESWIPE,318DF75E-7E6D-4E03-BCEF-1F2F713BAFA5,No,NO APPARENT INJURY,N/A,NOT DISTRACTED,MD,93692813-4591-4446-9E2E-B75089877033,SUPERFICIAL,NINE OCLOCK,SCHOOL BUS,MOVING CONSTANT SPEED,West,45,2013,THOMAS
MCP3279002Q,230060930,Montgomery County Police,Injury Crash,10/16/2023 19:02,SINGLE VEHICLE,45C7DC2A-B869-4AF8-AAC9-B3DC62DDC316,Yes,NO APPARENT INJURY,N/A,UNKNOWN,MD,68E97FC4-4015-4B12-A490-5AD72E3499CF,UNKNOWN,TWELVE OCLOCK,PASSENGER CAR,MAKING RIGHT TURN,North,25,1999,TOYOTA
MCP31290088,230069773,Montgomery County Police,Property Damage Crash,12/4/2023 11:42,STRAIGHT MOVEMENT ANGLE,5AE8EB59-444F-4EE9-A20F-AB9F767259FB,No,NO APPARENT INJURY,N/A,LOOKED BUT DID NOT SEE,MD,D62DCFB8-C43D-4507-8BD2-106067BB55E3,FUNCTIONAL,TWELVE OCLOCK,PASSENGER CAR,MOVING CONSTANT SPEED,North,25,2007,NISS
MCP9301004M,230052639,Montgomery County Police,Property Damage Crash,9/1/2023 14:00,ANGLE MEETS RIGHT TURN,B4EC2C1E-F89B-494D-9428-A18FAD79C3C6,Yes,NO APPARENT INJURY,N/A,NOT DISTRACTED,MD,0C513A61-F0EB-4A5E-8512-02056340F387,FUNCTIONAL,FOUR OCLOCK,PICKUP TRUCK,MOVING CONSTANT SPEED,East,35,2000,PETE
MCP3221002P,230071172,Montgomery County Police,Property Damage Crash,12/11/2023 4:30,SAME DIR REAR END,F1B5629C-8DCF-4615-B0D5-90A22B1920B1,Yes,NO APPARENT INJURY,N/A,UNKNOWN,,AB59F169-F4C1-4873-A87D-1DAD63315688,SUPERFICIAL,SIX OCLOCK,PASSENGER CAR,BACKING,East,45,2015,NISSAN
MCP2425008B,16065410,Montgomery County Police,Property Damage Crash,12/21/2016 9:43,STRAIGHT MOVEMENT ANGLE,0CBC5E09-D48D-46F4-BB07-9B6606D8498F,No,NO APPARENT INJURY,N/A,NOT DISTRACTED,MD,922437ED-311D-4CCB-B823-3179700749AE,DISABLING,TWELVE OCLOCK,PASSENGER CAR,MOVING CONSTANT SPEED,North,25,2008,VOLKSWAGON
MCP2118001T,230069568,Montgomery County Police,Property Damage Crash,12/3/2023 0:06,SAME DIR REAR END,00B8773A-0A58-4DDE-B6FF-05804C23D503,No,NO APPARENT INJURY,"RAIN, SNOW, WET",NOT DISTRACTED,MD,1812CAB3-FDC5-47BA-86F3-E905B1310A17,DISABLING,SIX OCLOCK,POLICE VEHICLE/EMERGENCY,MOVING CONSTANT SPEED,North,45,2015,HYUNDAI
MCP12130086,230057152,Montgomery County Police,Property Damage Crash,9/27/2023 15:25,HEAD ON LEFT TURN,A650835A-2ABC-412D-9AAC-E915E14157B3,Yes,NO APPARENT INJURY,N/A,LOOKED BUT DID NOT SEE,MD,7E137B78-BA13-48AA-A216-4B7377D791C0,SUPERFICIAL,TWELVE OCLOCK,PASSENGER CAR,MAKING RIGHT TURN,West,10,2021,BMW
MCP2905005X,230054776,Montgomery County Police,Injury Crash,9/14/2023 8:35,SAME DIR REAR END,A42CC095-C86B-4FB2-9424-822CD5226057,No,POSSIBLE INJURY,N/A,NOT DISTRACTED,MD,FD3E65A1-D935-4BD1-8E57-0B143AB96A04,DISABLING,SIX OCLOCK,PASSENGER CAR,SLOWING OR STOPPING,South,35,2009,HONDA