Report Number,Local Case Number,Agency Name,ACRS Report Type,Crash Date/Time,Collision Type,Person ID,Driver At Fault,Injury Severity,Circumstance,Driver Distracted By,Drivers License State,Vehicle ID,Vehicle Damage Extent,Vehicle First Impact Location,Vehicle Body Type,Vehicle Movement,Vehicle Going Dir,Speed Limit,Vehicle Year,Vehicle Make
MCP3195004J,230064961,Montgomery County Police,Property Damage Crash,11/7/2023 17:39,HEAD ON,0389ADC5-8012-4512-A7DF-6B0F48D0E509,Yes,NO APPARENT INJURY,N/A,UNKNOWN,MD,6B8D9F92-7CE4-47FE-BF97-F93C4F97BBA6,SUPERFICIAL,TWELVE OCLOCK,PASSENGER CAR,MAKING RIGHT TURN,South,15,2015,TOYTOA
MCP33250025,230053487,Montgomery County Police,Property Damage Crash,9/6/2023 16:51,ANGLE MEETS LEFT TURN,5BFF87B3-807D-476D-A314-FC1C4C4B3F4D,Unknown,NO APPARENT INJURY,N/A,NOT DISTRACTED,MD,BDC4C9E7-64C0-4B2F-879A-42943A413174,DISABLING,FOUR OCLOCK,PASSENGER CAR,MAKING LEFT TURN,South,50,2014,HYUNDAI
MCP26350086,230051195,Montgomery County Police,Injury Crash,8/24/2023 23:00,HEAD ON LEFT TURN,03B6C74A-F9F4-4773-881F-B1F8DC207C9D,No,POSSIBLE INJURY,"N/A, WET",NOT DISTRACTED,MD,340B12BA-C5F2-4630-990B-7CA2D14B0009,DESTROYED,TWELVE OCLOCK,(SPORT) UTILITY VEHICLE,MOVING CONSTANT SPEED,South,40,2016,KIA
MCP2875007Z,230071773,Montgomery County Police,Property Damage Crash,12/14/2023 16:30,OPPOSITE DIRECTION SIDESWIPE,32C18DA5-DE64-4EA9-A91C-CABD1D95B2AD,Yes,NO APPARENT INJURY,N/A,UNKNOWN,MD,8FFB195D-3620-4405-A7EC-F913A21AC1AB,SUPERFICIAL,ONE OCLOCK,(SPORT) UTILITY VEHICLE,MAKING RIGHT TURN,South,0,2010,TOYOTA
MCP33280026,230032597,Montgomery County Police,Property Damage Crash,7/8/2023 18:41,SAME DIR REAR END,84DAC10A-D835-4DF8-A4BE-103465127E30,No,NO APPARENT INJURY,N/A,NOT DISTRACTED,MD,3A10E209-062A-4B6A-B6A3-6F503F1D8124,SUPERFICIAL,SIX OCLOCK,PASSENGER CAR,STOPPED IN TRAFFIC LANE,South,35,2006,FORD
MCP2392000J,230070345,Montgomery County Police,Property Damage Crash,12/8/2023 8:30,SAME DIRECTION RIGHT TURN,D641E849-EDF0-4694-AC3D-8437B242E3F1,No,NO APPARENT INJURY,N/A,NOT DISTRACTED,MD,DCC6BB12-E3C3-423C-AB73-B14D819972C9,SUPERFICIAL,SEVEN OCLOCK,SCHOOL BUS,PARKED,,5,2012,THOM BU
MCP3279002Y,230072070,Montgomery County Police,Injury Crash,12/16/2023 15:26,SAME DIR REAR END,D69316C6-CDAC-4307-A449-4B8CAF82F89C,No,SUSPECTED MINOR INJURY,N/A,NOT DISTRACTED,MD,DDF8A17B-1740-43BE-8D98-ED593DE07913,SUPERFICIAL,SEVEN OCLOCK,PASSENGER CAR,STOPPED IN TRAFFIC LANE,North,30,2013,FORD
MCP2513003B,230060610,Montgomery County Police,Property Damage Crash,10/16/2023 2:46,OTHER,A3A0A3BF-320E-4C63-94A6-E89E2915619A,Yes,NO APPARENT INJURY,N/A,UNKNOWN,MD,3E7B25A9-6D45-4272-8A72-3C33FF8568C5,UNKNOWN,SIX OCLOCK,PASSENGER CAR,BACKING,North,15,2020,TOYT
MCP3170003H,230056015,Montgomery County Police,Property Damage Crash,9/20/2023 21:09,OTHER,3A0D9F43-E5C1-4DD0-BF9F-2620BA163F04,Yes,NO APPARENT INJURY,N/A,UNKNOWN,,6D943780-5F05-4D34-BA3F-E50A988C3FC8,UNKNOWN,UNKNOWN,,UNKNOWN,Unknown,0,0,UNKNOWN
MCP91180044,230050807,Montgomery County Police,Property Damage Crash,8/23/2023 1:19,SAME DIRECTION SIDESWIPE,E428AAA2-653F-4A4F-B6BD-2720F923BB51,No,NO APPARENT INJURY,N/A,UNKNOWN,MD,60B83381-F855-41EE-9F39-19BA39D11DB5,DISABLING,TWELVE OCLOCK,PASSENGER CAR,MOVING CONSTANT SPEED,West,35,2018,HONDA
MCP2708008H,230066542,Montgomery County Police,Injury Crash,11/15/2023 17:30,HEAD ON LEFT TURN,C9E159C1-4AE4-467F-BC14-95DFF765887F,No,NO APPARENT INJURY,N/A,NOT DISTRACTED,MD,783D1F1C-D54E-4886-814E-253955A3E6CF,DISABLING,TWELVE OCLOCK,PASSENGER CAR,MOVING CONSTANT SPEED,North,40,2017,HONDA
MCP29050063,230067233,Montgomery County Police,Property Damage Crash,11/19/2023 12:19,SAME DIRECTION SIDESWIPE,474DC9C6-6C03-48F7-A599-AB618F9A476B,Yes,NO APPARENT INJURY,N/A,NOT DISTRACTED,VA,B2CB0D22-7F8C-403F-9AF4-B097A2EA777A,DISABLING,ELEVEN OCLOCK,PICKUP TRUCK,MAKING RIGHT TURN,East,35,2013,FORD
MCP12350051,230063854,Montgomery County Police,Property Damage Crash,11/1/2023 20:00,SAME DIRECTION SIDESWIPE,17803128-1CDB-4404-BEBE-0FA0495C8887,No,NO APPARENT INJURY,N/A,NOT DISTRACTED,MD,76299E4D-158E-4C05-99CA-04D4FECBE8B6,SUPERFICIAL,NINE OCLOCK,PASSENGER CAR,STOPPED IN TRAFFIC LANE,South,40,2018,CHEVROLET
MCP28980045,230055140,Montgomery County Police,Injury Crash,9/15/2023 20:27,STRAIGHT MOVEMENT ANGLE,285921EB-DDE2-4A8A-B99E-E130C59A0D65,Yes,POSSIBLE INJURY,N/A,LOOKED BUT DID NOT SEE,MD,E4D3E4D5-835F-4574-ACE8-7FEDEF0754E6,DISABLING,ONE OCLOCK,SNOWMOBILE,MAKING LEFT TURN,North,40,2015,FORD
MCP2766002W,16055174,Montgomery County Police,Property Damage Crash,10/26/2016 7:27,ANGLE MEETS LEFT TURN,DC8BC176-A32D-43A8-9A70-84AFF27D85A7,No,NO APPARENT INJURY,N/A,NOT DISTRACTED,MD,30E83D1F-E707-459E-9E34-532235D880B8,FUNCTIONAL,TWELVE OCLOCK,PICKUP TRUCK,MOVING CONSTANT SPEED,North,45,1998,DODGE
MCP2651001X,180007056,Montgomery County Police,Property Damage Crash,2/10/2018 14:00,OTHER,E768377A-F9DC-4754-84FD-FCFF316EEB5D,No,NO APPARENT INJURY,N/A,NOT DISTRACTED,MD,025C3FDB-946D-4087-828E-522C8805C817,SUPERFICIAL,FIVE OCLOCK,PASSENGER CAR,PARKING,South,0,2010,TOYOTA
MCP1563008V,230061243,Montgomery County Police,Property Damage Crash,10/18/2023 13:03,SAME DIRECTION RIGHT TURN,4622B436-1478-407F-A946-BC963611D4D5,No,NO APPARENT INJURY,N/A,NOT DISTRACTED,MD,4BAFC59F-B9F2-4764-A4EF-0F5DD2EAA1EE,FUNCTIONAL,THREE OCLOCK,AMBULANCE/EMERGENCY,MAKING RIGHT TURN,North,25,2018,FREIGHTLINER
MCP2723007F,230048091,Montgomery County Police,Property Damage Crash,8/6/2023 15:30,STRAIGHT MOVEMENT ANGLE,D81E16AA-B58C-46B6-A9EB-9E8FDB34BE52,Yes,NO APPARENT INJURY,N/A,UNKNOWN,XX,D3C92088-2F40-4E81-A2F7-4A6F4F0A99D0,FUNCTIONAL,TWELVE OCLOCK,PASSENGER CAR,MOVING CONSTANT SPEED,North,30,2005,TOYOTA
MCP3275001P,23003305,Montgomery County Police,Property Damage Crash,7/13/2023 15:43,STRAIGHT MOVEMENT ANGLE,BABB4B10-5182-40DF-A76F-A0180715718B,Unknown,NO APPARENT INJURY,N/A,UNKNOWN,MD,AE113401-CEEF-4868-A862-73879D5ED845,DESTROYED,THREE OCLOCK,PASSENGER CAR,MOVING CONSTANT SPEED,West,40,2012,CHEV
MCP30800048,230073367,Montgomery County Police,Property Damage Crash,12/23/2023 17:52,SAME DIRECTION LEFT TURN,BD8498CB-42C6-49AC-818F-735B99A85490,Yes,NO APPARENT INJURY,N/A,LOOKED BUT DID NOT SEE,MD,EF052DF7-BDF9-429C-B73A-5CB077CA4F18,FUNCTIONAL,TWELVE OCLOCK,PASSENGER CAR,MOVING CONSTANT SPEED,North,35,2012,NISSAN
MCP3080003X,230062968,Montgomery County Police,Property Damage Crash,10/27/2023 21:03,SAME DIRECTION LEFT TURN,053B461C-9FF3-4554-A4D2-DC7DBA76C059,Yes,NO APPARENT INJURY,N/A,UNKNOWN,,20A34496-5C43-44E2-B190-A691F5F6A866,UNKNOWN,UNKNOWN,PASSENGER CAR,MOVING CONSTANT SPEED,South,45,2011,HONDA
MCP3190005C,230056061,Montgomery County Police,Property Damage Crash,9/21/2023 9:53,SAME DIRECTION RIGHT TURN,0CE6E831-E7E6-46C6-8EBF-8C95F3D49E53,Yes,NO APPARENT INJURY,N/A,NOT DISTRACTED,MD,97ABFF95-5067-4B22-BB69-CF0BD4A300A4,DISABLING,SIX OCLOCK,PASSENGER CAR,CHANGING LANES,North,40,2017,SUBARU
MCP30370058,230049649,Montgomery County Police,Property Damage Crash,8/15/2023 14:14,SAME DIRECTION SIDESWIPE,8AF45430-F0DE-44E1-9774-863153EA5376,No,NO APPARENT INJURY,N/A,NOT DISTRACTED,MD,8725245E-2D63-4051-92B5-4A9BBF634047,SUPERFICIAL,TEN OCLOCK,PASSENGER CAR,PARKED,,55,2007,MERZ
MCP3353001F,230047468,Montgomery County Police,Property Damage Crash,8/2/2023 14:00,STRAIGHT MOVEMENT ANGLE,64F44FD4-5B04-4B27-9F52-BBAE2E4360DA,Yes,NO APPARENT INJURY,N/A,LOOKED BUT DID NOT SEE,MD,92552FA1-6FE6-4CC3-8879-B28791399CB5,FUNCTIONAL,TWELVE OCLOCK,PASSENGER CAR,MAKING LEFT TURN,North,30,2012,AUDI
DD559500F5,230062114,Rockville Police Departme,Property Damage Crash,10/23/2023 13:20,STRAIGHT MOVEMENT ANGLE,89BDF94F-EC93-4724-B978-98EF78B22452,Unknown,NO APPARENT INJURY,N/A,UNKNOWN,MD,437BC754-5BFB-4F91-A684-93DE0C008876,SUPERFICIAL,TEN OCLOCK,PASSENGER CAR,MAKING LEFT TURN,West,25,2004,ACURA
MCP33560014,230070700,Montgomery County Police,Property Damage Crash,12/8/2023 21:28,OTHER,A84CB63E-BF5A-41EA-9BD8-EF02AAFC1C9C,Yes,NO APPARENT INJURY,N/A,LOOKED BUT DID NOT SEE,MD,071C5FD4-C982-4738-A00E-F4B347D0CD68,DISABLING,TWELVE OCLOCK,PASSENGER CAR,MOVING CONSTANT SPEED,West,45,2013,TOYOTA
MCP3351001P,230065428,Montgomery County Police,Property Damage Crash,11/9/2023 17:30,STRAIGHT MOVEMENT ANGLE,E873E1D8-6E5C-414E-ABD3-499FDE7841CC,No,NO APPARENT INJURY,N/A,NOT DISTRACTED,MD,EC39057C-725E-4939-A98D-007DC4F4A9EB,DISABLING,TWELVE OCLOCK,PASSENGER CAR,MOVING CONSTANT SPEED,North,30,2017,NISS
MCP2832008W,230072318,Montgomery County Police,Injury Crash,12/18/2023 8:27,STRAIGHT MOVEMENT ANGLE,BE287053-D50E-4D67-8FB5-AD0D8FD67542,Yes,NO APPARENT INJURY,"N/A, WET",LOOKED BUT DID NOT SEE,MD,53CE1021-ED6B-4AFC-8343-1886D5111911,DISABLING,NINE OCLOCK,(SPORT) UTILITY VEHICLE,STARTING FROM LANE,West,30,2023,HYUN
MCP12100063,230049991,Montgomery County Police,Property Damage Crash,8/17/2023 14:22,SAME DIRECTION SIDESWIPE,A446B9E2-6FF0-461A-92C0-43AF4FC6EA82,Yes,NO APPARENT INJURY,N/A,UNKNOWN,MD,D2CBF77B-A708-4406-933D-B2A781F694AD,NO DAMAGE,FIVE OCLOCK,PASSENGER CAR,CHANGING LANES,North,55,2008,HONDA
MCP3190005H,230066000,Montgomery County Police,Injury Crash,11/13/2023 6:20,OTHER,23C8C911-2290-4F5E-95BB-C177D7E431B3,No,NO APPARENT INJURY,N/A,NOT DISTRACTED,MD,AAA6DF2F-A6BA-49C4-9ED9-800DC1C9BF8A,DISABLING,EIGHT OCLOCK,PASSENGER CAR,MOVING CONSTANT SPEED,South,40,2019,TOYOTA
MCP3267001Z,230055839,Montgomery County Police,Property Damage Crash,9/19/2023 20:30,SAME DIR REAR END,A50C7D2A-B30A-4B6D-A6F9-A4BAB0475BB1,No,NO APPARENT INJURY,N/A,NOT DISTRACTED,MD,0C7D1CD3-FB07-46EC-ABAA-2826D9161C72,SUPERFICIAL,SIX OCLOCK,TRANSIT BUS,SLOWING OR STOPPING,West,35,2017,GILG
MCP94320041,230059095,Montgomery County Police,Property Damage Crash,10/7/2023 10:20,SAME DIR REAR END,50D41BB3-7B83-426E-A3F0-6FC6AEDE3428,Yes,NO APPARENT INJURY,"RAIN, SNOW, WET",NOT DISTRACTED,MD,938B6417-BF58-4F62-8D5F-8BE39F14C4B4,UNKNOWN,TWELVE OCLOCK,PASSENGER CAR,MOVING CONSTANT SPEED,West,35,2014,BMW
MCP28130062,180062532,Montgomery County Police,Property Damage Crash,12/14/2018 18:30,ANGLE MEETS LEFT TURN,374A710B-8D9B-4B83-8B40-E9638A60229C,Yes,NO APPARENT INJURY,"RAIN, SNOW, WET",LOOKED BUT DID NOT SEE,MD,4CCC1892-D01B-44EF-9ADC-B5D43B43CE07,DISABLING,ONE OCLOCK,PASSENGER CAR,MAKING LEFT TURN,South,0,2002,MITS
MCP2686002J,180014202,Montgomery County Police,Property Damage Crash,3/22/2018 15:43,STRAIGHT MOVEMENT ANGLE,F4C2A3D8-D712-4D2E-BFC7-CD8D256A18F9,No,NO APPARENT INJURY,N/A,NOT DISTRACTED,MD,33F48713-9694-4C2F-A1CE-054CFE905222,DISABLING,ELEVEN OCLOCK,STATION WAGON,MAKING RIGHT TURN,East,30,2011,TOYT
MCP2674004B,230056384,Montgomery County Police,Injury Crash,9/22/2023 20:24,SAME DIR REAR END,95AB1177-FE40-4A9F-8894-A9FEAF50C8AD,Yes,NO APPARENT INJURY,N/A,NOT DISTRACTED,NY,2F216AAB-C4CF-4BCA-9C22-5529B7836F8C,SUPERFICIAL,TWELVE OCLOCK,PASSENGER CAR,SLOWING OR STOPPING,South,40,2011,CHEVY
MCP2728003T,170519114,Montgomery County Police,Property Damage Crash,7/14/2017 16:20,OTHER,C29498B1-B253-4C5D-9E02-ADE8497ABFED,Yes,NO APPARENT INJURY,N/A,LOOKED BUT DID NOT SEE,MD,E1E744D0-35A5-4A43-A450-91865FAB518E,UNKNOWN,UNKNOWN,PASSENGER CAR,BACKING,East,5,2014,NISSAN
MCP32320046,230052699,Montgomery County Police,Injury Crash,9/1/2023 19:16,HEAD ON LEFT TURN,6810F8D8-A735-4F07-BD75-3E61D2472EC9,Yes,POSSIBLE INJURY,N/A,LOOKED BUT DID NOT SEE,MD,0EEED668-8C56-4EC1-A5C4-D5604E3272D6,DISABLING,TWELVE OCLOCK,PASSENGER CAR,ACCELERATING,West,40,2005,GMC
MCP3009007C,230070626,Montgomery County Police,Property Damage Crash,12/8/2023 14:50,SAME DIR REAR END,86787EC9-DB98-4679-8C44-3D77CB6D82BE,No,NO APPARENT INJURY,"BACKUP DUE TO REGULAR CONGESTION, N/A",NOT DISTRACTED,MD,28BD9422-B356-4AF6-969A-FEF4E9D90F1E,FUNCTIONAL,SIX OCLOCK,(SPORT) UTILITY VEHICLE,STOPPED IN TRAFFIC LANE,South,40,2022,HONDA
MCP1433000S,16065113,Montgomery County Police,Property Damage Crash,12/19/2016 18:25,SAME DIR REAR END,8170D97C-1F2B-4420-A629-35601D927456,Yes,NO APPARENT INJURY,N/A,LOOKED BUT DID NOT SEE,MD,601D43BE-1E61-4774-B1FC-142C9881D3C8,FUNCTIONAL,ELEVEN OCLOCK,PASSENGER CAR,SLOWING OR STOPPING,West,0,2011,VOLKSWAGON
MCP285900FJ,230070026,Montgomery County Police,Property Damage Crash,12/5/2023 14:30,STRAIGHT MOVEMENT ANGLE,73CB8E86-0F8A-4893-BF20-0641A3E67A65,No,NO APPARENT INJURY,N/A,NOT DISTRACTED,MD,C35F04C3-0E32-4C88-B694-02FFF2087EEA,FUNCTIONAL,SIX OCLOCK,PASSENGER CAR,MAKING LEFT TURN,West,30,2018,VOLK
MCP24550068,230067698,Montgomery County Police,Injury Crash,11/21/2023 18:19,SAME DIR REAR END,56F4FFFB-3850-4241-AEC2-B896EDAE37FA,No,POSSIBLE INJURY,"RAIN, SNOW, WET",NOT DISTRACTED,MD,3FF0F453-1091-4FCC-AD73-A57C312D929E,FUNCTIONAL,SIX OCLOCK,PASSENGER CAR,SLOWING OR STOPPING,East,50,2020,CHEV
MCP33420015,230051564,Montgomery County Police,Property Damage Crash,8/26/2023 22:16,OTHER,19E404C3-D9C3-4FE4-B2B6-B3A7299F4E9D,Yes,NO APPARENT INJURY,N/A,UNKNOWN,MD,187C5D99-8B46-47A4-8B9C-C04186DCF8CB,DISABLING,ONE OCLOCK,VAN,MOVING CONSTANT SPEED,North,25,2017,TOYOTA
MCP3348000T,230049119,Montgomery County Police,Property Damage Crash,8/12/2023 15:41,OPPOSITE DIRECTION SIDESWIPE,59B79CEB-52EE-4DA5-88BA-0E194D0F0629,No,NO APPARENT INJURY,N/A,NOT DISTRACTED,MD,E208BD87-EDA4-4D77-A67B-C9AE606F7A52,SUPERFICIAL,FOUR OCLOCK,PASSENGER CAR,OTHER,North,10,2015,HONDA
MCP3009007F,230071703,Montgomery County Police,Property Damage Crash,12/14/2023 11:50,SAME DIRECTION LEFT TURN,ECB9473F-2F8B-4867-B7DF-2063950427DB,No,NO APPARENT INJURY,N/A,NOT DISTRACTED,MD,97023F2B-B838-434B-90EC-DFED6351AE11,SUPERFICIAL,ONE OCLOCK,PASSENGER CAR,MAKING LEFT TURN,South,40,2002,CHEVROLET
MCP2770003B,230046566,Montgomery County Police,Injury Crash,7/28/2023 7:35,SAME DIR REAR END,CD91B711-5521-499B-92F3-2FFFC7ECBE63,No,POSSIBLE INJURY,N/A,NOT DISTRACTED,MD,4CA06E46-9AE9-4628-8C20-C0BCBD3435B0,FUNCTIONAL,SIX OCLOCK,PASSENGER CAR,STOPPED IN TRAFFIC LANE,West,35,2016,ACURA
MCP2965001P,17012585,Montgomery County Police,Injury Crash,3/10/2017 8:44,SAME DIR REAR END,1F021698-2A42-483B-AC46-0938EDD534E8,Yes,NO APPARENT INJURY,"ICY OR SNOW-COVERED, SLEET, HAIL, FREEZ. RAIN",NOT DISTRACTED,MD,44B16877-79C1-46D6-B0BB-06A058AB1603,FUNCTIONAL,TWELVE OCLOCK,PICKUP TRUCK,SLOWING OR STOPPING,South,45,2016,CHEVROLET
MCP2919009H,230055102,Montgomery County Police,Injury Crash,9/15/2023 16:44,SAME DIR REAR END,9E5EEF80-5865-451D-9276-596D2F71A11B,Yes,POSSIBLE INJURY,N/A,LOOKED BUT DID NOT SEE,MD,B7942964-53B7-4F00-AE96-1735F2D16985,FUNCTIONAL,TWELVE OCLOCK,PASSENGER CAR,MOVING CONSTANT SPEED,South,40,2017,SUBARU
MCP2361002N,230047367,Montgomery County Police,Property Damage Crash,8/1/2023 19:43,SAME DIR REAR END,BC2151EB-4180-4A19-B4E7-01802E50F45A,No,NO APPARENT INJURY,N/A,NOT DISTRACTED,MD,BB180C0C-66F8-493B-8813-7A63E58681AF,SUPERFICIAL,SIX OCLOCK,PASSENGER CAR,STOPPED IN TRAFFIC LANE,South,35,2015,MAZD
MCP3230004M,230055274,Montgomery County Police,Property Damage Crash,9/16/2023 18:40,SAME DIR REAR END,DA50BF32-7DDC-4C11-96A6-9EC135279255,Yes,NO APPARENT INJURY,N/A,NOT DISTRACTED,,B6B1B94C-668F-49A8-B1DC-B698E96C3CE1,UNKNOWN,TWELVE OCLOCK,,MOVING CONSTANT SPEED,West,35,0,UNKNOWN
MCP3200009H,230057827,Montgomery County Police,Property Damage Crash,10/1/2023 10:52,SINGLE VEHICLE,A4681C33-07E3-4B3E-928E-6030D82BA000,Yes,NO APPARENT INJURY,N/A,UNKNOWN,MD,3C3A6E7C-D889-4599-B39B-BABD71BFC429,DISABLING,TWELVE OCLOCK,PASSENGER CAR,MAKING U TURN,West,5,2022,TOYOTA
MCP3145004B,230066957,Montgomery County Police,Property Damage Crash,11/17/2023 18:45,OTHER,A0C218ED-9DFF-4C33-B8EC-38A55C645673,No,NO APPARENT INJURY,N/A,NOT DISTRACTED,MD,EB17EFD8-218C-45F7-8667-48D5F6D05FDB,SUPERFICIAL,FIVE OCLOCK,SCHOOL BUS,STOPPED IN TRAFFIC LANE,West,35,2022,THOMAS
DD559500FG,230070952,Rockville Police Departme,Property Damage Crash,12/10/2023 16:08,SINGLE VEHICLE,36850555-3CFF-4468-93BF-BB32AD0A4ABB,Yes,NO APPARENT INJURY,"N/A, WET",UNKNOWN,MD,F00D0A3F-C2AD-4545-9505-ABFEEE5CB1CF,DISABLING,TWELVE OCLOCK,PASSENGER CAR,MAKING LEFT TURN,North,40,2021,KIA
MCP2686006S,230071736,Montgomery County Police,Property Damage Crash,12/14/2023 15:04,SAME DIRECTION SIDESWIPE,4800F785-7070-44A1-BDE2-81B9660E9388,No,NO APPARENT INJURY,N/A,NOT DISTRACTED,MD,5EBFEA6E-A3E0-476D-9217-6615921E318B,NO DAMAGE,TEN OCLOCK,SCHOOL BUS,SLOWING OR STOPPING,East,35,2015,THOM
MCP3243001R,230061490,Montgomery County Police,Property Damage Crash,10/19/2023 17:16,SAME DIRECTION LEFT TURN,D8A4BC4A-3E63-4AE2-920E-41AD465BC282,Yes,NO APPARENT INJURY,N/A,UNKNOWN,,C5252968-7344-4BB1-91DA-A144292A2C69,UNKNOWN,UNKNOWN,UNKNOWN,MAKING LEFT TURN,West,35,0,UNKNOWN
MCP3377000L,230055279,Montgomery County Police,Property Damage Crash,9/16/2023 18:59,OTHER,7382A229-6EDD-4E57-B5C9-4B03A8E3AB57,Yes,NO APPARENT INJURY,N/A,LOOKED BUT DID NOT SEE,MD,72848BDB-D426-496B-879A-80ACC7C92141,NO DAMAGE,SIX OCLOCK,PASSENGER CAR,BACKING,North,15,2012,SPAR
MCP33470016,230054288,Montgomery County Police,Injury Crash,9/11/2023 17:22,SAME DIR REAR END,59FAC1C8-60D6-4B68-B14B-60ED36F90039,No,POSSIBLE INJURY,N/A,NOT DISTRACTED,MD,28C6BD2A-5ED3-4F5F-BAF3-4CAE6D1E70A6,FUNCTIONAL,SIX OCLOCK,PASSENGER CAR,STOPPED IN TRAFFIC LANE,North,25,2018,HOND
MCP2899006R,230046837,Montgomery County Police,Injury Crash,7/29/2023 17:55,STRAIGHT MOVEMENT ANGLE,9B533FE1-C3F6-4061-9027-8B6A67678321,Yes,NO APPARENT INJURY,N/A,LOOKED BUT DID NOT SEE,MD,5D7B8E47-BF56-45DF-A586-E6497A571FA2,DISABLING,TEN OCLOCK,PASSENGER CAR,MAKING LEFT TURN,East,25,2020,HYUNDAI
MCP3280004F,230071615,Montgomery County Police,Injury Crash,12/14/2023 6:15,SAME DIR REAR END,E4E9A782-8D1A-4A00-94EB-CC21E5653543,Yes,SUSPECTED MINOR INJURY,N/A,UNKNOWN,MD,69281496-B8ED-419C-87A4-8E0F63D8A2E7,DESTROYED,TWELVE OCLOCK,POLICE VEHICLE/EMERGENCY,MOVING CONSTANT SPEED,South,50,2022,FORD
MCP9379004Y,230057429,Montgomery County Police,Property Damage Crash,9/29/2023 8:10,STRAIGHT MOVEMENT ANGLE,04AD6299-F7CE-44B8-A7C4-733F6DC51B2A,Yes,NO APPARENT INJURY,N/A,NOT DISTRACTED,MD,68F9302F-2E93-4BE3-B449-5E0CD0DBDE79,DISABLING,TWELVE OCLOCK,PASSENGER CAR,MOVING CONSTANT SPEED,East,40,2010,TOYT
MCP06170047,220029583,Montgomery County Police,Property Damage Crash,7/10/2022 10:38,OTHER,0F632ECD-E451-4794-932D-5D974885FC53,No,NO APPARENT INJURY,N/A,NOT DISTRACTED,XX,00652D64-539A-4A6E-9EF3-1395F09A2EF5,SUPERFICIAL,TWO OCLOCK,PASSENGER CAR,PARKED,,0,2011,TOYOTA
MCP2921004W,230062388,Montgomery County Police,Property Damage Crash,10/24/2023 20:20,OTHER,157B2861-3868-4371-BB86-62752C2D62F2,Yes,NO APPARENT INJURY,N/A,UNKNOWN,,3C0D338C-FB5A-4493-96B0-3B707EEB7F3F,UNKNOWN,SIX OCLOCK,PASSENGER CAR,BACKING,Unknown,5,2023,CHEVROLET
MCP9301004S,230061004,Montgomery County Police,Property Damage Crash,10/17/2023 8:40,OTHER,CAA8189F-1CF1-4D3A-86A8-1B01B773707F,Yes,NO APPARENT INJURY,N/A,LOOKED BUT DID NOT SEE,MD,8C720AB5-18A0-4043-87B1-1951389742F6,SUPERFICIAL,ONE OCLOCK,SCHOOL BUS,N/A,Unknown,10,2020,THMS
MCP2961004C,230051001,Montgomery County Police,Property Damage Crash,8/24/2023 5:30,HEAD ON LEFT TURN,6AAEC5E4-DED2-4440-A7C8-0FCE24A8D788,Yes,NO APPARENT INJURY,N/A,UNKNOWN,DC,AAAB9080-C2E2-4354-90EB-3B6AC1811D36,FUNCTIONAL,TWELVE OCLOCK,PASSENGER CAR,MAKING LEFT TURN,West,35,2003,TOYOTA
MCP2399007B,230066546,Montgomery County Police,Property Damage Crash,11/15/2023 17:22,SAME DIR REAR END,59E95B10-6005-433A-81A7-8BF41A4541F8,No,NO APPARENT INJURY,N/A,NOT DISTRACTED,MD,1D137EB4-CEC0-48C3-A8B1-0F8633A07CD2,FUNCTIONAL,SIX OCLOCK,(SPORT) UTILITY VEHICLE,STOPPED IN TRAFFIC LANE,West,40,2009,VOLK
MCP3292001S,230049684,Montgomery County Police,Property Damage Crash,8/16/2023 1:22,STRAIGHT MOVEMENT ANGLE,288E44AE-4BED-4F3E-B1C1-B8481877C7C4,Yes,NO APPARENT INJURY,N/A,UNKNOWN,,B6BFC0AB-9E6D-401A-9256-195891C0A9B8,FUNCTIONAL,TWELVE OCLOCK,PASSENGER CAR,MOVING CONSTANT SPEED,West,25,2017,KIA
MCP33760016,230062163,Montgomery County Police,Property Damage Crash,10/23/2023 16:45,SAME DIRECTION SIDESWIPE,88723778-97AF-409B-BEEE-4836DA2023D2,No,NO APPARENT INJURY,N/A,NOT DISTRACTED,MD,96D28D47-DF42-492D-854C-BEE93831BF3F,FUNCTIONAL,ELEVEN OCLOCK,PASSENGER CAR,STOPPED IN TRAFFIC LANE,West,35,2008,HOND
MCP2761004M,230053593,Montgomery County Police,Property Damage Crash,9/7/2023 9:18,SINGLE VEHICLE,A9FAEA91-8829-478B-BDCE-094C0295CF04,Yes,NO APPARENT INJURY,N/A,UNKNOWN,,DBE88DF7-6FDA-4414-850B-DCD2A476909E,DISABLING,ELEVEN OCLOCK,PASSENGER CAR,MOVING CONSTANT SPEED,West,35,2014,HONDA