Report Number,Local Case Number,Agency Name,ACRS Report Type,Crash Date/Time,Collision Type,Person ID,Driver At Fault,Injury Severity,Circumstance,Driver Distracted By,Drivers License State,Vehicle ID,Vehicle Damage Extent,Vehicle First Impact Location,Vehicle Body Type,Vehicle Movement,Vehicle Going Dir,Speed Limit,Vehicle Year,Vehicle Make
MCP3119000K,180022441,Montgomery County Police,Property Damage Crash,5/7/2018 14:41,SINGLE VEHICLE,B389A224-4A06-436B-9FC8-BF5585A33E77,Yes,NO APPARENT INJURY,N/A,OTHER CELLULAR PHONE RELATED,DE,35B15F7B-4DC3-4868-85E7-5EF2B3375975,DISABLING,ONE OCLOCK,VAN,MAKING RIGHT TURN,East,50,2003,HONDA
MCP2738004P,230046743,Montgomery County Police,Property Damage Crash,7/29/2023 2:52,STRAIGHT MOVEMENT ANGLE,77E2AB57-494A-448F-A5A3-7F8E3070E387,Yes,NO APPARENT INJURY,N/A,LOOKED BUT DID NOT SEE,MD,FA19424F-E659-4BAE-B65B-A364E15E06E7,DISABLING,TWELVE OCLOCK,PASSENGER CAR,MOVING CONSTANT SPEED,North,40,2019,MERCEDES
MCP3337001R,230052892,Montgomery County Police,Property Damage Crash,9/3/2023 4:26,HEAD ON,94091BCC-B8F2-4A67-9793-54E9BFE6E64F,Yes,NO APPARENT INJURY,N/A,OTHER DISTRACTION,MD,1EC0B33D-1D44-4313-9E9B-152EBBF974A6,DISABLING,TWELVE OCLOCK,POLICE VEHICLE/NON EMERGENCY,MOVING CONSTANT SPEED,West,25,2017,FORD
MCP3303001Q,230068611,Montgomery County Police,Property Damage Crash,11/27/2023 21:14,SINGLE VEHICLE,9B9ABE9B-6D02-40A4-9FF6-52AAA3AD801A,Yes,NO APPARENT INJURY,N/A,UNKNOWN,MD,A1F8DA8B-6283-4182-A86B-F41E7A327763,DISABLING,TWELVE OCLOCK,(SPORT) UTILITY VEHICLE,MAKING RIGHT TURN,South,40,2017,ACURA
MCP32960024,230065172,Montgomery County Police,Property Damage Crash,11/8/2023 15:29,SAME DIR REAR END,E7058CFC-FAEA-409D-8636-D1A6B5FD2E0A,No,NO APPARENT INJURY,N/A,NOT DISTRACTED,MD,4F0A2767-CC6D-49B4-95AC-5F513823FDFE,FUNCTIONAL,SIX OCLOCK,(SPORT) UTILITY VEHICLE,SLOWING OR STOPPING,North,50,2019,AUDI
MCP2950002Q,230060426,Montgomery County Police,Property Damage Crash,10/14/2023 1:59,SINGLE VEHICLE,D36BEF8F-8514-46DE-9885-F548C7E9BF0F,Yes,NO APPARENT INJURY,N/A,UNKNOWN,,A6D0A5EE-DAB3-42F7-A0D1-A731ADFE781C,DISABLING,TWELVE OCLOCK,PASSENGER CAR,MOVING CONSTANT SPEED,South,40,2005,SCION
MCP3403000C,230072794,Montgomery County Police,Injury Crash,12/20/2023 15:55,HEAD ON,45C078CE-4064-41BB-B9F4-F214B193EFC5,Yes,POSSIBLE INJURY,N/A,INATTENTIVE OR LOST IN THOUGHT,MD,ED7BEDDC-D33B-4E79-BC9C-D60D09972C28,DISABLING,TWELVE OCLOCK,(SPORT) UTILITY VEHICLE,MOVING CONSTANT SPEED,South,55,2012,NISSAN
MCP9365001V,230030221,Montgomery County Police,Injury Crash,6/24/2023 12:39,SAME DIR REAR END,6593C76A-AF80-4C4A-A44B-6AE3837159C0,No,NO APPARENT INJURY,N/A,NOT DISTRACTED,MD,500A519E-9193-4C07-8C41-033E3DF20D08,FUNCTIONAL,SIX OCLOCK,PASSENGER CAR,STOPPED IN TRAFFIC LANE,East,50,2008,HONDA
MCP2121002T,230056908,Montgomery County Police,Property Damage Crash,9/26/2023 8:21,SAME DIR REAR END,B85DC7E5-2C54-4BB8-9386-FD1F6CFB0987,Yes,NO APPARENT INJURY,"RAIN, SNOW, WET",NOT DISTRACTED,MD,2E9FF40E-E37C-42D1-83B8-737C8D6D4A72,DESTROYED,TWELVE OCLOCK,(SPORT) UTILITY VEHICLE,SLOWING OR STOPPING,East,25,2018,MERZ
EJ786600CV,230063103,Gaithersburg Police Depar,Property Damage Crash,10/28/2023 18:40,HEAD ON,D3B63AAA-1B1D-43C4-9DAA-9BA240416B06,No,NO APPARENT INJURY,N/A,NOT DISTRACTED,MD,329CDDF1-89E0-4FBC-9272-BDDABE592117,SUPERFICIAL,TWELVE OCLOCK,PASSENGER CAR,STOPPED IN TRAFFIC LANE,North,25,2021,HOND
MCP9392001L,230071191,Montgomery County Police,Property Damage Crash,12/11/2023 23:03,OPPOSITE DIRECTION SIDESWIPE,B0DAE8F3-8E54-4ED8-B1DC-F29FE8274F47,Yes,NO APPARENT INJURY,N/A,NOT DISTRACTED,XX,2FE6A813-1937-4646-BC06-FD8DD86FBD36,SUPERFICIAL,ELEVEN OCLOCK,PASSENGER CAR,MAKING U TURN,South,35,2016,HYUNDAI
MCP1400001G,230054325,Montgomery County Police,Property Damage Crash,9/11/2023 21:00,SAME DIRECTION RIGHT TURN,FCA745D2-2186-4577-AC50-6F4883CEF79B,No,NO APPARENT INJURY,N/A,NOT DISTRACTED,MD,0CAF318F-5A88-4A15-AEE2-125DADCE5C29,SUPERFICIAL,EIGHT OCLOCK,PASSENGER CAR,MOVING CONSTANT SPEED,South,50,2013,HONDA
MCP31380061,230064467,Montgomery County Police,Property Damage Crash,11/4/2023 23:38,SINGLE VEHICLE,CDC7DD88-9F5E-432A-AE20-2117A310CC0B,Yes,NO APPARENT INJURY,N/A,LOOKED BUT DID NOT SEE,MD,9C823972-F965-43EE-987B-9FFDD68772E9,DISABLING,TWELVE OCLOCK,(SPORT) UTILITY VEHICLE,ACCELERATING,North,15,2021,HONDA
MCP25390010,180039862,Montgomery County Police,Injury Crash,8/10/2018 23:09,SAME DIR REAR END,449AEB60-968D-4E55-AE20-9DB8134553B2,No,SUSPECTED MINOR INJURY,N/A,NOT DISTRACTED,VA,5A8C5DBB-A823-4911-A098-CA98BE6C6443,FUNCTIONAL,SIX OCLOCK,PASSENGER CAR,MOVING CONSTANT SPEED,South,35,2012,FORD
MCP3255002Y,220003139,Montgomery County Police,Injury Crash,1/24/2022 18:45,HEAD ON,E8DA1159-4A97-415D-B900-DD1EF918CE04,Yes,SUSPECTED MINOR INJURY,N/A,UNKNOWN,MD,421756F9-59F8-4F06-BB5C-1E0C218D3EA8,DISABLING,TWELVE OCLOCK,PASSENGER CAR,MAKING LEFT TURN,South,35,2017,TOYOTA
MCP913000GN,230054184,Montgomery County Police,Injury Crash,9/11/2023 8:07,STRAIGHT MOVEMENT ANGLE,B030BEB2-6DC0-4041-A797-3D2637394B90,Yes,NO APPARENT INJURY,N/A,NOT DISTRACTED,MD,B424EF31-E7D3-4A97-9285-C55BE074CD45,FUNCTIONAL,ELEVEN OCLOCK,PASSENGER CAR,MAKING LEFT TURN,East,30,2003,TOYOTA
MCP32670020,230056197,Montgomery County Police,Injury Crash,9/21/2023 21:45,SAME DIR REAR END,F7EA6380-9101-4842-AA84-1B7662DC69F8,No,NO APPARENT INJURY,N/A,NOT DISTRACTED,MD,E5EB61D5-3599-4732-AA40-5F2A3FF6940C,FUNCTIONAL,SIX OCLOCK,PASSENGER CAR,SLOWING OR STOPPING,West,35,2019,TOYT
MCP3290002N,230067042,Montgomery County Police,Injury Crash,11/18/2023 5:00,SAME DIRECTION SIDESWIPE,8F9D6FDB-90E5-474F-AD2F-6834B278D9E6,No,SUSPECTED MINOR INJURY,N/A,UNKNOWN,MD,E239CA46-9583-404B-A657-4CBCE2A467C9,FUNCTIONAL,ELEVEN OCLOCK,PASSENGER CAR,ACCELERATING,South,35,2016,FORD
MCP2940006W,230072059,Montgomery County Police,Injury Crash,12/16/2023 13:40,OTHER,FBA62ADF-E83A-40AA-A626-0DED44127BAA,No,NO APPARENT INJURY,N/A,NOT DISTRACTED,MN,369CB446-E6F6-45B0-90D9-852B1E8F90CB,DISABLING,TWELVE OCLOCK,PASSENGER CAR,MOVING CONSTANT SPEED,East,35,2016,FORD
MCP3227004S,230052703,Montgomery County Police,Property Damage Crash,9/1/2023 19:32,SAME DIR REAR END,48C066CF-FE28-473D-A04A-26E3A6AC4038,No,NO APPARENT INJURY,N/A,NOT DISTRACTED,MD,3A0B458C-0CC3-44A3-8235-571D3EAC142B,SUPERFICIAL,SIX OCLOCK,PASSENGER CAR,SLOWING OR STOPPING,East,55,2015,CHRYSLER
MCP3208004L,230047025,Montgomery County Police,Property Damage Crash,7/30/2023 21:12,SAME DIR REAR END,4DB68E3C-8D83-48F2-A5F4-4B3925253485,No,NO APPARENT INJURY,N/A,NOT DISTRACTED,VA,4A48AD38-7C6E-4A5D-A87E-D70781EC9C47,SUPERFICIAL,SIX OCLOCK,PASSENGER CAR,STOPPED IN TRAFFIC LANE,North,35,2013,VW
MCP28980049,230062325,Montgomery County Police,Property Damage Crash,10/24/2023 14:47,SAME DIR REAR END,3FEFA976-A812-4653-A536-55267E0DA3C3,No,NO APPARENT INJURY,N/A,NOT DISTRACTED,MD,6F80ECB9-00A7-4644-81D0-C04FA077DFE4,FUNCTIONAL,SIX OCLOCK,PASSENGER CAR,STOPPED IN TRAFFIC LANE,South,40,2015,HOND
MCP31050058,230071818,Montgomery County Police,Injury Crash,12/15/2023 0:36,STRAIGHT MOVEMENT ANGLE,656BA07F-AAD6-44ED-B719-236A0E97809B,Yes,NO APPARENT INJURY,N/A,LOOKED BUT DID NOT SEE,MD,71A40B13-5A60-4529-BF64-25FCA328B7B7,FUNCTIONAL,TWELVE OCLOCK,PASSENGER CAR,ACCELERATING,South,35,2010,TOYT
MCP2456007L,230034690,Montgomery County Police,Property Damage Crash,7/20/2023 17:00,SAME DIR REAR END,20FC71C7-966D-4CC4-B66C-E8D0E4A40001,Yes,NO APPARENT INJURY,N/A,UNKNOWN,MD,82DBF921-5094-42BE-BCF6-213A986FE2AC,FUNCTIONAL,TWELVE OCLOCK,PASSENGER CAR,MOVING CONSTANT SPEED,North,35,2014,TOYOTA
EJ7879003G,230052822,Gaithersburg Police Depar,Property Damage Crash,9/2/2023 16:20,OTHER,73D1039C-3AD9-4C76-A695-95E9588B466D,Yes,NO APPARENT INJURY,N/A,UNKNOWN,,5CE89EA0-733E-45A9-8468-CB1A444ACBFF,UNKNOWN,UNKNOWN,PASSENGER CAR,PARKING,Unknown,5,2015,ROV
MCP32640042,230057262,Montgomery County Police,Injury Crash,9/28/2023 10:40,STRAIGHT MOVEMENT ANGLE,8BE7F4D6-6B8A-4ED4-AD52-4923CB36597A,Yes,NO APPARENT INJURY,N/A,LOOKED BUT DID NOT SEE,MD,64E7F550-27A8-4F90-9901-605C8E09EBF7,FUNCTIONAL,TWELVE OCLOCK,PASSENGER CAR,MAKING U TURN,West,25,2006,NISSAN
MCP2622003S,230053791,Montgomery County Police,Injury Crash,9/8/2023 12:25,STRAIGHT MOVEMENT ANGLE,78B71C26-3B40-4062-961B-5BD039F2A7C6,Yes,NO APPARENT INJURY,N/A,LOOKED BUT DID NOT SEE,MD,F17DD01F-C5F0-408E-BB89-82284170E5F5,DISABLING,FOUR OCLOCK,PASSENGER CAR,MAKING LEFT TURN,North,45,2017,DODGE
MCP3276001D,210041629,Montgomery County Police,Injury Crash,10/14/2021 23:30,SINGLE VEHICLE,FBC1E34C-FA47-4FCB-9F8D-77F34954882C,Yes,SUSPECTED MINOR INJURY,"ANIMAL, N/A",LOOKED BUT DID NOT SEE,MD,904E3F15-7FC9-4B2B-99F0-112BD4F9C547,FUNCTIONAL,TWELVE OCLOCK,PASSENGER CAR,MOVING CONSTANT SPEED,North,45,2012,NISSAN
MCP2708008H,230066542,Montgomery County Police,Injury Crash,11/15/2023 17:30,HEAD ON LEFT TURN,83A537D8-C0A2-43BC-91D5-4F7CEEE2CC44,Yes,POSSIBLE INJURY,N/A,DISTRACTED BY OUTSIDE PERSON OBJECT OR EVENT,MD,B99E5B67-9420-434A-AAC2-32E5A016FFA4,DISABLING,TWELVE OCLOCK,PASSENGER CAR,MAKING LEFT TURN,South,40,2015,HYUN
MCP2620002J,230029153,Montgomery County Police,Injury Crash,6/17/2023 14:39,STRAIGHT MOVEMENT ANGLE,B0B9E208-2039-4092-9525-40DA3DC07713,No,SUSPECTED MINOR INJURY,N/A,NOT DISTRACTED,VA,E0378AC2-20EB-47E9-95C9-CD454AA0A5EE,DESTROYED,TWO OCLOCK,(SPORT) UTILITY VEHICLE,MOVING CONSTANT SPEED,North,35,2004,LEXUS
MCP289200FJ,230065197,Montgomery County Police,Property Damage Crash,11/8/2023 16:52,SAME DIRECTION SIDESWIPE,088CD816-2CFE-4F13-BB2D-A940D604476A,No,NO APPARENT INJURY,N/A,NOT DISTRACTED,DC,D0081131-6F0E-4926-BCF3-AE2117923746,SUPERFICIAL,TEN OCLOCK,PASSENGER CAR,MOVING CONSTANT SPEED,North,30,2007,CHEV
MCP1433004C,220039815,Montgomery County Police,Property Damage Crash,9/13/2022 16:00,ANGLE MEETS RIGHT TURN,08BFA82A-6E0E-4F67-9516-92C5D961CA19,Yes,NO APPARENT INJURY,N/A,LOOKED BUT DID NOT SEE,MD,F7C3C275-D7C7-4CAC-B035-F6E159EF3C47,DISABLING,NINE OCLOCK,(SPORT) UTILITY VEHICLE,MAKING RIGHT TURN,West,25,2017,SUBA
MCP209400N2,230069930,Montgomery County Police,Property Damage Crash,12/5/2023 9:04,SAME DIR REAR END,A5354873-4B93-4A10-B7AF-31A51261EF9F,Yes,NO APPARENT INJURY,N/A,UNKNOWN,MD,F6A9497A-C763-4738-96E7-9DDB3056E8E0,DISABLING,TWELVE OCLOCK,PASSENGER CAR,OTHER,West,25,2006,HONDA
MCP3227004Y,230061322,Montgomery County Police,Property Damage Crash,10/18/2023 19:55,STRAIGHT MOVEMENT ANGLE,294288FB-2698-4AEC-BAC1-4B42E1071936,No,NO APPARENT INJURY,N/A,NOT DISTRACTED,DC,085ED113-9773-421D-ACBC-0294446DEB31,DESTROYED,TWELVE OCLOCK,PASSENGER CAR,MOVING CONSTANT SPEED,South,35,2008,PORSCHE
MCP27300037,230023251,Montgomery County Police,Property Damage Crash,5/15/2023 8:30,OPPOSITE DIR BOTH LEFT TURN,1AE07713-1D51-483B-99FE-261A25E05332,Yes,NO APPARENT INJURY,N/A,NOT DISTRACTED,MD,C6D24576-08C2-4114-A0FD-D30B793D172B,NO DAMAGE,ELEVEN OCLOCK,SCHOOL BUS,MAKING LEFT TURN,South,0,2021,FRHT
MCP3220004H,230071527,Montgomery County Police,Property Damage Crash,12/13/2023 15:59,STRAIGHT MOVEMENT ANGLE,A33DFEB1-B9F0-4CED-8E88-B50A6F36C4A8,Unknown,NO APPARENT INJURY,N/A,UNKNOWN,MD,0CC653EE-BDB0-4937-AE27-358BF09DCC1F,FUNCTIONAL,TWELVE OCLOCK,PASSENGER CAR,MOVING CONSTANT SPEED,East,40,2011,TOYT
EJ7837007G,230070327,Gaithersburg Police Depar,Property Damage Crash,12/7/2023 8:00,SAME DIRECTION RIGHT TURN,639FBFFC-6EFF-48E8-8157-B5222DD7DDB4,Yes,NO APPARENT INJURY,N/A,DISTRACTED BY OUTSIDE PERSON OBJECT OR EVENT,MD,61ACB27D-33ED-41F8-8E6B-3444847614BB,DISABLING,FIVE OCLOCK,PASSENGER CAR,MAKING RIGHT TURN,North,35,2005,ACUR
MCP3176002H,230067731,Montgomery County Police,Injury Crash,11/21/2023 23:55,SAME DIRECTION SIDESWIPE,ABAA6BFE-3317-40FA-BEC2-4BE485684A5B,Yes,NO APPARENT INJURY,"N/A, WET",UNKNOWN,VA,7E69E574-7244-4187-BA91-7B5C41F5BCE8,DISABLING,FIVE OCLOCK,PASSENGER CAR,MOVING CONSTANT SPEED,West,60,2003,NISSAN
EJ78870030,230054559,Gaithersburg Police Depar,Property Damage Crash,9/13/2023 7:00,SAME DIR REAR END,FA466AB4-86C2-4FAD-998E-AC90CA035F29,Yes,NO APPARENT INJURY,N/A,INATTENTIVE OR LOST IN THOUGHT,MD,89A18FE7-B9F9-4DF0-9BAD-5A7234249AB9,DISABLING,TWELVE OCLOCK,(SPORT) UTILITY VEHICLE,MOVING CONSTANT SPEED,South,35,2018,CHEV
MCP285900DY,230062635,Montgomery County Police,Injury Crash,10/26/2023 9:50,HEAD ON LEFT TURN,6733C32E-AF9C-47F9-A297-2E442D4001DC,No,NO APPARENT INJURY,N/A,NOT DISTRACTED,MD,237A7821-6301-4D54-A8DE-DD3C5F7DF804,FUNCTIONAL,EIGHT OCLOCK,TRANSIT BUS,MOVING CONSTANT SPEED,West,30,2021,GILG
MCP28140044,230071098,Montgomery County Police,Property Damage Crash,12/11/2023 13:32,SAME DIRECTION SIDESWIPE,85B2204B-71E5-4165-8A5D-7F46960BEA52,No,NO APPARENT INJURY,N/A,NOT DISTRACTED,MD,6F7C2E5F-8B3C-4467-BB37-2B48F8D9E62D,SUPERFICIAL,ONE OCLOCK,PASSENGER CAR,MOVING CONSTANT SPEED,West,45,2012,FORD
MCP1148001P,170511535,Montgomery County Police,Injury Crash,6/3/2017 11:35,SAME DIR REAR END,8CB42EBD-8CDC-4E87-A804-2BB8ADC5F704,Yes,POSSIBLE INJURY,"N/A, ROAD UNDER CONSTRUCTION/MAINTENANCE",NOT DISTRACTED,WA,F662C341-CFC5-4299-BB53-24718F4045A2,NO DAMAGE,TWELVE OCLOCK,PASSENGER CAR,SLOWING OR STOPPING,North,25,2015,TOYOTA
MCP136600CF,230058047,Montgomery County Police,Property Damage Crash,10/2/2023 12:04,SAME DIR REAR END,CACC9242-D508-49AC-A098-457AC05C2DB1,Yes,NO APPARENT INJURY,N/A,NOT DISTRACTED,DC,F7A109AE-F1CA-4C1B-8639-4FA00EB01C59,FUNCTIONAL,TWELVE OCLOCK,OTHER,SLOWING OR STOPPING,South,30,2023,MERCEDES
MCP2187001M,230056982,Montgomery County Police,Property Damage Crash,9/26/2023 14:15,SAME DIR REND RIGHT TURN,E79C2F15-B414-483E-BDDC-C2FAF3526EF1,Yes,NO APPARENT INJURY,"N/A, WET",NOT DISTRACTED,MD,7CF97DFD-E5E1-4D91-A753-0C2D19F61874,NO DAMAGE,TWELVE OCLOCK,PASSENGER CAR,STARTING FROM LANE,West,30,2022,JEEP
MCP235300CH,230062880,Montgomery County Police,Property Damage Crash,10/27/2023 12:57,SAME DIRECTION SIDESWIPE,B2862680-BEF3-4335-B0D9-4C253FA104BC,No,NO APPARENT INJURY,N/A,NOT DISTRACTED,DC,6DFDD43A-BE0C-4D32-BD6A-B0169F1D16E3,NO DAMAGE,TEN OCLOCK,TRANSIT BUS,MOVING CONSTANT SPEED,South,30,2010,THOMAS
MCP3300002G,230065031,Montgomery County Police,Property Damage Crash,11/8/2023 3:40,SAME DIR REAR END,D2D4D87A-75B6-4555-8141-50EF6A53C889,Yes,NO APPARENT INJURY,N/A,UNKNOWN,MD,360D5BD2-53C1-4DE1-8B2E-6F86763013E9,DISABLING,TWELVE OCLOCK,(SPORT) UTILITY VEHICLE,SLOWING OR STOPPING,North,40,2018,HONDA
MCP3267001S,230034991,Montgomery County Police,Injury Crash,7/23/2023 1:10,STRAIGHT MOVEMENT ANGLE,0901DB56-CF86-4964-B384-9BD3C5434462,Yes,SUSPECTED SERIOUS INJURY,N/A,NOT DISTRACTED,MD,A84B1671-88B9-4D66-B627-36B752DE1592,DESTROYED,TWO OCLOCK,PASSENGER CAR,MAKING LEFT TURN,South,35,2012,TOYOTA
MCP28480039,16044642,Montgomery County Police,Injury Crash,9/1/2016 12:41,STRAIGHT MOVEMENT ANGLE,59DB889F-ECF6-45BC-AED2-249A9696C9AB,Yes,NO APPARENT INJURY,N/A,LOOKED BUT DID NOT SEE,VA,1D46544D-C45A-49B1-903D-04A46339704F,DISABLING,TWO OCLOCK,PASSENGER CAR,ACCELERATING,East,35,2015,TESLA
DM85000019,230072968,Takoma Park Police Depart,Property Damage Crash,12/21/2023 14:50,OTHER,303A11B8-08FC-4A37-A5C8-B51D042D0F8A,Unknown,NO APPARENT INJURY,N/A,UNKNOWN,DC,97E01165-4067-4868-8425-DDEFE1FCFB56,DESTROYED,NINE OCLOCK,PASSENGER CAR,PARKED,,25,2008,ACURA
DD5643000M,200013958,Rockville Police Departme,Property Damage Crash,3/25/2020 15:48,SAME DIRECTION RIGHT TURN,04B795A5-46A4-4908-9DD1-AA750642BFDA,Yes,NO APPARENT INJURY,"RAIN, SNOW, WET",LOOKED BUT DID NOT SEE,MD,5DAC07E6-2346-4D44-8545-4018D88A8153,DISABLING,ONE OCLOCK,VAN,CHANGING LANES,East,50,2017,RAM
MCP9442003C,230069104,Montgomery County Police,Injury Crash,11/30/2023 12:15,HEAD ON LEFT TURN,4E628DA7-D749-43A6-A7A1-7B408ACD24F3,No,POSSIBLE INJURY,N/A,NOT DISTRACTED,MD,FB80E6AC-5B2C-4383-9C2B-2CF13F2185C0,DISABLING,TWELVE OCLOCK,PASSENGER CAR,MOVING CONSTANT SPEED,West,35,2019,BUICK
MCP2564003M,230054684,Montgomery County Police,Property Damage Crash,9/13/2023 17:20,SAME DIRECTION SIDESWIPE,9C56B7FB-B5AC-4DDF-AEE5-49F47ABF9C28,Yes,NO APPARENT INJURY,N/A,UNKNOWN,,8ED1DEDF-88F0-4E9E-B3F6-48CAA58AB3A1,UNKNOWN,TEN OCLOCK,PICKUP TRUCK,CHANGING LANES,North,40,2023,FORD
MCP2412001Y,230049663,Montgomery County Police,Property Damage Crash,8/15/2023 19:40,SAME DIR REAR END,C3C1EF28-DCEE-4879-8466-D792680B7865,Yes,NO APPARENT INJURY,N/A,UNKNOWN,MD,4764F217-8BF5-4044-BAB4-C1F337AA2C25,SUPERFICIAL,ELEVEN OCLOCK,PASSENGER CAR,MOVING CONSTANT SPEED,South,40,2016,NISSAN
EJ7858008F,230067636,Gaithersburg Police Depar,Property Damage Crash,11/21/2023 14:34,OPPOSITE DIRECTION SIDESWIPE,10D52319-904B-4B40-9BB0-E42FEB1CD9B8,Yes,NO APPARENT INJURY,"RAIN, SNOW, WET",LOOKED BUT DID NOT SEE,MD,DFFAA5AC-2A78-4CFB-A65B-DFDF6994DCD6,SUPERFICIAL,ONE OCLOCK,PASSENGER CAR,MOVING CONSTANT SPEED,South,0,2019,FORD
MCP32770035,230050582,Montgomery County Police,Property Damage Crash,8/21/2023 17:32,STRAIGHT MOVEMENT ANGLE,BCF92946-85CD-43B6-9259-0D5A6B833553,Yes,NO APPARENT INJURY,N/A,UNKNOWN,MD,280A9773-62C2-4768-8EF8-03040A407320,DISABLING,THREE OCLOCK,PASSENGER CAR,MAKING LEFT TURN,South,35,2016,TOYT
MCP32510019,23006602,Montgomery County Police,Property Damage Crash,11/16/2023 2:09,SINGLE VEHICLE,31491D16-B842-45A6-8581-A612CD7FDE48,Yes,NO APPARENT INJURY,N/A,NOT DISTRACTED,MD,1564F8D1-0ED7-4E6A-B986-FE8CCCE6C418,DESTROYED,TWELVE OCLOCK,PASSENGER CAR,MOVING CONSTANT SPEED,North,40,2015,BMW
MCP23510056,230066207,Montgomery County Police,Injury Crash,11/14/2023 8:23,HEAD ON,A66D386B-46B6-4376-9A20-FBDD6221A612,Unknown,POSSIBLE INJURY,N/A,NOT DISTRACTED,MD,ADCA7EF9-1363-4AC1-9648-9410DD9C24F9,DISABLING,ELEVEN OCLOCK,PASSENGER CAR,MOVING CONSTANT SPEED,West,40,2023,PORS
MCP2738004Z,230057214,Montgomery County Police,Injury Crash,9/28/2023 1:30,SAME DIR REAR END,9BA86AF0-9F6D-4611-9B24-4A76F66A4865,Unknown,SUSPECTED MINOR INJURY,N/A,LOOKED BUT DID NOT SEE,MD,009A293E-FD41-45AD-8819-F519C0B0CEEE,DESTROYED,TWELVE OCLOCK,PASSENGER CAR,MOVING CONSTANT SPEED,North,50,2005,NISSAN
MCP3079005R,230064823,Montgomery County Police,Property Damage Crash,11/7/2023 6:11,SAME DIR REAR END,233E6230-A6A1-4629-BB61-6D6F33E2CB75,No,NO APPARENT INJURY,N/A,NOT DISTRACTED,MD,A0E4C923-88C6-45A8-BCA6-2423F36F3B3F,SUPERFICIAL,SIX OCLOCK,PASSENGER CAR,MOVING CONSTANT SPEED,South,45,2016,HONDA
MCP2466004N,230071512,Montgomery County Police,Injury Crash,12/13/2023 15:10,SAME DIR REAR END,A2C1740B-A81D-4245-9956-30EAD352DF87,Yes,POSSIBLE INJURY,N/A,UNKNOWN,MD,65F64B98-C651-41A1-8809-15244AAC0A71,DISABLING,TWELVE OCLOCK,PASSENGER CAR,MOVING CONSTANT SPEED,East,30,2006,TOYT
MCP29100029,16023785,Montgomery County Police,Injury Crash,5/13/2016 13:24,SAME DIR REAR END,E81F117A-A485-41ED-8ABF-A71D6D03C095,Yes,NO APPARENT INJURY,"SLEET, HAIL, FREEZ. RAIN, WET",NOT DISTRACTED,MD,8ED5A1C2-ED21-4B33-9691-1387CEC54B9F,FUNCTIONAL,TWELVE OCLOCK,"CARGO VAN/LIGHT TRUCK 2 AXLES (OVER 10,000LBS (4,536 KG))",SLOWING OR STOPPING,West,30,2014,FORD
MCP26780047,230055214,Montgomery County Police,Property Damage Crash,9/16/2023 11:43,HEAD ON LEFT TURN,35FBBBC9-7101-4589-A956-AC0DF4DD80D6,No,NO APPARENT INJURY,N/A,NOT DISTRACTED,VA,A0A40E6E-C27A-4B05-A5E3-6F4F3F4EE499,DISABLING,TWO OCLOCK,(SPORT) UTILITY VEHICLE,MAKING LEFT TURN,West,25,2010,JEEP
MCP0672001F,230048149,Montgomery County Police,Property Damage Crash,8/6/2023 22:46,SINGLE VEHICLE,8C566EEA-B814-4BC9-85BF-269F041340B6,Yes,NO APPARENT INJURY,"RAIN, SNOW, WET",NOT DISTRACTED,MD,2F8128A4-FADB-4E65-B33B-7639C35E5760,DISABLING,NON-COLLISION,PASSENGER CAR,SKIDDING,North,35,2020,HYUNDAI
EJ7886003B,230071182,Gaithersburg Police Depar,Property Damage Crash,12/11/2023 19:24,HEAD ON,E44ECEBE-6AB7-483E-B424-9318AB92B833,Yes,NO APPARENT INJURY,N/A,LOOKED BUT DID NOT SEE,MD,DB7B4E57-A7EC-41C9-9464-E447442DE29C,FUNCTIONAL,ONE OCLOCK,PASSENGER CAR,MAKING RIGHT TURN,South,15,2019,HONDA
MCP2162002Y,170550665,Montgomery County Police,Property Damage Crash,12/25/2017 17:33,OPPOSITE DIRECTION SIDESWIPE,21617E0D-B2AD-4E08-8265-17F5AEF79798,Yes,NO APPARENT INJURY,N/A,UNKNOWN,MD,EF26814C-1B6D-488F-9021-D9E151B7D0EE,FUNCTIONAL,ELEVEN OCLOCK,PASSENGER CAR,MOVING CONSTANT SPEED,South,35,2010,HONDA
MCP32640042,230057262,Montgomery County Police,Injury Crash,9/28/2023 10:40,STRAIGHT MOVEMENT ANGLE,B8893AB6-902A-449E-B6B6-D4D97F8B17FA,No,POSSIBLE INJURY,N/A,NOT DISTRACTED,DC,CA8020AA-D982-43FE-88CA-49E602D493AA,DISABLING,TWELVE OCLOCK,PASSENGER CAR,MOVING CONSTANT SPEED,East,25,2015,HONDA